id,name,0,1,2,3,4,5,6,7,8,9,10,11,12,13,14,15,16,17,18,19,20,21,22,23,24,25,26,27,28,29,30,31,32,33,34,35,36,37,38,39,40,41,42,43,44,45,46,47,48,49,50,51,52,53,54,55,56,57,58,59,60,61,62,63
407,no parking,0,0,0,0,0,0,0,0,0,0,0,0,0,0,0,0,0,0,0,0,0,5,11,0,0,0,0,0,0,0,0,0,0,0,0,0,0,9,11,0,0,0,26,0,0,0,0,0,0,0,0,0,0,0,0,0,0,0,1,0,0,0,0,0
52,no parking,618,610,353,0,0,16,6,0,0,0,0,0,0,0,0,0,176,57,0,0,39,401,71,0,0,4,4,0,0,0,0,0,940,108,0,0,8,405,71,0,0,27,216,0,0,0,0,0,0,0,0,0,0,0,0,0,0,0,0,0,0,0,0,0
615,no parking,0,37,0,0,0,2,0,0,0,0,0,0,0,0,0,0,2,4,0,0,0,28,13,0,0,0,0,0,0,0,0,0,0,0,0,0,0,50,67,0,0,0,94,6,0,0,0,0,0,0,0,0,0,0,0,0,0,0,6,5,0,0,0,22
1939,no parking,1166,2863,2,0,0,84,15,0,0,0,0,0,0,0,0,0,4535,51,0,0,472,1762,227,0,0,2,0,0,0,0,0,0,3,2,0,0,20,490,0,0,0,177,98,0,0,0,0,0,0,0,0,0,0,0,0,0,0,0,12,0,0,0,6,1
1939,no parking,56,0,0,0,0,0,0,0,0,0,0,0,0,0,0,0,15,6,0,0,2,20,0,0,0,0,0,0,0,0,0,0,0,0,0,0,0,0,0,0,0,0,0,0,0,0,0,0,0,0,0,0,0,0,0,0,0,0,0,0,0,0,0,0
1939,parking place,38,454,55,0,0,80,35,0,0,0,0,0,0,0,0,0,271,12,0,0,12,287,73,0,0,0,20,2,0,0,0,0,1,0,0,0,0,36,0,0,0,13,165,6,0,0,0,0,0,0,0,0,0,0,0,0,0,0,0,0,0,0,0,0
1055,no parking,0,13,39,0,0,0,5,0,0,0,0,0,0,0,0,0,0,1,0,0,0,8,20,0,0,0,3,0,0,0,0,0,5,24,0,0,0,63,33,0,0,0,43,36,0,0,0,11,0,0,0,0,0,0,0,0,0,0,2,0,0,0,0,0
476,no parking,0,0,0,0,0,0,31,128,0,0,0,0,0,0,0,0,0,0,0,0,0,14,35,0,0,0,3,21,0,0,0,0,8,46,0,0,0,191,32,0,0,0,86,74,0,0,0,35,0,0,0,0,0,14,8,0,0,0,40,19,0,0,0,115
476,parking place,0,0,0,0,0,0,16,17,0,0,0,0,0,0,0,0,0,0,0,0,0,0,26,8,0,0,0,16,0,0,0,0,0,0,0,0,0,0,0,0,0,0,4,34,0,0,0,11,0,0,0,0,0,0,0,0,0,0,0,0,0,0,0,0
2511,no parking,5,0,0,0,0,0,1,51,0,0,0,0,0,0,0,0,70,28,0,0,60,106,13,49,0,0,8,1028,0,0,0,3,8,2,0,0,7,184,29,0,0,111,106,587,0,0,1,113,1,0,0,0,2,1218,132,0,0,285,1010,61,0,0,60,1795
1704,no parking,7,4,0,0,0,3,0,0,0,0,0,0,0,0,0,0,1,0,0,0,5,6,2,0,0,0,1,0,0,0,0,0,0,0,0,0,0,2,0,0,0,11,30,0,0,0,0,0,0,0,0,0,0,0,0,0,0,0,0,0,0,0,0,0
1704,turn,267,65,9,0,0,125,773,0,0,0,0,0,0,0,0,0,42,0,0,0,54,95,24,0,0,3,36,0,0,0,0,0,0,0,0,0,0,60,1,0,0,79,248,2,0,0,0,0,0,0,0,0,0,0,0,0,0,0,1,0,0,0,5,1
3079,no parking,0,0,0,0,0,1,39,0,0,0,0,0,0,0,0,0,0,0,0,0,0,6,33,0,0,0,1,0,0,0,0,0,0,0,0,0,0,93,43,0,0,1,73,0,0,0,1,0,0,0,0,0,0,1,1,0,0,6,61,0,0,0,1,0
3079,parking place,0,37,42,0,0,99,262,0,0,0,0,0,0,0,0,0,0,0,0,0,0,17,152,0,0,0,31,0,0,0,0,0,0,0,0,0,0,1,1,0,0,0,162,8,0,0,0,0,0,0,0,0,0,0,0,0,0,0,0,0,0,0,0,0
3079,parking place,0,0,0,0,0,0,2,0,0,0,0,0,0,0,0,0,0,0,0,0,0,5,10,0,0,0,4,0,0,0,0,0,0,0,0,0,0,0,0,0,0,0,25,3,0,0,0,0,0,0,0,0,0,0,0,0,0,0,0,0,0,0,0,0
3016,no parking,533,150,1683,0,1,34,25,0,0,0,0,0,0,0,0,0,387,8,0,0,40,420,64,0,0,1,50,1,0,0,0,0,2293,13,0,0,5,337,18,0,0,63,961,2,0,0,2,1,0,0,0,0,0,0,0,0,0,0,11,1,0,0,4,12
3016,parking place,5,6,0,0,0,0,0,0,0,0,0,0,0,0,0,0,0,0,0,0,0,5,4,0,0,0,0,0,0,0,0,0,0,0,0,0,0,0,0,0,0,0,5,0,0,0,0,0,0,0,0,0,0,0,0,0,0,0,0,0,0,0,0,0
2510,no parking,47,6,79,0,2,4,4,0,0,0,0,0,0,0,0,0,48,12,0,0,5,63,27,0,0,0,0,0,0,0,0,0,56,1,0,0,1,30,1,0,0,2,4,0,0,0,0,0,0,0,0,0,0,0,0,0,0,0,2,0,0,0,2,3
1028,no parking,0,161,7,0,0,0,0,0,0,0,0,0,0,0,0,0,160,57,0,0,0,64,47,0,0,0,0,0,0,0,0,0,0,2,0,0,0,46,49,0,0,0,182,0,0,0,0,0,0,0,0,0,0,0,0,0,0,0,0,0,0,0,0,0
1996,no parking,70,15,0,0,16,0,0,0,0,0,0,0,0,0,0,0,21,13,0,0,180,198,4,0,23,34,0,789,0,0,0,0,0,0,0,0,0,79,3,0,15,157,71,30,0,9,5,32,0,0,0,0,0,0,0,0,0,2,0,4,0,0,51,1833
3002,no parking,0,0,0,0,0,0,0,0,0,0,0,0,0,0,0,0,0,0,0,0,0,12,381,0,0,0,62,0,0,0,0,0,0,0,0,0,0,0,2,0,0,0,1023,0,0,0,0,0,0,0,0,0,0,0,0,0,0,0,0,0,0,0,0,0
1272,no parking,0,13,299,0,0,5,51,0,0,0,0,0,0,0,0,0,3,0,0,0,0,5,68,0,0,0,10,0,0,0,0,0,435,40,0,0,3,253,51,0,0,8,457,0,0,0,0,0,0,0,0,0,0,1,0,0,0,0,0,0,0,0,0,0
2139,no parking,3,140,583,0,0,29,34,0,0,0,0,0,0,0,0,0,530,106,0,0,2,488,182,0,0,4,80,0,0,0,0,0,348,10,0,0,1,154,64,0,0,0,491,1,0,0,0,0,0,0,0,0,0,0,0,0,0,0,0,0,0,0,0,0
1424,no parking,353,1,0,0,0,0,686,5,0,0,0,0,0,0,0,0,22,2,0,0,115,268,117,0,0,0,51,0,0,0,0,0,0,0,0,0,0,752,0,0,0,590,287,0,0,0,0,0,0,0,0,0,0,0,0,0,0,0,0,0,0,0,0,0
1572,no parking,0,0,0,1,0,0,30,56,0,0,0,0,0,0,0,0,0,0,0,0,0,2,13,7,0,0,0,0,0,0,0,0,0,1,0,0,3,59,10,0,0,0,17,23,0,0,0,0,5,1,0,0,9,77,7,0,0,4,56,10,0,0,4,88
1190,no parking,0,0,0,0,0,3,29,0,0,0,0,0,0,0,0,0,0,0,0,0,0,48,276,0,0,0,3,0,0,0,0,0,0,0,0,0,0,0,19,0,0,0,1008,1,0,0,0,0,0,0,0,0,0,0,0,0,0,0,0,0,0,0,0,0
1190,no parking,0,1,61,3,0,0,263,34,0,0,0,0,0,0,0,0,0,0,0,0,0,0,39,9,0,0,14,16,0,0,0,0,0,0,0,0,0,0,0,0,0,0,530,475,0,0,3,97,0,0,0,0,0,0,0,0,0,0,0,3,0,0,0,12
1190,parking place,0,0,0,0,0,0,0,0,0,0,0,0,0,0,0,0,0,0,0,0,0,19,40,0,0,0,18,0,0,0,0,0,0,0,0,0,0,0,0,0,0,0,66,1,0,0,0,0,0,0,0,0,0,0,0,0,0,0,0,0,0,0,0,0
2225,no parking,0,0,0,0,0,0,0,0,0,0,0,0,0,0,0,0,0,1,0,0,0,7,19,0,0,0,0,0,0,0,0,0,0,0,0,0,0,0,19,0,0,0,15,3,0,0,0,0,0,0,0,0,0,0,0,0,0,0,0,2,0,0,0,0
2225,no parking,0,0,0,0,0,0,4,128,0,0,0,0,0,0,0,0,0,0,0,0,0,1,33,17,0,0,0,6,0,0,0,0,0,0,0,0,1,52,17,0,0,0,29,24,0,0,0,0,0,4,0,0,9,199,3,0,75,132,43,7,0,0,0,0
2225,parking place,74,12,2,0,0,13,1171,62,0,0,0,0,0,0,0,0,0,0,0,0,0,188,178,23,0,0,96,58,0,0,0,0,0,0,0,0,0,6,2,0,0,8,566,113,0,0,0,0,0,0,0,0,0,0,0,0,0,0,20,0,0,0,0,0
782,no parking,4,19,260,2,0,7,112,3,0,0,0,0,0,0,0,0,8,14,0,0,0,220,37,6,0,1,2,8,0,0,0,0,265,206,0,0,11,494,42,0,0,49,118,40,0,0,0,0,22,7,0,0,0,29,9,0,0,6,61,2,0,0,0,0
1502,no parking,81,76,388,0,7,12,28,0,0,0,0,0,0,0,0,0,148,22,0,0,22,252,47,0,0,0,13,0,0,0,0,0,553,10,0,0,3,208,41,0,0,20,130,2,0,0,0,0,0,0,0,0,0,1,0,0,0,0,4,0,0,0,0,0
1282,no parking,274,0,0,0,0,0,0,9,0,0,0,320,0,0,0,0,544,0,0,0,61,982,3,48,0,33,31,2272,0,0,0,1,0,0,0,0,0,104,2,0,0,56,181,94,0,0,1,127,0,0,0,0,0,3491,17,0,0,84,640,3,0,0,156,1296
1901,no parking,260,0,0,0,0,0,0,449,0,0,0,49,0,0,0,0,175,3,0,0,27,224,0,60,0,1,3,124,0,0,0,0,0,0,0,0,1,51,7,0,0,21,54,54,0,0,0,19,0,0,0,0,6,832,1,0,0,65,261,15,0,0,24,172
2388,no parking,103,403,218,0,0,11,10,0,0,0,0,0,0,0,0,0,360,53,0,0,0,167,66,0,0,1,3,3,0,0,0,0,539,22,0,0,2,192,70,0,0,8,389,4,0,0,0,0,0,0,0,0,0,49,1,0,0,3,11,0,0,0,0,0
482,no parking,458,47,1756,0,1,13,28,1,0,0,0,0,0,0,0,0,157,10,0,0,253,370,62,13,0,1,22,15,0,0,0,0,2429,62,0,0,39,279,29,0,0,43,926,134,0,0,1,0,0,0,0,0,0,3,11,0,0,0,130,4,0,0,10,1
16,no parking,17,103,57,0,5,3,0,0,0,0,0,0,0,0,0,0,42,11,1,0,25,98,28,0,0,1,0,0,0,0,0,0,95,30,0,0,9,151,28,0,0,49,11,0,0,0,2,0,0,0,0,0,0,0,0,0,0,0,1,0,0,0,1,0
2656,no parking,1763,48,0,0,0,4,896,0,0,0,0,0,0,0,0,0,890,573,0,0,15,622,3426,0,0,0,18,0,0,0,0,0,1050,6,0,0,2685,2903,133,0,0,139,1025,0,0,0,0,0,0,0,0,0,0,27,0,0,0,24,9,0,0,0,0,0
2656,parking place,34,2807,1895,0,0,110,110,0,0,0,0,0,0,0,0,0,0,15,0,0,0,201,407,0,0,0,170,0,0,0,0,0,0,0,0,0,0,0,1,0,0,0,1645,0,0,0,0,0,0,0,0,0,0,0,0,0,0,0,0,0,0,0,0,0
2005,no parking,955,85,0,0,3,68,0,0,0,0,0,0,0,0,0,0,120,39,0,0,311,1431,149,0,0,0,45,0,0,0,0,0,5,0,0,0,19,534,134,0,0,710,4382,723,0,0,0,1,0,0,0,0,0,22,0,0,0,326,3873,25,0,0,1696,4042
2353,no parking,28,10,1,0,1,4,252,149,0,0,0,0,0,0,0,0,31,44,0,0,8,237,26,2,0,0,15,16,0,0,0,0,262,199,0,0,1,122,46,0,0,14,139,72,0,0,0,0,0,0,0,0,0,0,0,0,0,0,15,3,0,0,2,3
3006,no parking,0,135,240,0,0,4,11,0,0,0,0,0,0,0,0,0,4,28,0,0,0,247,70,0,0,0,29,0,0,0,0,0,0,2,0,0,0,412,34,0,0,4,424,1,0,0,0,0,0,0,0,0,0,0,0,0,0,0,0,0,0,0,0,0
1789,no parking,239,0,0,0,24,0,0,0,0,0,0,0,0,0,0,0,9,0,0,0,82,213,0,0,0,3,0,0,0,0,0,0,0,0,0,0,0,253,0,0,0,199,679,0,0,0,0,0,0,0,0,0,0,0,0,0,0,0,0,0,0,0,0,0
1937,no parking,1001,10,1104,0,2,10,912,4,0,0,0,0,0,0,0,0,55,12,0,0,48,617,99,6,0,6,52,33,0,0,0,0,2585,9,0,0,37,414,4,0,0,126,1019,26,0,0,0,0,0,0,0,0,0,35,0,0,0,10,80,0,0,0,0,0
1937,no parking,0,42,0,0,0,1,0,0,0,0,0,0,0,0,0,0,1,33,0,0,0,61,26,0,0,0,0,0,0,0,0,0,0,2,0,0,0,18,10,0,0,0,44,0,0,0,0,0,0,0,0,0,0,0,0,0,0,0,0,0,0,0,0,0
2333,no parking,0,2,0,0,0,0,0,257,0,0,0,6,0,0,0,0,9,20,0,0,50,109,5,83,0,0,4,178,0,0,0,0,3,0,0,0,4,186,12,0,0,14,235,83,0,0,0,20,0,0,0,0,1,385,9,0,0,107,438,36,0,0,13,281
1633,no parking,0,61,112,0,0,1,6,0,0,0,0,0,0,0,0,0,48,86,1,0,1,178,90,4,0,0,7,0,0,0,0,0,70,12,0,0,0,160,39,2,0,0,243,1,0,0,0,0,0,0,0,0,0,2,1,0,0,0,0,0,0,0,0,0
1202,no parking,0,0,0,0,0,0,13,0,0,0,0,0,0,0,0,0,0,0,0,0,0,2,11,0,0,1,10,0,0,0,0,0,0,0,0,0,0,0,0,0,0,0,61,0,0,0,0,0,0,0,0,0,0,0,0,0,0,0,0,0,0,0,0,0
2493,no parking,0,0,0,0,0,0,94,129,0,0,0,0,0,0,0,0,0,0,0,0,0,32,99,7,0,0,32,9,0,0,0,0,0,0,0,0,0,81,16,0,0,80,432,12,0,0,0,0,0,0,0,0,0,55,3,0,0,46,231,0,0,0,18,0
224,no parking,0,9,0,0,0,0,0,0,0,0,0,0,0,0,0,0,0,11,0,0,0,11,0,0,0,2,2,0,0,0,0,0,0,0,0,0,0,0,0,0,0,0,0,0,0,0,0,0,0,0,0,0,0,0,0,0,0,0,0,0,0,0,0,0
1661,no parking,39,383,16,0,0,251,92,0,0,0,0,0,0,0,0,0,282,6,0,0,13,359,35,0,0,13,17,0,0,0,0,0,213,68,0,0,6,690,13,0,0,123,549,0,0,0,0,0,0,0,0,0,0,0,0,0,0,0,0,0,0,0,0,0
2872,no parking,141,332,43,0,0,14,2,0,0,0,0,0,0,0,0,0,481,173,0,0,18,284,65,0,0,0,0,0,0,0,0,0,0,36,0,0,0,81,38,0,0,0,55,0,0,0,0,0,0,0,0,0,0,0,0,0,0,0,0,0,0,0,0,0
31,no parking,0,0,0,0,0,1,152,2,0,0,0,0,0,0,0,0,0,0,0,0,0,0,21,0,0,0,17,1,0,0,0,0,185,7,0,0,15,101,1,0,0,5,234,16,0,0,0,0,11,0,0,0,0,5,0,0,0,0,34,2,0,0,0,0
2480,no parking,0,1,8,0,0,0,101,3,0,0,0,0,0,0,0,0,0,0,0,0,0,38,21,0,0,0,8,4,0,0,0,0,0,0,0,0,0,68,55,0,0,0,123,11,0,0,0,0,0,0,0,0,0,0,0,0,0,0,0,0,0,0,0,0
1839,no parking,0,43,502,0,0,30,295,0,0,0,0,0,0,0,0,0,0,1,0,0,6,35,181,1,0,0,13,0,0,0,0,0,459,186,0,0,251,708,215,1,0,71,954,0,0,0,0,0,0,0,0,0,0,0,0,0,0,0,0,0,0,0,0,0
1839,parking place,0,9,65,0,0,21,240,0,0,0,0,0,0,0,0,0,0,0,0,0,0,5,129,0,0,0,103,0,0,0,0,0,0,0,0,0,0,0,0,0,0,0,88,0,0,0,0,0,0,0,0,0,0,0,0,0,0,0,0,0,0,0,0,0
1936,no parking,666,34,762,0,9,14,59,0,0,0,0,0,0,0,0,0,152,9,0,0,27,140,62,0,0,0,36,1,0,0,0,0,975,1,0,0,25,285,14,0,0,58,145,2,0,0,0,0,0,0,0,0,0,0,0,0,0,2,2,0,0,0,0,0
631,no parking,0,7,0,0,0,0,3,978,0,0,0,0,0,0,0,0,0,10,0,0,0,61,48,29,0,0,3,20,0,0,0,0,0,0,0,0,0,1,18,0,0,0,83,58,0,0,0,23,4,12,0,0,102,1302,17,0,0,8,132,14,0,0,7,1572
1372,no parking,0,36,25,0,0,0,2,0,0,0,0,0,0,0,0,0,12,56,0,0,0,105,41,0,0,0,4,0,0,0,0,0,0,1,0,0,0,38,4,0,0,0,0,0,0,0,0,0,0,0,0,0,0,0,0,0,0,0,0,0,0,0,0,0
1372,no parking,41,345,396,0,0,45,18,0,0,0,0,0,0,0,0,0,654,95,0,0,2,598,195,0,0,0,76,0,0,0,0,0,6,0,0,0,0,68,60,0,0,0,105,0,0,0,0,0,0,0,0,0,0,0,0,0,0,0,0,0,0,0,0,0
1009,no parking,0,0,0,0,0,0,0,287,0,0,0,0,0,0,0,0,0,0,0,0,0,1,118,911,0,0,1,61,0,0,0,0,0,0,0,0,0,43,39,0,0,19,171,59,0,0,0,55,0,0,0,0,0,1564,23,0,0,66,381,17,0,0,42,2067
1009,parking place,0,0,0,0,0,0,16,168,0,0,0,0,0,0,0,0,0,0,0,0,0,1,96,71,0,0,3,33,0,0,0,0,0,0,0,0,0,0,0,0,0,0,22,88,0,0,0,26,0,0,0,0,0,0,0,0,0,0,0,0,0,0,0,317
1222,no parking,0,0,0,0,0,0,25,20,0,0,0,0,0,0,0,0,4,1,0,0,8,21,7,1,0,0,1,1,0,0,0,0,0,0,0,0,0,51,2,0,0,18,47,8,0,0,0,0,0,0,0,0,0,27,0,0,0,11,19,0,0,0,0,0
251,no parking,20,60,870,0,0,33,62,1,0,0,0,0,0,0,0,0,24,0,0,0,20,111,55,1,0,0,13,2,0,0,0,0,943,184,0,0,64,444,12,0,0,154,627,38,0,0,0,2,0,0,0,0,0,0,1,0,0,17,256,0,0,0,49,25
1968,no parking,0,0,0,0,0,0,3,7,0,0,0,0,0,0,0,0,0,0,0,0,0,0,0,0,0,0,0,1,0,0,0,0,0,0,0,0,0,13,5,0,0,0,7,17,0,0,0,0,0,0,0,0,0,0,1,0,0,0,11,4,0,0,0,12
1968,parking place,0,0,0,0,0,0,1,0,0,0,0,0,0,0,0,0,0,0,0,0,0,0,1,0,0,0,1,0,0,0,0,0,0,0,0,0,0,0,1,0,0,0,0,4,0,0,0,1,0,0,0,0,0,0,0,0,0,0,0,0,0,0,0,3
1968,parking place,32,46,0,0,0,46,20,1221,0,0,0,542,0,0,0,0,13,2,0,0,13,140,65,29,0,2,66,131,0,0,0,0,0,0,0,0,0,8,0,0,0,5,77,87,0,0,1,112,0,0,0,0,0,0,0,0,0,0,0,1,0,0,0,669
54,no parking,7,255,21,0,0,73,46,0,0,0,0,0,0,0,0,0,34,27,0,0,2,265,56,0,0,0,4,0,0,0,0,0,53,87,0,0,2,548,69,0,0,4,498,0,0,0,0,0,0,0,0,0,0,5,1,0,0,0,58,0,0,0,0,0
2151,no parking,0,0,0,0,0,0,47,136,0,0,0,0,0,0,0,0,0,0,0,0,0,0,77,9,0,0,10,36,0,0,0,0,0,0,0,0,0,119,4,0,0,32,137,53,0,0,0,0,0,0,0,0,0,311,1,0,0,45,291,10,0,0,206,36
471,no parking,0,0,0,0,0,0,0,194,0,0,0,3,0,0,0,0,0,0,0,0,0,0,6,22,0,0,0,32,0,0,0,0,0,0,0,0,0,90,26,0,0,0,27,72,0,0,0,11,0,3,0,0,0,178,18,0,0,0,108,31,0,0,0,301
471,no parking,0,0,0,0,0,0,0,0,0,0,0,0,0,0,0,0,0,0,0,0,0,0,29,1,0,0,2,0,0,0,0,0,0,0,0,0,0,0,0,0,0,0,10,6,0,0,0,1,0,0,0,0,0,0,0,0,0,0,0,0,0,0,0,0
471,parking place,0,7,94,0,0,10,27,1,0,0,0,0,0,0,0,0,0,0,0,0,0,3,48,14,0,0,6,18,0,0,0,0,0,0,0,0,0,0,0,0,0,0,15,25,0,0,0,20,0,0,0,0,0,0,0,0,0,0,0,0,0,0,0,1
895,no parking,0,0,0,0,0,0,19,2,0,0,0,0,0,0,0,0,0,3,0,0,0,63,118,7,0,0,0,2,0,0,0,0,0,0,0,0,0,36,49,0,0,1,89,7,0,0,0,0,0,0,0,0,0,0,0,0,0,0,15,1,0,0,3,10
1406,no parking,150,79,0,0,0,14,0,0,0,0,0,0,0,0,0,0,21,31,0,0,10,349,37,0,0,0,20,0,0,0,0,0,0,0,0,0,0,16,19,0,0,1,239,0,0,0,0,0,0,0,0,0,0,0,0,0,0,0,0,0,0,0,0,0
763,no parking,0,0,0,0,0,0,36,325,0,0,0,1,0,0,0,0,0,0,0,0,1,98,27,6,0,1,9,28,0,0,0,0,2,2,0,0,15,396,32,0,0,31,141,62,0,0,0,0,75,75,0,0,50,170,26,0,0,0,66,6,0,0,0,0
3058,no parking,0,48,46,0,0,2,10,0,0,0,0,0,0,0,0,0,36,30,0,0,4,75,28,0,0,0,7,0,0,0,0,0,27,19,0,0,0,62,18,0,0,0,50,0,0,0,0,0,0,0,0,0,0,0,0,0,0,0,0,0,0,0,0,0
3058,no stopping,0,0,0,0,0,0,0,0,0,0,0,0,0,0,0,0,0,0,0,0,0,11,1,0,0,0,0,0,0,0,0,0,0,0,0,0,0,17,27,1,0,2,52,20,0,0,0,0,0,0,0,0,0,0,1,0,0,0,31,1,0,0,1,4
3058,no stopping,15,26,279,0,0,14,51,0,0,0,0,0,0,0,0,0,239,59,0,0,6,191,104,6,0,0,25,3,0,0,0,0,324,59,0,0,0,162,89,0,0,63,77,0,0,0,1,1,0,0,0,0,0,0,0,0,0,0,0,0,0,0,2,10
3058,parking place,0,17,0,0,0,12,5,0,0,0,0,0,0,0,0,0,0,0,0,0,0,7,40,0,0,0,17,0,0,0,0,0,0,0,0,0,0,0,0,0,0,0,2,0,0,0,0,0,0,0,0,0,0,0,0,0,0,0,0,0,0,0,0,0
889,no parking,0,1,240,0,0,0,18,0,0,0,0,0,0,0,0,0,6,11,0,0,0,8,50,3,0,0,3,1,0,0,0,0,172,43,0,0,0,172,68,0,0,0,294,99,0,0,0,0,0,0,0,0,0,0,0,0,0,0,1,0,0,0,0,0
889,no parking,300,271,0,0,1,57,0,0,0,0,0,0,0,0,0,0,3,24,0,0,2,439,28,0,0,0,0,0,0,0,0,0,0,0,0,0,0,7,40,0,0,0,158,0,0,0,0,0,0,0,0,0,0,0,0,0,0,0,0,0,0,0,0,0
1726,no parking,15,331,3,0,0,21,4,0,0,0,0,0,0,0,0,0,148,28,0,0,36,275,46,0,0,0,0,0,0,0,0,0,236,7,0,0,15,319,0,0,0,65,245,0,0,0,0,0,0,0,0,0,0,0,0,0,0,0,0,0,0,0,0,0
3093,no parking,19,26,14,0,0,7,3,0,0,0,0,0,0,0,0,0,2,0,0,0,4,43,5,0,0,0,6,0,0,0,0,0,0,0,0,0,0,11,2,0,0,67,43,0,0,0,0,0,0,0,0,0,0,0,0,0,0,0,0,0,0,0,0,0
306,no parking,2,2,155,106,0,1,49,73,0,0,0,0,0,0,0,0,7,0,0,0,61,5,47,16,2,1,7,16,0,0,0,0,0,0,0,0,34,70,1,0,8,112,60,50,0,0,0,98,4,0,0,0,128,246,0,0,0,216,197,16,0,0,66,124
488,no parking,0,11,6,0,0,9,424,10,0,0,0,0,0,0,0,0,93,107,0,0,1,120,145,13,0,0,16,5,0,0,0,0,241,96,0,0,0,135,130,0,0,0,456,1,0,0,0,0,0,0,0,0,0,1,4,0,0,0,0,0,0,0,0,0
488,parking place,609,1565,85,0,0,137,167,0,0,0,0,0,0,0,0,0,74,50,0,0,0,350,265,12,0,0,178,25,0,0,0,0,54,31,0,0,0,227,63,0,0,0,1145,100,0,0,0,0,0,96,0,0,0,443,10,0,0,0,91,0,0,0,0,0
288,no parking,0,10,27,0,0,15,161,0,0,0,0,0,0,0,0,0,0,0,0,0,0,10,15,0,0,0,16,1,0,0,0,0,0,0,0,0,139,264,2,0,0,20,297,7,0,0,0,0,0,0,0,0,0,0,0,0,0,0,2,0,0,0,0,0
288,parking place,0,25,40,0,0,5,14,0,0,0,0,0,0,0,0,0,0,0,0,0,0,6,8,0,0,0,5,0,0,0,0,0,0,0,0,0,0,0,0,0,0,0,37,3,0,0,0,0,0,0,0,0,0,0,0,0,0,0,0,0,0,0,0,0
1137,no parking,0,0,0,0,0,0,0,0,0,0,0,0,0,0,0,0,0,0,0,0,0,52,11,0,0,0,0,0,0,0,0,0,0,0,0,0,0,7,1,0,0,1,9,0,0,0,0,0,0,0,0,0,0,0,0,0,0,0,0,0,0,0,0,0
1236,no parking,0,6,393,2,0,4,21,1,0,0,0,0,0,0,0,0,9,11,0,0,0,29,47,1,0,1,22,2,0,0,0,0,498,17,0,0,15,108,34,0,0,22,497,7,0,0,0,0,26,0,0,0,0,2,1,0,0,0,10,0,0,0,0,0
1236,parking place,0,0,86,23,0,0,33,2,0,0,0,0,0,0,0,0,0,0,0,0,0,2,22,7,0,0,13,8,0,0,0,0,0,0,0,0,0,0,0,0,0,0,72,17,0,0,0,0,0,0,0,0,0,0,0,0,0,0,0,0,0,0,0,0
1152,no parking,67,7,15,0,0,7,158,91,0,0,0,0,0,0,0,0,12,0,0,0,8,228,20,1,0,0,9,6,0,0,0,0,154,3,0,0,3,108,3,0,0,21,61,13,0,0,0,0,40,22,0,0,22,123,0,0,0,10,43,2,0,0,3,0
1984,no parking,0,92,546,0,0,37,76,0,0,0,0,0,0,0,0,0,309,24,0,0,17,211,144,0,0,0,49,4,0,0,0,0,571,14,0,0,4,342,94,0,0,21,1010,2,0,0,0,0,0,0,0,0,0,0,0,0,0,0,0,0,0,0,0,0
2823,no parking,11,3,12,0,4,1,9,2,0,0,0,0,0,0,0,0,6,0,0,0,66,23,20,14,0,0,0,15,0,0,0,0,6,0,0,0,29,42,10,0,0,15,56,29,0,0,1,1,2,0,0,0,12,50,0,0,0,25,128,13,0,0,13,26
2823,parking place,603,36,0,0,17,48,0,0,0,0,0,0,0,0,0,0,8,0,0,0,51,150,2,0,0,0,0,0,0,0,0,0,0,0,0,0,0,0,0,0,0,0,9,0,0,0,0,0,0,0,0,0,0,0,0,0,0,0,0,0,0,0,0,0
1486,no parking,0,51,44,0,0,7,3,0,0,0,0,0,0,0,0,0,0,0,0,0,0,16,18,0,0,0,1,0,0,0,0,0,66,3,0,0,22,135,27,0,0,14,132,0,0,0,0,0,0,0,0,0,0,4,0,0,0,1,6,0,0,0,0,0
1486,parking place,0,6,3,0,0,13,7,0,0,0,0,0,0,0,0,0,0,0,0,0,0,13,16,0,0,0,12,0,0,0,0,0,0,0,0,0,0,0,0,0,0,0,25,4,0,0,0,0,0,0,0,0,0,0,0,0,0,0,0,0,0,0,0,0
2496,no parking,0,58,0,0,0,2,0,0,0,0,0,0,0,0,0,0,22,0,0,0,1,10,7,0,0,0,0,0,0,0,0,0,45,5,0,0,2,52,9,0,0,1,37,2,0,0,0,1,0,0,0,0,0,0,0,0,0,0,11,2,0,0,3,36
2496,no parking,0,16,0,0,0,0,0,0,0,0,0,0,0,0,0,0,15,6,0,0,1,34,4,0,0,0,0,0,0,0,0,0,0,0,0,0,0,13,1,0,0,2,28,0,0,0,0,0,0,0,0,0,0,0,0,0,0,0,0,0,0,0,0,0
975,no parking,0,0,0,0,0,0,7,0,0,0,0,0,0,0,0,0,0,1,0,0,0,8,16,0,0,0,0,0,0,0,0,0,0,0,0,0,0,3,7,0,0,0,6,0,0,0,0,0,0,0,0,0,0,0,0,0,0,0,0,0,0,0,0,0
975,parking place,0,15,10,0,0,2,4,0,0,0,0,0,0,0,0,0,0,0,0,0,0,1,14,0,0,0,5,0,0,0,0,0,0,0,0,0,0,0,0,0,0,0,20,9,0,0,0,0,0,0,0,0,0,0,0,0,0,0,0,0,0,0,0,0
2986,no parking,103,0,0,0,29,1,68,85,0,0,0,0,0,0,0,0,23,1,0,0,22,46,46,1,0,1,10,2,0,0,0,0,2,0,0,0,1,186,34,0,0,1,50,4,0,0,0,0,4,4,0,0,7,160,7,0,0,0,2,0,0,0,0,0
2893,no parking,0,19,1600,0,0,4,82,1,0,0,0,0,0,0,0,0,2,1,0,0,0,24,105,17,0,8,115,29,0,0,0,0,2329,111,0,0,3,457,75,0,0,36,1862,20,0,0,0,0,0,0,0,0,0,0,0,0,0,0,0,0,0,0,0,0
1629,no parking,0,0,0,0,0,0,0,0,0,0,0,0,0,0,0,0,0,0,0,0,0,8,0,0,0,0,0,0,0,0,0,0,0,0,0,0,0,18,7,0,0,6,17,0,0,0,0,0,0,0,0,0,0,0,0,0,0,0,0,0,0,0,0,0
1629,no parking,32,1347,0,0,0,33,0,0,0,0,0,0,0,0,0,0,651,6,0,0,69,688,29,0,0,0,9,0,0,0,0,0,1171,1,0,0,42,544,14,0,0,706,434,0,0,0,0,0,0,0,0,0,0,0,0,0,0,0,0,0,0,0,0,0
1861,no parking,0,185,1560,0,0,29,81,0,0,0,0,0,0,0,0,0,587,37,0,0,18,306,190,1,0,0,32,1,0,0,0,0,2142,10,0,0,33,1255,153,0,0,147,2231,1,0,0,0,0,0,0,0,0,0,2,1,0,0,4,3,0,0,0,0,0
1861,parking place,0,186,340,0,0,15,63,0,0,0,0,0,0,0,0,0,0,0,0,0,0,87,215,2,0,0,41,12,0,0,0,0,0,0,0,0,0,0,9,0,0,0,211,3,0,0,0,0,0,0,0,0,0,0,0,0,0,0,0,0,0,0,0,0
140,no parking,0,29,203,0,0,0,20,0,0,0,0,0,0,0,0,0,294,59,0,0,1,49,91,1,0,0,1,4,0,0,0,0,2,0,0,0,0,54,66,0,0,2,287,13,0,0,0,0,0,0,0,0,0,0,0,0,0,0,0,0,0,0,0,0
410,no parking,0,54,72,0,0,3,1,0,0,0,0,0,0,0,0,0,15,76,0,0,0,37,17,0,0,0,0,0,0,0,0,0,13,54,0,0,0,54,50,0,0,1,111,0,0,0,0,0,0,0,0,0,0,0,0,0,0,0,0,0,0,0,0,0
2417,no parking,0,0,0,0,0,0,3,22,0,0,0,0,0,0,0,0,0,0,0,0,0,0,3,8,0,0,0,7,0,0,0,0,0,1,0,0,3,23,11,1,0,2,18,14,0,0,0,4,0,0,0,0,0,17,4,0,0,3,32,6,0,0,2,26
2417,parking place,17,42,9,17,8,64,98,529,0,0,0,0,0,0,0,0,0,0,0,0,2,31,189,156,0,2,37,145,0,0,0,0,0,0,0,0,0,0,0,0,0,4,33,367,0,0,0,122,0,0,0,0,0,0,0,0,0,0,0,0,0,0,0,153
238,no parking,0,11,32,0,0,0,2,0,0,0,0,0,0,0,0,0,0,2,0,0,0,0,14,0,0,0,0,0,0,0,0,0,20,7,0,0,1,32,15,0,0,0,14,0,0,0,0,0,11,0,0,0,2,14,5,0,0,3,62,0,0,0,5,0
238,parking place,3,0,0,0,0,0,63,161,0,0,0,0,0,0,0,0,0,0,0,0,0,8,20,7,0,0,13,30,0,0,0,0,0,0,0,0,0,0,0,0,0,0,41,35,0,0,1,14,0,0,0,0,0,0,0,0,0,0,14,1,0,0,58,14
2994,no parking,48,27,8,0,0,4,1279,0,0,0,0,0,0,0,0,0,41,57,0,0,39,1752,284,0,0,0,92,1,0,0,0,0,123,68,0,0,141,1097,115,0,0,22,322,0,0,0,0,0,0,0,0,0,0,0,0,0,0,0,0,0,0,0,0,0
29,no parking,52,117,1170,0,3,26,39,0,0,0,0,0,0,0,0,0,19,21,0,0,82,793,75,0,0,5,27,0,0,0,0,0,1409,212,0,0,78,331,21,0,0,93,662,4,0,0,0,0,0,0,0,0,0,2,0,0,0,0,9,0,0,0,0,0
303,no parking,2,50,0,0,0,2,0,0,0,0,0,0,0,0,0,0,55,13,0,0,5,156,0,0,0,1,0,0,0,0,0,0,0,0,0,0,0,8,1,0,0,1,0,0,0,0,0,0,0,0,0,0,0,0,0,0,0,0,0,0,0,0,0,0
1378,no parking,0,0,0,0,0,12,0,0,0,0,0,0,0,0,0,0,0,3,0,0,0,74,12,0,0,0,1,0,0,0,0,0,0,0,0,0,0,6,18,0,0,9,140,0,0,0,0,0,0,0,0,0,0,0,0,0,0,0,0,0,0,0,0,0
464,no parking,0,15,11,0,0,0,6,0,0,0,0,0,0,0,0,0,0,5,0,0,0,13,23,0,0,0,1,0,0,0,0,0,0,2,0,0,0,74,12,0,0,2,26,0,0,0,0,0,0,0,0,0,0,0,0,0,0,1,5,0,0,0,0,0
464,parking place,0,2,0,0,0,2,1,0,0,0,0,0,0,0,0,0,0,0,0,0,0,5,8,0,0,0,5,0,0,0,0,0,0,0,0,0,0,0,0,0,0,0,0,2,0,0,0,0,0,0,0,0,0,0,0,0,0,0,0,0,0,0,0,0
3077,no parking,1,44,5,0,0,0,1,0,0,0,0,0,0,0,0,0,0,4,0,0,0,8,12,0,0,0,0,0,0,0,0,0,0,0,0,0,0,76,20,0,0,29,47,0,0,0,0,0,0,0,0,0,0,0,0,0,0,0,0,0,0,0,0,0
2337,no parking,97,0,0,0,2,0,50,95,0,0,0,0,0,0,0,0,31,0,0,0,15,64,39,6,0,0,13,5,0,0,0,0,2,0,0,0,0,151,11,0,0,25,63,16,0,0,0,0,0,0,0,0,0,169,7,0,0,7,52,0,0,0,0,0
1199,no parking,0,1,257,8,0,3,59,3,0,0,0,0,0,0,0,0,5,1,0,0,1,111,109,4,0,1,93,4,0,0,0,0,131,3,0,0,61,318,26,0,0,7,198,0,0,0,0,0,0,0,0,0,0,0,0,0,0,0,0,0,0,0,0,0
1157,no parking,8,70,506,0,0,7,104,0,0,0,0,0,0,0,0,0,2,2,0,0,0,66,179,4,0,2,20,3,0,0,0,0,580,124,0,0,6,341,22,0,0,34,909,75,0,0,0,1,58,27,0,0,4,235,1,0,0,2,158,5,0,0,8,7
1945,no parking,0,580,0,0,0,81,9,0,0,0,0,0,0,0,0,0,914,38,0,0,72,352,68,0,0,0,5,0,0,0,0,0,0,0,0,0,3,251,0,0,0,87,43,0,0,0,0,0,0,0,0,0,0,0,0,0,0,25,387,0,0,0,0,0
1945,no stopping,31,90,18,0,0,113,342,0,0,0,0,0,0,0,0,0,715,27,0,0,142,437,43,0,0,23,86,17,0,0,0,0,388,19,0,0,289,364,39,0,337,213,461,1,0,0,0,0,0,0,0,0,0,2,1,0,2,0,9,0,0,0,0,0
1962,no parking,4,186,0,0,0,42,0,0,0,0,0,0,0,0,0,0,286,43,0,0,2,217,104,0,0,0,46,0,0,0,0,0,0,0,0,0,0,0,0,0,0,0,0,0,0,0,0,0,0,0,0,0,0,0,0,0,0,0,0,0,0,0,0,0
1962,parking place,0,42,0,0,0,43,11,0,0,0,0,0,0,0,0,0,0,0,0,0,0,4,41,0,0,0,3,0,0,0,0,0,0,0,0,0,0,0,0,0,0,0,0,0,0,0,0,0,0,0,0,0,0,0,0,0,0,0,0,0,0,0,0,0
1136,no parking,0,1,0,0,0,1,10,0,0,0,0,0,0,0,0,0,5,6,0,0,0,43,70,0,0,0,0,0,0,0,0,0,1,9,0,0,2,111,20,0,0,5,66,0,0,0,0,0,0,0,0,0,0,0,0,0,0,0,0,0,0,0,0,0
1042,no parking,0,275,199,0,0,21,20,0,0,0,0,0,0,0,0,0,0,11,0,0,0,397,176,0,0,0,1,44,0,0,0,0,0,4,0,0,0,542,248,0,0,8,502,1,0,0,0,1,0,0,0,0,0,0,0,0,0,0,33,3,0,0,12,46
1042,parking place,0,61,0,0,0,47,7,0,0,0,0,0,0,0,0,0,0,0,0,0,0,48,138,0,0,0,40,0,0,0,0,0,0,0,0,0,0,0,0,0,0,0,59,0,0,0,0,0,0,0,0,0,0,0,0,0,0,0,0,0,0,0,0,0
1638,no parking,0,0,0,0,0,0,35,0,0,0,0,0,0,0,0,0,0,0,0,0,0,12,152,4,0,0,1,3,0,0,0,0,0,0,0,0,0,43,9,0,0,4,40,16,0,0,0,5,0,0,0,0,0,197,3,0,0,11,110,13,0,0,14,227
2473,no parking,0,0,0,0,0,0,0,0,0,0,0,0,0,0,0,0,0,0,0,0,0,0,0,0,0,0,0,50,0,0,0,0,0,0,0,0,0,0,0,0,0,0,0,14,0,0,0,10,0,0,0,0,0,0,0,0,0,0,0,0,0,0,0,206
1106,no parking,98,18,1052,0,3,29,2165,5,0,0,0,0,0,0,0,0,425,89,0,0,102,1667,117,22,0,42,108,105,0,0,0,0,3907,18,0,0,9,347,54,0,5,374,1485,154,0,0,2,0,0,0,0,0,0,0,0,0,0,3,30,0,0,0,32,614
2073,no parking,0,0,0,0,0,0,131,0,0,0,0,0,0,0,0,0,2,2,0,0,0,21,74,0,0,0,29,0,0,0,0,0,95,8,0,0,35,214,44,0,0,12,315,0,0,0,0,0,0,0,0,0,0,2,0,0,0,1,5,0,0,0,0,0
2073,no parking,0,0,0,0,0,4,86,0,0,0,0,0,0,0,0,0,14,5,0,0,4,90,86,0,0,0,17,0,0,0,0,0,20,6,0,0,1,174,35,0,0,10,171,0,0,0,0,0,0,0,0,0,0,0,0,0,0,0,2,0,0,0,0,0
1948,no parking,117,29,391,0,3,15,1042,177,0,0,0,0,0,0,0,0,123,20,0,0,39,471,99,7,0,3,38,21,0,0,0,0,1138,23,0,0,258,1050,24,0,0,110,906,110,0,0,4,10,0,0,0,0,3,34,0,0,0,18,140,3,0,0,19,115
1979,no parking,212,339,708,0,1,43,26,0,0,0,0,0,0,0,0,0,99,4,0,0,71,702,81,0,0,4,23,0,0,0,0,0,1243,1,0,0,73,497,15,0,0,116,292,0,0,0,0,0,0,0,0,0,0,0,0,0,0,0,0,0,0,0,0,0
1208,no parking,4,20,50,0,0,10,54,0,0,0,0,0,0,0,0,0,65,0,0,0,59,53,42,0,0,0,0,0,0,0,0,0,86,1,0,0,66,168,34,0,0,1,11,0,0,0,0,0,0,0,0,0,0,1,0,0,0,0,0,0,0,0,0,0
2870,no parking,13,77,775,0,0,41,516,0,0,0,0,0,0,0,0,0,11,0,0,0,60,253,55,0,0,0,6,0,0,0,0,0,458,23,0,0,1215,1516,4,0,0,252,469,0,0,0,0,0,0,0,0,0,43,14,0,0,0,20,107,0,0,0,0,0
3104,no parking,0,0,0,0,0,0,0,0,0,0,0,0,0,0,0,0,0,0,0,0,0,29,23,0,0,0,0,0,0,0,0,0,0,0,0,0,0,29,29,0,0,0,93,0,0,0,0,0,0,0,0,0,0,1,1,0,0,0,53,7,0,0,6,149
3104,no parking,0,70,627,0,0,1,13,0,0,0,0,0,0,0,0,0,0,3,0,0,0,26,47,9,0,0,1,7,0,0,0,0,450,396,0,0,0,232,30,0,0,1,119,43,0,0,1,13,4,0,0,0,0,43,5,0,0,3,227,10,0,0,23,716
3104,parking place,0,40,1625,0,0,5,168,0,0,0,0,0,0,0,0,0,0,0,0,0,0,14,155,1,0,0,33,23,0,0,0,0,0,0,0,0,0,0,0,0,0,0,68,102,0,0,0,47,0,0,0,0,0,0,0,0,0,0,0,1,0,0,0,904
1144,no parking,7,9,27,0,0,1,14,0,0,0,0,0,0,0,0,0,1,0,0,0,6,21,5,0,0,0,1,0,0,0,0,0,0,0,0,0,1,26,0,0,0,22,31,2,0,0,0,0,0,0,0,0,2,61,0,0,0,19,16,0,0,0,0,0
2568,no parking,0,0,5,0,0,1,145,0,0,0,0,0,0,0,0,0,0,0,0,0,0,47,55,2,0,0,4,1,0,0,0,0,0,3,0,0,0,262,88,0,0,0,159,3,0,0,0,0,0,0,0,0,0,0,0,0,0,0,7,0,0,0,0,0
1382,no parking,0,0,0,0,0,0,0,0,0,0,0,0,0,0,0,0,0,0,0,0,0,0,6,0,0,0,17,0,0,0,0,0,0,0,0,0,0,0,0,0,0,1,37,0,0,0,0,0,0,0,0,0,0,7,0,0,0,16,81,0,0,0,0,0
2045,no parking,49,20,7,0,8,33,241,1,0,0,0,0,0,0,0,0,13,7,0,0,19,191,51,2,0,1,4,1,0,0,0,0,261,17,0,0,12,226,42,0,0,18,63,0,0,0,0,0,0,0,0,0,0,1,1,0,0,0,6,0,0,0,1,0
2930,no parking,28,5,106,0,0,77,2255,42,0,0,0,0,0,0,0,0,51,3,0,0,54,1214,68,27,0,0,48,62,0,0,0,0,1419,94,0,0,206,577,10,0,0,129,648,137,0,0,0,81,1419,40,0,0,16,197,25,0,0,8,948,32,0,0,418,60
2824,no parking,0,0,0,0,0,0,2,8,0,0,0,0,0,0,0,0,0,0,0,0,0,2,19,7,0,0,1,2,0,0,0,0,0,0,0,0,0,16,2,0,0,5,68,11,0,0,0,0,0,0,0,0,0,28,0,0,0,5,64,0,0,0,0,0
2824,no stopping,1,11,3,0,1,1,7,0,0,0,0,0,0,0,0,0,0,2,0,0,6,22,13,0,2,3,2,0,0,0,0,0,3,1,0,0,3,88,20,0,1,13,8,0,0,0,0,0,0,0,0,0,0,4,0,0,0,0,9,0,0,0,0,0
2824,parking place,0,15,118,0,0,22,331,0,0,0,0,0,0,0,0,0,0,0,0,0,0,18,98,3,0,1,33,20,0,0,0,0,0,0,0,0,0,1,0,0,0,0,189,9,0,0,0,0,0,0,0,0,0,0,0,0,0,0,0,0,0,0,0,0
2903,no parking,0,4,106,11,0,8,143,86,0,0,0,0,0,0,0,0,0,0,0,0,0,5,57,18,0,0,6,25,0,0,0,0,0,0,0,0,0,0,4,0,0,0,1233,85,0,0,0,0,0,0,0,0,0,0,0,0,0,0,9,0,0,0,0,0
2903,parking place,0,6,36,0,0,5,50,0,0,0,0,0,0,0,0,0,0,0,0,0,0,7,60,8,0,0,7,10,0,0,0,0,0,0,0,0,0,0,0,0,0,0,18,33,0,0,0,0,0,0,0,0,0,0,0,0,0,0,0,0,0,0,0,0
1238,no parking,0,203,257,0,0,114,150,0,0,0,0,0,0,0,0,0,31,1,0,0,71,1370,158,0,0,3,54,0,0,0,0,0,0,0,0,0,0,106,33,0,0,109,526,0,0,0,0,0,0,0,0,0,0,0,0,0,0,0,0,0,0,0,0,0
2865,no parking,55,117,12,0,0,18,2,0,0,0,0,0,0,0,0,0,45,11,0,0,8,109,12,0,0,0,1,0,0,0,0,0,93,57,0,0,11,201,17,0,0,3,21,0,0,0,0,0,0,0,0,0,0,11,1,0,0,1,0,0,0,0,0,0
2865,no parking,0,0,0,0,0,0,0,0,0,0,0,0,0,0,0,0,0,0,0,0,0,1,9,0,0,0,0,0,0,0,0,0,0,0,0,0,0,18,9,0,0,2,9,0,0,0,0,0,0,0,0,0,0,0,0,0,0,0,0,0,0,0,0,0
2865,no stopping,36,32,0,0,0,28,61,108,0,0,0,0,0,0,0,0,6,10,0,0,1,125,53,0,0,0,8,2,0,0,0,0,0,1,0,0,1,53,8,0,0,17,62,15,0,0,0,0,250,40,0,0,34,188,8,0,0,19,94,0,0,0,0,0
1916,no parking,29,784,977,0,1,19,31,0,0,0,0,0,0,0,0,0,260,90,0,0,71,833,83,3,0,18,24,7,0,0,0,0,1570,196,0,0,79,603,124,0,0,85,1746,6,0,0,0,0,0,0,0,0,0,35,19,0,0,3,12,0,0,0,0,0
1916,parking place,4,313,80,0,0,47,44,0,0,0,0,0,0,0,0,0,0,0,0,0,0,84,55,8,0,4,18,19,0,0,0,0,0,0,0,0,0,0,1,0,0,1,146,40,0,0,0,0,0,0,0,0,0,0,0,0,0,0,0,0,0,0,0,0
2645,no parking,0,0,0,0,0,0,72,495,0,0,0,0,0,0,0,0,0,0,0,0,0,63,125,566,0,0,31,134,0,0,0,0,0,0,0,0,0,691,81,0,0,18,933,174,0,0,8,46,0,0,0,0,0,1040,85,0,0,39,663,63,0,0,31,437
2645,parking place,0,0,0,0,0,0,172,58,0,0,0,0,0,0,0,0,0,0,0,0,0,0,83,121,0,0,17,77,0,0,0,0,0,0,0,0,0,0,0,0,0,0,32,115,0,0,0,47,0,0,0,0,0,0,0,0,0,0,0,0,0,0,0,26
1805,no parking,1,0,0,0,0,0,113,0,0,0,0,0,0,0,0,0,0,1,0,0,20,153,98,0,0,0,16,0,0,0,0,0,0,0,0,0,0,21,2,0,0,14,466,20,0,0,0,0,0,0,0,0,0,0,0,0,0,0,1,0,0,0,4,0
2816,no parking,131,332,1,0,0,20,0,0,0,0,0,0,0,0,0,0,423,16,0,0,22,147,23,0,0,0,2,0,0,0,0,0,145,1,0,0,11,85,14,0,0,14,17,0,0,0,0,0,0,0,0,0,0,0,0,0,0,0,0,0,0,0,0,0
83,no parking,0,2,0,0,0,11,10,0,0,0,0,0,0,0,0,0,6,2,0,0,0,48,17,0,0,0,0,0,0,0,0,0,1,1,0,0,0,74,12,0,0,2,50,0,0,0,0,0,0,0,0,0,0,1,1,0,0,0,6,0,0,0,1,2
1194,no parking,0,0,0,0,0,0,0,2,0,0,0,0,0,0,0,0,0,0,0,0,0,0,0,636,0,0,0,555,0,0,0,0,0,0,0,0,0,0,0,0,0,0,0,176,0,0,0,51,0,0,0,0,0,1193,320,0,0,8,591,123,0,0,3,2346
755,no parking,36,248,50,0,0,0,1,0,0,0,0,0,0,0,0,0,114,10,0,0,7,134,35,0,0,0,0,0,0,0,0,0,268,5,0,0,0,244,31,0,0,3,12,0,0,0,0,0,0,0,0,0,0,0,0,0,0,0,2,0,0,0,0,0
1230,no parking,9,0,0,0,6,6,654,0,0,0,0,0,0,0,0,0,50,10,0,0,114,792,301,0,0,0,28,0,0,0,0,0,0,0,0,0,0,1512,62,0,0,110,735,13,0,0,0,0,0,0,0,0,0,92,5,0,0,13,182,0,0,0,6,0
3094,no parking,130,16,0,0,0,0,0,0,0,0,0,0,0,0,0,0,187,14,0,0,1,101,10,0,0,20,36,0,0,0,0,0,0,1,0,0,0,43,6,0,0,11,40,0,0,0,0,0,0,0,0,0,0,0,0,0,0,0,0,0,0,0,0,0
2681,no parking,0,0,0,0,0,0,0,0,0,0,0,0,0,0,0,0,0,0,0,0,0,3,0,0,0,0,0,0,0,0,0,0,0,0,0,0,0,0,0,0,0,1,243,0,0,0,1,0,0,0,0,0,0,0,0,0,0,0,2,0,0,0,19,3037
1025,no parking,0,115,274,0,0,15,5,0,0,0,0,0,0,0,0,0,354,135,0,0,7,104,64,0,0,0,4,0,0,0,0,0,28,3,0,0,0,85,40,0,0,3,527,0,0,0,0,0,0,0,0,0,0,0,0,0,0,0,0,0,0,0,0,0
2642,no parking,0,0,0,0,0,0,0,0,0,0,0,2,0,0,0,0,0,0,0,0,0,0,3,0,0,0,22,22,0,0,0,0,0,0,0,0,0,3,1,0,0,1,38,1,0,0,0,0,0,0,0,0,0,75,1,0,0,18,48,0,0,0,41,4
2642,no parking,0,0,0,0,0,0,17,0,0,0,0,0,0,0,0,0,0,0,0,0,0,11,292,0,0,0,0,0,0,0,0,0,0,0,0,0,0,168,9,0,0,5,62,3,0,0,0,0,0,0,0,0,0,187,1,0,0,1,159,4,0,0,165,1
468,no parking,0,0,0,0,0,0,3,275,0,0,0,0,0,0,0,0,0,0,0,0,0,0,4,8,0,0,3,23,0,0,0,0,0,5,0,0,0,81,10,0,0,0,14,23,0,0,0,22,32,188,0,0,1,117,8,0,0,0,51,22,0,0,0,397
1189,no parking,1297,31,0,0,0,2,120,1251,0,0,0,0,0,0,0,0,11,14,0,0,4,176,62,33,0,0,36,54,0,0,0,0,0,0,0,0,0,243,8,0,0,21,349,176,0,0,3,27,0,3,0,0,18,2029,16,0,0,14,511,28,0,0,3,5
2318,no parking,0,0,0,0,0,0,0,2,0,0,0,20,0,0,0,0,0,0,0,0,0,0,0,3,0,0,0,39,0,0,0,0,0,0,0,0,0,0,0,0,0,0,2,13,0,0,0,3,0,0,0,0,0,0,0,0,0,13,113,3,0,0,26,83
1312,no parking,0,14,155,0,0,34,456,0,0,0,0,0,0,0,0,0,0,0,0,0,0,97,92,4,0,0,11,5,0,0,0,0,0,0,0,0,0,59,9,0,0,22,2053,49,0,0,0,0,0,0,0,0,0,0,0,0,0,0,0,0,0,0,0,0
2355,no parking,10,4,9,0,0,1,70,0,0,0,0,0,0,0,0,0,6,19,0,0,0,58,27,0,0,0,0,0,0,0,0,0,53,39,0,0,0,72,33,0,0,0,16,2,0,0,0,0,0,0,0,0,0,0,1,0,0,0,0,0,0,0,0,0
2519,no parking,6,18,0,0,0,0,0,0,0,0,0,0,0,0,0,0,0,3,0,0,0,25,5,0,0,0,0,0,0,0,0,0,0,0,0,0,0,0,0,0,0,0,3,0,0,0,0,0,0,0,0,0,0,0,0,0,0,0,0,0,0,0,0,0
2519,no parking,0,30,0,0,0,0,0,0,0,0,0,0,0,0,0,0,6,37,0,0,0,41,7,0,0,0,0,0,0,0,0,0,0,0,0,0,0,3,11,0,0,0,33,0,0,0,0,0,0,0,0,0,0,0,0,0,0,0,0,0,0,0,0,0
602,no parking,0,12,1,0,0,0,3,0,0,0,0,0,0,0,0,0,0,12,0,0,0,65,35,0,0,0,0,0,0,0,0,0,0,0,0,0,0,2,12,0,0,0,34,0,0,0,0,0,0,0,0,0,0,0,0,0,0,0,0,0,0,0,0,0
602,parking place,3,30,0,0,0,79,97,3150,0,0,0,1,0,0,0,0,0,5,0,0,0,162,266,32,0,0,142,432,0,0,0,0,0,0,0,0,0,0,0,0,0,0,178,603,0,0,68,227,0,0,0,0,0,0,0,0,0,0,0,0,0,0,0,1
1535,no parking,25,0,0,0,0,6,655,0,0,0,0,0,0,0,0,0,267,20,0,0,117,499,598,0,0,0,11,0,0,0,0,0,0,0,0,0,0,707,13,0,0,92,256,10,0,0,0,0,0,0,0,0,0,1362,2,0,0,39,523,28,0,0,15,6
1314,no parking,0,0,0,0,0,0,0,0,0,0,0,0,0,0,0,0,0,0,0,0,0,0,0,0,0,0,0,0,0,0,0,0,0,0,0,0,0,0,0,0,0,0,1,2,0,0,0,5,0,0,0,0,0,0,0,0,0,0,0,0,0,0,0,34
1600,no parking,0,0,0,0,0,0,0,0,0,0,0,0,0,0,0,0,0,4,0,0,0,88,0,0,0,0,0,0,0,0,0,0,0,0,0,0,0,218,22,0,0,51,46,0,0,0,0,0,0,0,0,0,0,0,0,0,0,0,0,0,0,0,0,0
1698,no parking,6,0,0,0,0,6,186,0,0,0,0,0,0,0,0,0,14,0,0,0,46,201,28,0,0,0,13,0,0,0,0,0,0,0,0,0,7,490,6,0,0,81,134,1,0,0,0,0,0,0,0,0,1,23,0,0,0,14,3,0,0,0,0,0
2405,no parking,0,0,0,0,0,0,0,0,0,0,0,5,0,0,0,0,0,0,0,0,0,0,1,1,0,0,69,1713,0,0,0,0,0,0,0,0,0,0,0,0,0,0,116,111,0,0,0,81,0,0,0,0,0,0,0,0,0,0,1860,164,0,0,49,3039
2405,parking place,0,0,0,0,0,0,0,0,0,0,0,1,0,0,0,0,0,0,0,0,0,0,1,0,0,0,46,539,0,0,0,0,0,0,0,0,0,0,0,0,0,0,46,54,0,0,0,42,0,0,0,0,0,0,0,0,0,0,0,0,0,0,0,294
2461,no parking,0,0,0,0,0,0,0,0,0,0,0,0,0,0,0,0,1,1,0,0,0,1,0,0,0,0,0,15,0,0,0,0,0,0,0,0,0,1,1,0,0,0,3,8,0,0,0,0,0,0,0,0,0,17,1,0,0,1,24,7,0,0,0,19
1653,no parking,0,12,41,0,0,1,9,0,0,0,0,0,0,0,0,0,0,0,0,0,0,7,8,0,0,0,0,0,0,0,0,0,46,4,0,0,10,32,7,0,0,4,17,2,0,0,1,0,12,0,0,0,4,16,0,0,0,4,88,0,0,0,11,0
136,no parking,0,24,319,0,0,5,15,0,0,0,0,0,0,0,0,0,3,1,0,0,1,83,32,0,0,1,0,2,0,0,0,0,375,16,0,0,11,144,18,0,0,13,429,4,0,0,0,0,0,0,0,0,0,10,0,0,0,5,19,0,0,0,0,0
136,parking place,0,22,65,0,0,2,14,0,0,0,0,0,0,0,0,0,0,0,0,0,0,3,19,0,0,0,2,1,0,0,0,0,0,0,0,0,0,0,0,0,0,0,51,1,0,0,0,0,0,0,0,0,0,0,0,0,0,0,0,0,0,0,0,0
2639,no parking,0,16,127,0,0,1,10,0,0,0,0,0,0,0,0,0,0,0,0,0,0,17,27,0,0,0,6,1,0,0,0,0,1,0,0,0,95,154,20,0,0,13,115,0,0,0,0,0,0,0,0,0,8,9,0,0,0,4,1,0,0,0,0,0
1711,no parking,0,156,297,0,0,366,133,0,0,0,0,0,0,0,0,0,0,0,0,0,3,191,88,0,0,0,1,0,0,0,0,0,631,74,0,0,278,1000,91,0,0,66,1109,0,0,0,0,0,0,0,0,0,0,0,0,0,0,0,0,0,0,0,0,0
2740,no parking,0,0,0,0,0,0,0,0,0,0,0,0,0,0,0,0,0,0,0,0,0,0,0,0,0,0,0,1,0,0,0,5,0,0,0,0,0,0,0,0,0,0,0,0,0,0,0,200,0,0,0,0,0,0,0,0,0,0,3,0,0,0,169,378
1625,no parking,0,0,0,0,0,6,281,0,0,0,0,0,0,0,0,0,0,0,0,0,0,4,73,0,0,0,3,4,0,0,0,0,0,1,0,0,2,381,36,0,0,5,246,125,0,0,0,1,0,4,0,0,0,123,13,0,0,0,164,41,0,0,3,1
1625,no stopping,274,447,221,0,0,111,127,0,0,0,0,0,0,0,0,0,34,1,0,0,84,666,92,0,0,4,26,1,0,0,0,0,0,0,0,0,0,750,2,0,0,216,3722,6,0,0,0,0,0,0,0,0,0,0,0,0,0,0,0,0,0,0,0,0
311,no parking,0,0,0,0,0,0,9,79,0,0,0,0,0,0,0,0,0,0,0,0,0,0,35,24,0,0,8,6,0,0,0,0,0,0,0,0,0,211,0,0,0,2,31,22,0,0,0,0,0,0,0,0,0,26,5,0,0,1,132,20,0,0,98,20
1306,no parking,69,92,0,0,0,68,301,9327,0,0,0,0,0,0,0,0,17,8,0,0,36,1715,214,89,0,2,175,265,0,0,0,0,0,0,0,0,0,9011,80,0,0,1543,6990,851,0,0,145,852,0,0,0,0,0,6134,1,0,0,0,721,165,0,0,125,1186
1139,no parking,57,5,61,0,5,0,24,0,0,0,0,0,0,0,0,0,5,0,0,0,24,18,13,0,0,0,0,0,0,0,0,0,47,10,0,0,8,88,9,0,0,11,33,0,0,0,0,0,1,1,0,0,0,0,0,0,0,0,0,0,0,0,0,0
1139,turn,530,15,0,0,119,8,278,2054,0,0,0,0,0,0,0,0,4,0,0,0,212,164,60,9,6,10,37,47,0,0,0,0,0,0,0,0,0,3,1,0,0,23,513,131,0,0,78,99,0,0,0,0,0,0,0,0,0,0,15,5,0,0,28,56
1389,no parking,0,28,18,0,0,0,3,0,0,0,0,0,0,0,0,0,0,18,2,0,0,213,41,0,0,0,0,0,0,0,0,0,0,0,0,0,0,1,0,0,0,0,0,0,0,0,0,0,0,0,0,0,0,0,0,0,0,0,0,0,0,0,0,0
1866,no parking,0,0,32,0,0,4,29,1,0,0,0,0,0,0,0,0,0,0,0,0,0,0,9,4,0,0,7,7,0,0,0,0,0,0,0,0,0,0,0,0,0,0,36,117,0,0,0,42,0,0,0,0,0,0,0,0,0,0,0,0,0,0,0,0
1866,parking place,0,0,0,0,0,1,496,2878,0,0,0,0,0,0,0,0,0,0,0,0,0,0,129,25,0,0,86,237,0,0,0,0,0,0,0,0,0,0,0,0,0,0,13,1975,0,0,0,317,0,0,0,0,0,0,0,0,0,0,0,2,0,0,0,3
1287,no parking,0,0,0,0,0,0,0,294,0,0,0,0,0,0,0,0,0,0,0,0,0,0,1,67,0,0,0,38,0,0,0,0,0,0,0,0,0,0,0,0,0,0,0,48,0,0,0,13,0,0,0,0,0,435,12,0,0,19,174,16,0,0,2,583
460,no parking,0,3,0,0,0,0,0,0,0,0,0,0,0,0,0,0,0,0,0,0,0,12,3,0,0,0,0,0,0,0,0,0,0,0,0,0,0,20,4,0,0,2,15,0,0,0,0,0,0,0,0,0,0,0,0,0,0,0,1,0,0,0,0,0
460,no stopping,179,297,316,0,4,13,8,0,0,0,0,0,0,0,0,0,118,29,0,0,104,228,48,0,0,2,10,0,0,0,0,0,1183,23,0,0,6,179,23,0,0,109,282,26,0,0,0,0,0,0,0,0,0,5,0,0,0,9,62,0,0,0,1,0
1986,no parking,454,0,0,0,1,0,51,1115,0,0,0,1,0,0,0,0,77,0,0,0,60,50,20,8,0,5,69,26,0,0,3,0,0,0,0,0,0,25,0,0,0,73,438,23,0,0,59,44,0,0,0,0,1,283,0,0,0,332,829,0,0,0,995,804
2233,no parking,0,0,0,0,0,4,250,0,0,0,0,0,0,0,0,0,0,0,0,0,0,9,58,0,0,0,14,0,0,0,0,0,192,12,0,0,101,296,12,0,0,60,522,0,0,0,0,0,0,0,0,0,0,4,0,0,0,5,19,0,0,0,0,0
2546,no parking,0,0,0,0,0,0,0,0,0,0,0,0,0,0,0,0,0,0,0,0,0,12,18,0,0,0,0,0,0,0,0,0,0,0,0,0,0,4,0,0,0,5,19,1,0,0,0,0,0,0,0,0,0,0,0,0,0,2,0,0,0,0,0,3
2546,turn,2,6,87,0,0,4,64,0,0,0,0,0,0,0,0,0,0,0,0,0,0,13,44,0,0,0,13,3,0,0,0,0,0,0,0,0,0,1,0,0,0,6,56,7,0,0,0,0,0,0,0,0,0,0,0,0,0,0,0,0,0,0,0,0
184,no parking,8,17,0,0,0,0,0,0,0,0,0,0,0,0,0,0,0,0,0,0,0,77,10,0,0,0,0,0,0,0,0,0,0,0,0,0,0,2,5,0,0,0,51,0,0,0,0,0,0,0,0,0,0,0,0,0,0,0,0,0,0,0,0,0
184,no parking,0,81,1,0,0,6,1,0,0,0,0,0,0,0,0,0,0,0,0,0,0,70,12,0,0,0,3,2,0,0,0,0,0,0,0,0,0,68,7,0,0,2,169,36,0,0,1,2,0,0,0,0,0,0,0,0,0,0,0,1,0,0,0,0
247,no parking,60,38,1,0,0,1,3,0,0,0,0,0,0,0,0,0,506,8,0,0,32,38,5,2,0,0,0,166,0,0,0,0,6,8,0,0,0,35,7,0,0,5,38,297,0,0,0,9,0,0,0,0,0,69,38,0,0,11,277,18,0,0,0,44
247,parking place,3,16,5,0,0,7,17,0,0,0,0,0,0,0,0,0,0,0,0,0,0,9,14,0,0,0,1,0,0,0,0,0,0,0,0,0,0,0,0,0,0,0,0,0,0,0,0,0,0,0,0,0,0,0,0,0,0,0,0,0,0,0,0,0
247,parking place,8,21,323,0,0,1,21,0,0,0,0,0,0,0,0,0,3,0,0,0,1,27,53,1,0,0,11,2,0,0,0,0,0,0,0,0,0,14,2,0,0,1,145,16,0,0,0,0,0,0,0,0,0,0,0,0,0,0,0,0,0,0,0,0
873,no parking,113,150,179,0,1,31,19,0,0,0,0,0,0,0,0,0,247,202,0,0,0,359,91,0,0,0,1,0,0,0,0,0,0,0,0,0,0,8,5,0,0,0,0,0,0,0,0,0,0,0,0,0,0,0,0,0,0,0,0,0,0,0,0,0
1337,no parking,0,187,823,0,0,24,16,0,0,0,0,0,0,0,0,0,234,984,0,0,7,632,453,0,0,7,116,0,0,0,0,0,0,2,0,0,0,106,305,0,0,1,933,0,0,0,0,0,0,0,0,0,0,0,0,0,0,0,0,0,0,0,0,0
1571,no parking,0,229,3,0,0,0,0,0,0,0,0,0,0,0,0,0,181,228,0,0,11,259,15,0,0,0,0,0,0,0,0,0,6,25,0,0,0,258,3,0,0,45,143,0,0,0,0,0,0,0,0,0,0,0,0,0,0,0,0,0,0,0,0,0
1571,no stopping,0,201,5,0,0,25,12,0,0,0,0,0,0,0,0,0,0,28,0,0,0,187,73,0,0,0,1,0,0,0,0,0,50,8,0,0,183,1437,163,0,0,62,539,0,0,0,0,0,0,0,0,0,0,16,0,0,0,7,27,0,0,0,0,0
484,no parking,0,1,111,0,0,1,14,0,0,0,0,0,0,0,0,0,173,23,0,0,0,23,43,0,0,0,13,18,0,0,0,0,8,0,0,0,0,78,43,0,0,3,254,29,0,0,0,0,0,0,0,0,0,0,0,0,0,208,2,2,0,0,8,135
484,parking place,21,309,5,0,0,23,2,0,0,0,0,0,0,0,0,0,0,0,0,0,0,53,98,0,0,0,73,1,0,0,0,0,0,0,0,0,0,0,0,0,0,0,114,30,0,0,0,8,0,0,0,0,0,0,0,0,0,0,0,0,0,0,0,31
484,parking place,2,94,0,0,0,23,7,0,0,0,0,0,0,0,0,0,1,4,0,0,0,58,16,0,0,0,26,0,0,0,0,0,0,0,0,0,0,0,0,0,0,0,9,0,0,0,0,0,0,0,0,0,0,0,0,0,0,0,0,0,0,0,0,0
494,no parking,0,15,242,0,0,11,29,0,0,0,0,0,0,0,0,0,0,0,0,0,0,18,11,4,0,0,2,5,0,0,0,0,229,55,0,0,21,126,4,0,0,2,370,27,0,0,0,0,8,0,0,0,1,6,2,0,0,0,21,0,0,0,0,0
1666,no parking,0,2950,110,0,0,1365,1772,0,0,0,0,0,0,0,0,0,0,0,0,0,0,431,522,0,0,0,69,0,0,0,0,0,2724,57,0,0,1982,5961,156,0,0,306,7141,0,0,0,0,0,0,0,0,0,0,26,8,0,0,8,32,0,0,0,0,0
1666,no stopping,0,240,25,0,0,1,0,0,0,0,0,0,0,0,0,0,0,78,0,0,0,112,105,0,0,0,0,0,0,0,0,0,0,31,0,0,0,1476,368,0,0,1,827,0,0,0,0,0,0,0,0,0,0,0,0,0,0,0,0,0,0,0,0,0
1214,no parking,29,2,0,0,0,0,6,91,0,0,0,0,0,0,0,0,8,1,0,0,13,14,10,1,0,0,4,13,0,0,0,0,0,0,0,0,2,30,1,0,0,18,20,16,0,0,0,6,0,0,0,0,0,111,0,0,0,11,77,6,0,0,17,22
75,no parking,0,0,4,2,0,0,72,175,0,0,0,0,0,0,0,0,0,0,0,0,0,0,18,10,0,0,3,6,0,0,0,0,199,10,0,0,15,202,14,0,0,3,236,163,0,0,1,25,39,0,0,0,0,4,2,0,0,0,34,15,0,0,0,8
2143,no parking,0,2,4,0,0,11,165,0,0,0,0,0,0,0,0,0,102,4,0,0,13,89,59,0,0,0,3,0,0,0,0,0,28,1,0,0,5,147,19,0,0,38,180,0,0,0,0,0,0,0,0,0,0,0,0,0,0,0,0,0,0,0,0,0
324,no parking,0,52,27,0,0,3,7,0,0,0,0,0,0,0,0,0,106,10,0,0,2,64,24,0,0,0,0,0,0,0,0,0,4,0,0,0,0,34,12,0,0,9,25,0,0,0,0,0,0,0,0,0,0,0,0,0,0,0,1,0,0,0,0,0
588,no parking,0,0,0,0,0,0,0,0,0,0,0,0,0,0,0,0,0,0,0,0,0,0,0,21,0,0,0,17,0,0,0,0,0,0,0,0,0,0,1,4,0,0,0,20,0,0,0,0,0,0,0,0,0,17,15,0,0,9,86,32,0,0,3,111
2652,no parking,0,0,21,0,0,15,1304,0,0,0,0,0,0,0,0,0,554,375,0,0,6,401,251,0,0,0,189,2,0,0,0,0,857,39,0,0,7,409,78,0,0,14,1328,0,0,0,0,0,0,0,0,0,0,0,0,0,0,0,0,0,0,0,0,0
2652,parking place,0,5,156,0,0,15,319,0,0,0,0,0,0,0,0,0,0,0,0,0,0,2,99,0,0,0,92,0,0,0,0,0,0,0,0,0,0,0,0,0,0,0,48,0,0,0,0,0,0,0,0,0,0,0,0,0,0,0,0,0,0,0,0,0
1129,no parking,119,4,52,0,1,2,1773,276,0,0,0,0,0,0,0,0,17,12,0,0,5,1079,64,0,0,1,36,14,0,0,0,0,1018,371,0,0,0,974,27,0,0,49,553,174,0,0,24,50,960,226,0,0,0,183,5,0,0,3,350,2,0,0,20,20
2176,no parking,2,190,30,0,0,36,35,0,0,0,0,0,0,0,0,0,411,174,0,0,19,417,57,0,0,4,13,0,0,0,0,0,0,11,0,0,0,252,17,0,0,71,188,0,0,0,0,0,0,0,0,0,0,0,0,0,0,0,0,0,0,0,0,0
1142,no parking,6,0,0,0,0,9,1,0,0,0,0,0,0,0,0,0,12,0,0,0,10,31,12,0,0,0,4,0,0,0,0,0,0,0,0,0,0,14,0,0,0,2,9,0,0,0,0,0,0,0,0,0,0,0,0,0,0,0,0,0,0,0,0,0
401,no parking,190,136,899,0,0,22,40,0,0,0,0,0,0,0,0,0,182,0,0,0,179,275,49,0,0,0,19,0,0,0,0,0,0,0,0,0,722,1083,0,0,0,376,224,0,0,0,0,0,0,0,0,0,3,13,0,0,0,3,1,0,0,0,0,0
787,no parking,130,30,0,0,0,6,363,628,0,0,0,0,0,0,0,0,43,3,0,0,34,270,112,48,0,0,15,9,0,0,0,0,917,239,0,0,38,320,29,0,0,81,353,138,0,0,4,15,24,6,0,0,6,21,0,0,0,2,185,67,0,0,25,26
1665,no parking,0,0,0,0,0,0,3,0,0,0,0,0,0,0,0,0,0,0,0,0,0,4,216,0,0,0,10,0,0,0,0,0,0,0,0,0,0,0,19,0,0,5,132,0,0,0,0,0,0,0,0,0,0,87,5,0,0,92,368,0,0,0,154,23
1865,no parking,0,0,0,0,0,4,630,621,0,0,0,0,0,0,0,0,0,0,0,0,0,15,128,29,0,0,12,51,0,0,0,0,12,7,0,0,28,591,12,0,0,25,1558,86,0,0,0,0,710,34,0,0,356,449,0,0,0,196,146,0,0,0,0,0
1865,parking place,0,0,4,1,0,3,364,26,0,0,0,0,0,0,0,0,0,0,0,0,0,7,106,17,0,0,36,32,0,0,0,0,0,0,0,0,0,0,0,0,0,0,301,63,0,0,0,0,0,0,0,0,0,0,0,0,0,0,0,0,0,0,0,0
2739,no parking,0,0,0,0,0,0,338,25,0,0,0,0,0,0,0,0,65,0,0,0,27,7,64,0,0,1,9,0,0,0,0,0,119,1,0,0,130,233,3,0,0,19,114,0,0,0,0,0,137,1,0,0,101,4,0,0,0,0,24,0,0,0,7,171
1376,no parking,0,0,0,0,0,0,0,0,0,0,0,0,0,0,0,0,0,0,0,0,0,2,1230,0,0,0,43,0,0,0,0,0,0,0,0,0,0,923,13,0,0,62,720,84,0,0,32,82,0,0,0,0,0,646,0,0,0,74,494,26,0,0,74,601
323,no parking,37,379,0,0,0,0,0,0,0,0,0,0,0,0,0,0,225,389,0,0,39,722,15,0,0,0,0,0,0,0,0,0,46,19,0,0,30,695,95,0,0,55,731,0,0,0,0,0,0,0,0,0,0,0,0,0,0,0,0,0,0,0,0,0
1504,no parking,0,179,85,0,0,7,3,0,0,0,0,0,0,0,0,0,60,182,0,0,1,79,51,0,0,0,0,0,0,0,0,0,19,33,0,0,0,75,49,0,0,3,374,26,0,0,0,1,0,0,0,0,0,0,0,0,0,0,20,7,0,0,0,0
1353,no parking,2037,1082,514,0,317,547,1509,78,0,0,0,0,0,0,0,0,369,85,0,0,787,2910,261,4,23,424,174,6,0,0,0,0,1280,30,0,0,2227,4430,23,0,2,978,7595,69,0,0,4,3,6,0,0,0,166,1029,0,0,0,72,327,0,0,0,0,2
1510,no parking,41,62,14,0,0,0,8,0,0,0,0,0,0,0,0,0,81,51,0,0,0,62,16,0,0,0,0,0,0,0,0,0,3,4,0,0,0,18,1,0,0,0,0,0,0,0,0,0,0,0,0,0,0,0,0,0,0,0,0,0,0,0,0,0
836,no parking,180,52,0,0,4,11,376,2,0,0,0,0,0,0,0,0,21,48,0,0,18,344,204,1,0,3,19,4,0,0,0,0,23,219,0,0,2,565,25,0,0,21,237,25,0,0,0,0,0,0,0,0,0,0,0,0,0,0,4,0,0,0,0,0
2187,no parking,0,0,0,0,0,0,0,0,0,0,0,0,0,0,0,0,0,0,0,0,0,0,0,0,0,0,3,25,0,0,0,0,0,0,0,0,0,3,5,0,0,0,24,14,0,0,0,15,0,0,0,0,0,3,2,0,0,3,40,10,0,0,1,76
582,no parking,0,0,0,0,0,0,6,2,0,0,0,0,0,0,0,0,0,0,0,0,0,1,7,4,0,0,0,0,0,0,0,0,0,0,0,0,0,21,12,0,0,1,30,3,0,0,0,0,0,0,0,0,0,1,1,0,0,0,11,0,0,0,0,0
403,no parking,0,0,0,0,0,0,23,13,0,0,0,0,0,0,0,0,0,0,0,0,0,0,30,2,0,0,1,3,0,0,0,0,0,9,0,0,0,70,32,0,0,2,44,3,0,0,14,0,0,0,0,0,0,3,7,0,0,0,32,0,0,0,0,1
2481,no parking,0,0,0,0,0,0,17,2,0,0,0,0,0,0,0,0,0,0,0,0,0,0,14,0,0,0,0,0,0,0,0,0,0,0,0,0,0,14,3,0,0,6,31,2,0,0,0,0,0,0,0,0,0,9,0,0,0,1,63,0,0,0,14,0
2481,no parking,0,0,0,0,0,0,0,0,0,0,0,0,0,0,0,0,0,0,0,0,0,0,0,0,0,0,18,14,0,0,0,0,0,0,0,0,0,0,0,0,0,0,147,34,0,0,1,3,0,0,0,0,0,0,0,0,0,0,31,10,0,0,10,56
1563,no parking,0,0,2,0,0,7,172,0,0,0,0,0,0,0,0,0,0,0,0,0,0,28,56,0,0,0,5,0,0,0,0,0,151,0,0,0,60,243,34,0,0,16,187,0,0,0,0,0,0,0,0,0,0,0,0,0,0,0,0,0,0,0,0,0
1356,no parking,1,48,0,0,0,41,2,0,0,0,0,0,0,0,0,0,49,1,0,0,5,182,21,0,0,3,4,0,0,0,0,0,58,5,0,0,23,254,9,0,0,19,643,0,0,0,0,0,0,0,0,0,0,0,0,0,0,0,0,0,0,0,0,0
1507,no parking,0,0,0,0,0,0,0,0,0,0,0,0,0,0,0,0,8,0,0,0,8,26,0,0,0,0,0,0,0,0,0,0,0,0,0,0,0,14,0,0,0,7,16,0,0,0,0,0,0,0,0,0,0,0,0,0,0,0,7,0,0,0,3,373
709,no parking,10,8,12,0,5,14,26,0,0,0,0,0,0,0,0,0,8,1,0,0,21,30,13,0,0,3,2,0,0,0,0,0,60,5,0,0,10,55,9,0,0,20,7,0,0,2,1,0,0,0,0,0,0,1,0,0,0,0,0,0,0,0,1,0
1301,no parking,0,20,0,0,0,0,0,0,0,0,0,0,0,0,0,0,0,1,0,0,0,29,3,0,0,0,0,48,0,0,0,11,0,0,0,0,0,0,2,0,0,0,32,44,0,0,0,35,0,0,0,0,0,0,0,0,0,0,0,1,0,0,1,371
1301,no stopping,1,181,15,0,0,0,5,0,0,0,0,0,0,0,0,0,84,45,0,0,0,79,51,0,0,0,0,0,0,0,0,0,291,27,0,0,0,253,73,0,0,3,82,0,0,0,0,0,0,0,0,0,0,0,0,0,0,0,0,0,0,0,0,0
1301,parking place,0,50,33,0,0,8,16,0,0,0,0,0,0,0,0,0,0,0,0,0,0,10,38,0,0,0,9,1,0,0,0,0,0,0,0,0,0,0,0,0,0,0,4,0,0,0,0,0,0,0,0,0,0,0,0,0,0,0,0,0,0,0,0,0
1301,parking place,0,0,0,0,0,0,0,0,0,0,0,0,0,0,0,0,0,0,0,0,0,0,3,0,0,0,4,0,0,0,0,0,0,0,0,0,0,0,0,0,0,0,8,18,0,0,0,9,0,0,0,0,0,0,0,0,0,0,0,0,0,0,0,48
312,no parking,270,438,0,0,0,28,7,0,0,0,0,0,0,0,0,0,443,57,0,0,4,379,26,0,0,1,7,0,0,0,0,0,0,0,0,0,0,40,0,0,0,17,19,0,0,0,0,0,0,0,0,0,0,0,0,0,0,0,0,0,0,0,0,0
2410,no parking,0,0,0,0,0,0,87,2736,0,0,0,0,0,0,0,0,0,0,0,0,0,8,88,88,0,0,61,254,0,0,0,0,0,0,0,0,0,0,0,0,0,0,6380,3166,0,0,1,13,0,0,0,0,0,0,0,0,0,0,0,0,0,0,0,0
1344,no parking,0,0,0,0,0,0,0,0,0,0,0,0,0,0,0,0,0,0,0,0,0,35,870,0,0,0,31,0,0,0,0,0,0,0,0,0,0,1366,86,0,0,68,961,0,0,0,0,0,0,0,0,0,0,0,0,0,0,0,0,0,0,0,0,0
2374,no parking,0,0,23,2,0,0,25,12,0,0,0,0,0,0,0,0,0,0,0,0,0,0,11,2,0,0,4,7,0,0,0,0,0,0,0,0,0,0,0,0,0,0,3,31,0,0,0,40,0,0,0,0,0,0,0,0,0,0,0,3,0,0,0,107
981,no parking,0,13,98,0,0,5,18,0,0,0,0,0,0,0,0,0,4,11,0,0,0,14,14,1,0,0,1,8,0,0,0,0,112,17,0,0,4,57,12,0,0,0,104,6,0,0,0,0,0,0,0,0,0,1,2,0,0,0,4,0,0,0,0,0
981,turn,110,86,172,16,16,12,11,1,0,0,0,0,0,0,0,0,2,0,0,0,14,23,19,2,0,0,13,1,0,0,0,0,0,0,0,0,0,2,1,0,0,11,87,18,0,0,0,1,0,0,0,0,0,0,0,0,0,0,12,0,0,0,3,17
981,turn,0,0,47,31,0,1,34,28,0,0,0,0,0,0,0,0,0,0,0,0,0,0,12,7,0,0,4,17,0,0,0,0,0,0,0,0,0,0,0,0,0,0,82,22,0,0,0,0,0,0,0,0,0,0,0,0,0,0,4,0,0,0,0,0
2891,no parking,0,16,419,0,0,2,35,0,0,0,0,0,0,0,0,0,1,0,0,0,0,1,45,0,0,0,10,0,0,0,0,0,565,60,0,0,4,157,34,0,0,7,393,1,0,0,0,0,0,0,0,0,0,0,0,0,0,0,0,0,0,0,0,0
2891,parking place,0,34,115,0,0,16,5,0,0,0,0,0,0,0,0,0,0,0,0,0,0,1,47,0,0,0,14,0,0,0,0,0,0,0,0,0,0,0,0,0,0,0,62,0,0,0,0,0,0,0,0,0,0,0,0,0,0,0,0,0,0,0,0,0
493,no parking,0,0,0,0,0,0,0,0,0,0,0,0,0,0,0,0,0,0,0,0,0,33,9,0,0,0,0,0,0,0,0,0,0,0,0,0,0,25,14,0,0,1,84,0,0,0,0,0,0,0,0,0,0,13,1,0,0,3,162,0,0,0,68,29
1632,no parking,0,49,172,0,0,2,11,0,0,0,0,0,0,0,0,0,2,3,0,0,0,14,44,0,0,0,1,0,0,0,0,0,267,21,0,0,6,194,55,0,0,17,224,0,0,0,0,0,0,0,0,0,0,3,0,0,0,0,0,0,0,0,0,0
2669,no parking,11,2,0,0,1,0,6,111,0,0,0,0,0,0,0,0,3,1,0,0,5,30,10,11,0,0,6,18,0,0,0,0,0,0,0,0,0,16,0,0,0,32,80,29,0,0,11,24,0,0,0,0,0,0,0,0,0,0,72,3,0,0,156,64
2153,no parking,0,0,0,0,0,1,0,0,0,0,0,0,0,0,0,0,0,0,0,0,0,54,15,0,0,0,1,0,0,0,0,0,0,0,0,0,0,1,1,0,0,0,17,0,0,0,0,0,0,0,0,0,0,0,0,0,0,0,0,0,0,0,0,0
2153,no parking,0,27,63,0,0,24,63,0,0,0,0,0,0,0,0,0,101,43,0,0,18,123,58,0,0,2,11,0,0,0,0,0,26,18,0,0,2,80,48,0,0,4,129,0,0,0,0,0,0,0,0,0,0,0,0,0,0,0,0,0,0,0,0,0
3147,no parking,408,1778,0,0,0,0,0,0,0,0,0,0,0,0,0,0,1700,191,0,0,64,885,0,0,0,0,0,0,0,0,0,0,282,0,0,0,4,4,0,0,0,1,8,0,0,0,0,0,0,0,0,0,0,0,0,0,0,0,0,0,0,0,0,0
1905,no parking,0,0,0,0,0,0,0,0,0,0,0,0,0,0,0,0,0,0,0,0,0,18,1,0,0,0,53,8,0,0,0,0,0,0,0,0,0,1,0,0,0,1,27,18,0,0,0,17,0,0,0,0,0,5,2,0,0,0,43,10,0,0,3,99
3035,no parking,0,0,0,0,0,0,0,51,0,0,0,0,0,0,0,0,0,0,0,0,0,0,3,22,0,0,0,3,0,0,0,0,0,0,0,0,0,0,1,1,0,0,2,18,0,0,0,0,0,0,0,0,0,4,2,0,0,16,130,18,0,0,4,116
3035,no parking,0,0,0,0,0,0,0,152,0,0,0,0,0,0,0,0,0,0,0,0,0,0,7,24,0,0,0,9,0,0,0,0,0,0,0,0,0,6,4,0,0,0,23,35,0,0,0,12,0,0,0,0,6,229,3,0,0,5,99,26,0,0,1,142
313,no parking,0,0,0,0,0,0,0,0,0,0,0,0,0,0,0,0,0,0,0,0,0,0,0,0,0,0,0,0,0,0,0,0,0,0,0,0,0,2,0,0,0,3,16,0,0,0,0,17,0,0,0,0,0,0,0,0,0,0,4,0,0,0,0,127
313,parking place,0,40,0,0,0,1,0,0,0,0,0,0,0,0,0,0,0,0,0,0,0,7,22,0,0,0,0,0,0,0,0,0,0,0,0,0,0,0,0,0,0,0,0,0,0,0,0,0,0,0,0,0,0,0,0,0,0,0,0,0,0,0,0,0
487,no parking,168,12,511,0,1,4,25,0,0,0,0,0,0,0,0,0,190,23,0,0,7,148,41,2,0,2,23,16,0,0,0,0,598,11,0,0,0,109,41,0,0,19,290,7,0,0,1,0,0,0,0,0,0,0,0,0,0,0,4,0,0,0,2,1
2549,no parking,55,1,0,0,35,0,26,329,0,0,0,0,0,0,0,0,6,1,0,0,204,75,27,27,0,0,25,22,0,0,0,0,1,0,0,0,37,333,2,0,0,29,91,49,0,0,2,15,0,0,0,0,4,264,0,0,0,3,125,14,0,0,3,19
2513,no parking,0,0,32,2,0,1,36,1,0,0,0,0,0,0,0,0,0,0,0,0,0,1,18,4,0,0,5,3,0,0,0,0,0,0,0,0,0,0,0,0,0,0,220,1,0,0,0,0,0,0,0,0,0,0,0,0,0,0,0,0,0,0,0,0
2142,no parking,0,0,0,0,0,0,10,447,0,0,0,0,0,0,0,0,0,0,0,0,0,0,27,40,0,0,3,54,0,0,0,0,285,142,0,0,23,338,65,0,0,7,231,202,0,0,3,81,5,4,0,0,0,17,3,0,0,6,111,26,0,0,4,266
2142,parking place,0,0,0,0,0,0,40,93,0,0,0,0,0,0,0,0,0,0,0,0,0,0,23,21,0,0,8,57,0,0,0,0,0,0,0,0,0,0,0,0,0,0,1,77,0,0,0,40,0,0,0,0,0,0,0,0,0,0,0,0,0,0,0,1
1862,no parking,0,0,0,0,0,55,2272,0,0,0,0,0,0,0,0,0,0,0,0,0,0,46,247,0,0,0,92,0,0,0,0,0,0,0,0,0,1,824,2,0,0,145,3236,33,0,0,4,0,1,0,0,0,404,2565,0,0,0,205,924,0,0,0,11,0
1862,parking place,0,0,0,0,0,58,734,0,0,0,0,0,0,0,0,0,0,0,0,0,0,46,124,0,0,0,155,1,0,0,0,0,0,0,0,0,0,0,0,0,0,0,379,17,0,0,2,0,0,0,0,0,0,0,0,0,0,0,24,0,0,0,0,0
1935,no parking,360,82,1,2,1,83,145,670,0,0,0,0,0,0,0,0,2,2,0,0,0,373,69,10,0,0,39,41,0,0,0,0,855,20,0,0,43,242,12,0,0,13,381,70,0,0,0,0,74,0,0,0,3,2,0,0,0,0,13,0,0,0,0,0
896,no parking,171,2323,0,0,0,21,0,0,0,0,0,0,0,0,0,0,3165,181,0,0,149,2766,7,0,0,0,0,0,0,0,0,0,149,20,0,0,18,1457,0,0,0,1,0,0,0,0,0,0,0,0,0,0,0,0,0,0,0,0,0,0,0,0,0,0
603,no parking,0,209,40,0,0,1,5,0,0,0,0,0,0,0,0,0,0,2,0,0,0,55,36,0,0,1,2,0,0,0,0,0,6,59,0,0,10,370,83,0,0,2,372,2,0,0,0,0,0,0,0,0,0,0,0,0,0,0,3,0,0,0,0,0
603,no stopping,169,61,164,0,0,4,13,0,0,0,0,0,0,0,0,0,91,10,0,0,5,59,69,0,0,0,0,0,0,0,0,0,355,50,0,0,1,172,70,0,0,0,2,0,0,0,0,0,0,0,0,0,0,0,0,0,0,0,0,0,0,0,0,0
2372,no parking,0,409,2221,0,0,25,107,8,0,0,0,0,0,0,0,0,117,111,0,0,10,657,210,48,0,12,77,112,0,0,0,0,3075,181,0,0,16,607,265,0,0,8,2861,137,0,0,0,0,0,2,0,0,0,182,48,0,0,3,147,0,0,0,0,0
1856,no parking,56,31,0,0,0,10,6,0,0,0,0,0,0,0,0,0,2,2,0,0,0,16,25,1,0,0,39,27,0,0,0,0,0,0,0,0,0,41,43,0,0,20,347,12,0,0,0,0,0,0,0,0,0,0,0,0,0,0,4,0,0,0,0,0
2620,no parking,0,0,0,0,0,0,0,0,0,0,0,0,0,0,0,0,0,0,0,0,27,159,0,0,3,1,0,636,0,0,0,0,0,0,0,0,0,71,0,0,8,266,63,63,0,0,0,67,0,0,0,0,0,253,2,0,0,400,531,2,0,0,138,523
26,no parking,0,252,0,0,0,18,4,0,0,0,0,0,0,0,0,0,96,16,0,0,1,85,50,0,0,0,2,0,0,0,0,0,267,11,0,0,2,172,49,0,0,7,228,0,0,0,0,0,0,0,0,0,0,0,0,0,0,0,0,0,0,0,0,0
2426,no parking,0,0,0,0,0,0,0,0,0,0,0,0,0,0,0,0,0,0,0,0,0,0,1,3,0,0,0,0,0,0,0,0,0,0,0,0,0,0,2,1,0,0,3,4,0,0,0,0,0,0,0,0,0,0,0,0,0,0,7,1,0,0,0,20
2426,parking place,0,0,0,0,0,0,2,116,0,0,0,0,0,0,0,0,0,0,0,0,1,11,10,599,0,0,2,40,0,0,0,0,0,0,0,0,0,0,0,0,0,1,50,79,0,0,0,60,0,0,0,0,0,0,0,0,0,0,0,0,0,0,2,435
2399,no parking,11,3,0,0,0,0,0,0,0,0,0,0,0,0,0,0,11,2,0,0,7,27,0,0,0,0,1,278,0,0,0,0,0,0,0,0,0,3,0,0,0,4,48,25,0,0,0,26,0,0,0,0,0,331,11,0,0,10,160,12,0,0,13,313
665,no parking,0,0,0,0,0,0,0,0,0,0,0,0,0,0,0,0,0,0,0,0,0,4,25,0,0,0,0,0,0,0,0,0,0,0,0,0,0,0,4,0,0,0,15,0,0,0,0,0,0,0,0,0,0,0,0,0,0,0,0,0,0,0,0,0
2987,no parking,0,0,0,0,0,0,51,11,0,0,0,0,0,0,0,0,8,0,0,0,1,8,20,0,0,0,1,0,0,0,0,0,79,1,0,0,6,53,17,0,0,18,21,0,0,0,0,0,0,0,0,0,0,0,0,0,0,1,6,0,0,0,2,0
2646,no parking,19,5,2,0,9,57,105,0,0,0,0,0,0,0,0,0,4,0,0,0,134,226,56,0,0,25,37,0,0,0,0,0,0,0,0,0,227,307,0,0,3,323,153,0,0,0,1,0,0,0,0,0,76,18,0,0,0,24,17,0,0,1,4,0
290,no parking,0,2,32,8,0,0,1,0,0,0,0,0,0,0,0,0,0,0,0,0,0,1,7,2,0,0,0,1,0,0,0,0,0,4,0,0,1,39,11,0,0,0,11,12,0,0,2,1,0,2,0,0,0,30,6,0,0,0,53,2,0,0,18,10
290,parking place,0,0,3,0,0,0,0,0,0,0,0,0,0,0,0,0,0,0,0,0,0,4,10,0,0,0,2,0,0,0,0,0,0,0,0,0,0,0,0,0,0,0,6,19,0,0,0,3,0,0,0,0,0,0,0,0,0,0,0,1,0,0,0,8
1554,no parking,0,1,40,91,0,1,29,59,0,0,0,0,0,0,0,0,1,2,1,0,0,11,20,14,0,0,0,18,0,0,0,0,188,57,0,0,2,111,65,0,0,0,149,122,0,0,0,0,0,0,0,0,0,9,14,0,0,0,19,0,0,0,0,0
1311,no parking,0,0,0,0,0,0,53,176,0,0,0,0,0,0,0,0,0,0,0,0,0,3,35,2,0,0,12,12,0,0,0,0,0,0,0,0,0,1,1,0,0,0,57,39,0,0,0,0,0,0,0,0,0,0,0,0,0,30,460,21,0,0,48,308
2340,no parking,0,1,12,0,0,6,302,0,0,0,0,0,0,0,0,0,0,0,0,0,0,112,60,0,0,0,4,0,0,0,0,0,0,0,0,0,29,336,25,0,0,50,488,0,0,0,0,0,0,0,0,0,2,1,0,0,0,0,0,0,0,0,0,0
2340,parking place,0,4,5,0,0,18,57,0,0,0,0,0,0,0,0,0,0,0,0,0,0,2,13,1,0,0,19,1,0,0,0,0,0,0,0,0,0,0,0,0,0,0,10,0,0,0,0,0,0,0,0,0,0,0,0,0,0,0,0,0,0,0,0,0
3169,no parking,6,162,0,0,0,4,0,0,0,0,0,0,0,0,0,0,140,4,0,0,5,47,13,0,0,0,1,0,0,0,0,0,39,6,0,0,7,97,49,0,0,4,140,0,0,0,0,0,0,0,0,0,0,1,2,0,0,0,1,0,0,0,0,0
129,no parking,0,0,0,0,0,0,77,31,0,0,0,0,0,0,0,0,0,1,0,0,0,2,27,6,0,0,2,1,0,0,0,0,84,32,0,0,4,100,24,0,0,5,182,21,0,0,0,3,0,0,0,0,0,0,0,0,0,0,11,3,0,0,1,8
837,no parking,53,22,0,0,11,38,4,367,0,0,0,0,0,0,0,0,0,3,0,0,0,138,52,5,0,15,73,42,0,0,0,0,102,319,0,0,0,83,20,0,0,0,125,97,0,0,0,6,4,31,0,0,0,6,11,0,0,0,27,10,0,0,0,1
298,no parking,2,15,1326,324,0,0,18,9,0,0,0,0,0,0,0,0,132,62,0,0,0,43,83,21,0,1,2,9,0,0,0,0,1687,59,0,0,0,1259,130,1,0,7,537,24,0,0,1,1,20,16,0,0,0,443,14,0,0,3,108,20,0,0,7,161
903,no parking,115,32,0,0,0,46,241,4475,0,0,0,0,0,0,0,0,685,79,0,0,511,1819,127,61,0,0,58,250,0,0,0,0,5360,404,0,0,5,2274,90,0,0,15,1140,813,0,0,3,130,494,1,0,0,0,81,13,0,0,2,460,85,0,0,0,12
2093,no parking,240,57,195,0,1,18,181,0,0,0,0,0,0,0,0,0,81,8,0,0,44,104,37,0,0,0,10,1,0,0,0,0,48,2,0,0,296,407,12,0,0,32,44,0,0,0,0,0,33,0,0,0,80,41,0,0,0,2,0,0,0,0,0,0
1458,no parking,0,141,9,0,0,4,0,0,0,0,0,0,0,0,0,0,0,12,0,0,0,72,39,0,0,0,0,0,0,0,0,0,0,1,0,0,1,424,74,0,0,5,272,0,0,0,0,0,0,0,0,0,0,0,0,0,0,0,2,0,0,0,0,0
2450,no parking,0,183,3,0,0,3,1,0,0,0,0,0,0,0,0,0,0,7,0,0,0,32,22,0,0,0,0,0,0,0,0,0,7,59,0,0,4,270,46,0,0,5,290,0,0,0,1,0,0,0,0,0,0,2,0,0,0,1,16,0,0,0,0,0
2450,parking place,86,1912,4,0,0,40,6,0,0,0,0,0,0,0,0,0,1,1,0,0,4,196,159,0,0,1,31,0,0,0,0,0,0,0,0,0,0,8,7,0,0,4,818,8,0,0,0,0,0,0,0,0,0,0,0,0,0,0,0,0,0,0,0,0
245,no parking,0,66,15,0,0,3,3,0,0,0,0,0,0,0,0,0,114,24,0,0,0,133,16,0,0,0,0,0,0,0,0,0,0,0,0,0,0,0,0,0,0,0,0,0,0,0,0,0,0,0,0,0,0,0,0,0,0,0,0,0,0,0,0,0
245,parking place,0,49,0,0,0,2,1,0,0,0,0,0,0,0,0,0,0,0,0,0,0,1,37,0,0,0,0,0,0,0,0,0,0,0,0,0,0,0,0,0,0,0,0,0,0,0,0,0,0,0,0,0,0,0,0,0,0,0,0,0,0,0,0,0
1384,no parking,7,2028,0,0,0,18,0,0,0,0,0,0,0,0,0,0,2245,148,0,0,50,465,78,0,0,0,2,0,0,0,0,0,359,2,0,0,32,577,53,0,0,159,2507,0,0,0,0,0,0,0,0,0,0,0,0,0,0,0,0,0,0,0,0,0
1384,parking place,80,1892,0,0,0,18,0,0,0,0,0,0,0,0,0,0,0,5,0,0,0,297,107,0,0,0,16,0,0,0,0,0,0,0,0,0,0,0,7,0,0,0,1055,0,0,0,0,0,0,0,0,0,0,0,0,0,0,0,0,0,0,0,0,0
2713,no parking,0,1,14,0,0,1,30,0,0,0,0,0,0,0,0,0,0,0,0,0,0,2,13,0,0,0,9,0,0,0,0,0,0,0,0,0,0,0,0,0,0,0,134,6,0,0,0,0,0,0,0,0,0,0,0,0,0,0,0,0,0,0,0,0
2713,parking place,0,2,1,0,0,0,1,0,0,0,0,0,0,0,0,0,0,0,0,0,0,1,26,0,0,0,4,1,0,0,0,0,0,0,0,0,0,0,0,0,0,0,17,3,0,0,0,0,0,0,0,0,0,0,0,0,0,0,0,0,0,0,0,0
2713,turn,11,6,0,0,0,10,206,0,0,0,0,0,0,0,0,0,4,0,0,0,3,158,322,0,0,23,21,0,0,0,0,0,0,0,0,0,0,7,2,0,0,32,20,0,0,0,0,0,0,0,0,0,0,0,0,0,0,0,0,0,0,0,0,0
2150,no parking,0,0,11,0,0,6,350,24,0,0,0,0,0,0,0,0,0,0,0,0,0,4,31,5,0,0,7,24,0,0,0,0,213,30,0,0,35,343,27,0,0,10,456,27,0,0,0,0,19,1,0,0,0,13,5,0,0,6,33,0,0,0,0,0
1640,no parking,105,285,92,0,0,8,6,0,0,0,0,0,0,0,0,0,65,0,0,0,94,187,36,0,0,0,5,0,0,0,0,0,265,1,0,0,214,288,12,0,0,80,60,0,0,0,0,0,0,0,0,0,0,3,0,0,0,0,0,0,0,0,0,0
423,no parking,0,16,0,0,0,1,0,0,0,0,0,0,0,0,0,0,16,2,0,0,1,16,0,0,0,0,0,0,0,0,0,0,1,0,0,0,0,16,0,0,0,9,10,0,0,0,0,0,0,0,0,0,0,0,0,0,0,0,0,0,0,0,0,0
423,turn,92,141,208,0,0,21,16,0,0,0,0,0,0,0,0,0,0,0,0,0,1,110,30,0,0,2,3,1,0,0,0,0,0,0,0,0,0,15,0,0,0,16,88,0,0,0,0,0,0,0,0,0,0,0,0,0,0,0,0,0,0,0,0,0
431,no parking,0,93,0,0,0,19,0,0,0,0,0,0,0,0,0,0,0,14,0,0,0,61,23,0,0,0,1,0,0,0,0,0,0,1,0,0,4,291,35,0,0,9,139,0,0,0,0,0,0,0,0,0,0,2,1,0,0,1,46,0,0,0,0,0
1619,no parking,0,47,205,0,0,0,12,0,0,0,0,0,0,0,0,0,0,8,0,0,0,12,23,2,0,0,2,4,0,0,0,0,271,1,0,0,20,95,28,0,0,11,258,16,0,0,0,0,55,0,0,0,1,69,7,0,0,7,70,0,0,0,0,0
2982,no parking,0,39,420,0,0,4,23,0,0,0,0,0,0,0,0,0,0,1,0,0,0,2,56,0,0,0,3,1,0,0,0,0,496,38,0,0,9,190,44,0,0,25,518,9,0,0,0,0,55,1,0,0,1,20,2,0,0,2,20,1,0,0,0,0
2494,no parking,48,224,6,0,0,2,3,0,0,0,0,0,0,0,0,0,66,2,0,0,36,62,23,0,0,0,1,0,0,0,0,0,277,1,0,0,53,197,29,0,0,3,40,1,0,0,0,0,0,0,0,0,0,2,0,0,0,0,4,0,0,0,0,0
1888,no parking,0,96,232,0,0,63,142,0,0,0,0,0,0,0,0,0,8,15,0,0,1,446,199,0,0,0,20,0,0,0,0,0,380,50,0,0,9,441,54,0,0,1,819,0,0,0,0,0,0,0,0,0,0,0,0,0,0,0,0,0,0,0,0,0
1888,parking place,0,50,31,0,0,61,34,0,0,0,0,0,0,0,0,0,0,0,0,0,0,26,121,0,0,0,75,0,0,0,0,0,0,0,0,0,0,0,0,0,0,0,172,0,0,0,0,0,0,0,0,0,0,0,0,0,0,0,0,0,0,0,0,0
491,no parking,0,0,0,0,0,0,0,0,0,0,0,0,0,0,0,0,0,1,0,0,0,11,21,0,0,0,0,0,0,0,0,0,0,0,0,0,0,2,12,0,0,0,13,0,0,0,0,0,0,0,0,0,0,0,0,0,0,0,0,0,0,0,0,0
491,parking place,0,82,20,0,0,36,33,0,0,0,0,0,0,0,0,0,0,17,0,0,0,101,38,0,0,0,12,0,0,0,0,0,0,0,0,0,0,0,2,0,0,0,4,0,0,0,0,0,0,0,0,0,0,0,0,0,0,0,0,0,0,0,0,0
1237,no parking,0,0,0,0,0,0,8,0,0,0,0,0,0,0,0,0,0,1,0,0,0,5,12,0,0,0,4,0,0,0,0,0,0,0,0,0,0,3,0,0,0,3,26,2,0,0,0,0,0,0,0,0,0,0,0,0,0,0,0,0,0,0,0,0
2521,no parking,0,59,12,0,0,36,2,0,0,0,0,0,0,0,0,0,0,2,0,0,0,104,56,0,0,0,0,0,0,0,0,0,0,0,0,0,0,164,79,0,0,0,162,0,0,0,0,0,0,0,0,0,0,0,0,0,0,0,0,0,0,0,0,0
326,no parking,0,0,0,0,0,0,0,0,0,0,0,0,0,0,0,0,0,0,0,0,0,6,0,0,0,0,0,25,0,0,0,0,0,0,0,0,0,18,0,0,0,8,8,18,0,0,0,5,0,0,0,0,0,0,0,0,0,0,24,0,0,0,8,179
1457,no parking,0,3,0,0,0,0,0,0,0,0,0,0,0,0,0,0,0,3,0,0,0,19,3,0,0,0,0,0,0,0,0,0,0,0,0,0,0,7,0,0,0,0,13,0,0,0,0,0,0,0,0,0,0,0,0,0,0,0,0,0,0,0,0,0
976,no parking,0,38,824,19,0,53,530,50,0,0,0,0,0,0,0,0,276,401,0,0,0,334,527,28,0,0,128,29,0,0,0,0,1016,213,0,0,0,175,213,0,0,0,1217,24,0,0,0,0,0,0,0,0,0,1,5,0,0,0,5,0,0,0,0,0
27,no parking,0,0,0,0,0,0,0,27,0,0,0,0,0,0,0,0,0,0,0,0,0,0,5,12,0,0,0,4,0,0,0,0,0,0,0,0,0,3,2,0,0,0,20,18,0,0,0,0,0,0,0,0,0,38,12,0,0,4,49,4,0,0,4,54
2538,no parking,26,17,0,0,3,1,40,27,0,0,0,0,0,0,0,0,0,1,0,0,2,39,39,1,0,0,17,2,0,0,0,0,0,0,0,0,0,9,3,0,0,1,112,2,0,0,0,0,0,0,0,0,0,0,0,0,0,0,0,0,0,0,0,0
801,no parking,0,0,0,0,0,0,0,14,0,0,0,0,0,0,0,0,0,0,0,0,0,20,4,16,0,0,3,14,0,0,0,0,0,0,0,0,0,36,3,0,0,56,146,16,0,0,0,8,0,0,0,0,0,0,0,0,0,0,19,1,0,0,15,709
2676,no parking,0,0,0,0,0,0,1,109,0,0,0,0,0,0,0,0,0,0,0,0,0,0,1,11,0,0,0,4,0,0,0,0,0,0,0,0,0,0,0,0,0,0,0,10,0,0,0,4,0,0,0,0,0,141,6,0,0,7,65,15,0,0,2,153
2676,parking place,0,0,0,0,0,0,3,19,0,0,0,0,0,0,0,0,0,0,0,0,0,0,4,15,0,0,1,11,0,0,0,0,0,0,0,0,0,0,0,0,0,0,0,8,0,0,0,1,0,0,0,0,0,0,0,0,0,0,0,0,0,0,0,37
885,no parking,0,9,0,0,0,0,0,0,0,0,0,0,0,0,0,0,0,11,0,0,0,23,13,0,0,0,0,0,0,0,0,0,0,0,0,0,0,15,12,0,0,0,17,0,0,0,0,0,0,0,0,0,0,0,0,0,0,0,0,0,0,0,0,0
1620,no parking,0,2,82,27,0,0,7,6,0,0,0,0,0,0,0,0,0,8,6,0,0,23,34,19,0,0,0,0,0,0,0,0,0,0,0,0,0,193,60,2,0,7,57,60,0,0,0,0,0,0,0,0,0,60,3,0,0,3,178,5,0,0,12,202
1620,parking place,0,0,0,0,0,0,0,1808,0,0,0,184,0,0,0,0,0,0,0,0,0,28,4,266,0,7,9,521,0,0,0,0,0,0,0,0,0,0,0,0,0,1,285,357,0,0,4,392,0,0,0,0,0,0,0,0,0,0,1,0,0,0,3,1278
1652,no parking,0,0,0,0,0,0,130,312,0,0,0,0,0,0,0,0,0,0,0,0,0,0,120,150,0,0,26,2,0,0,0,0,0,0,0,0,0,14,0,0,0,4,118,38,0,0,4,23,0,0,0,0,0,887,0,0,0,74,219,0,0,0,72,942
2613,no parking,0,0,0,0,0,0,0,0,0,0,0,0,0,0,0,0,0,0,0,0,0,0,2,123,0,0,2,116,0,0,0,0,0,0,0,0,0,0,0,0,0,0,4,20,0,0,0,13,0,0,0,0,0,222,3,0,0,42,127,2,0,0,16,280
1547,no parking,0,367,425,0,0,9,6,0,0,0,0,0,0,0,0,0,1,66,3,0,0,205,129,0,0,0,2,0,0,0,0,0,65,565,0,0,1,569,117,0,0,4,817,37,0,0,74,0,0,0,0,0,0,1,4,0,0,0,489,4,0,0,70,0
1547,parking place,0,307,315,0,0,14,18,0,0,0,0,0,0,0,0,0,0,0,0,0,0,81,210,0,0,0,27,14,0,0,0,0,0,0,0,0,0,0,0,0,0,0,202,175,0,0,17,66,0,0,0,0,0,0,0,0,0,0,19,4,0,0,33,58
2586,no parking,0,11,3,0,0,1,1,0,0,0,0,0,0,0,0,0,0,1,0,0,0,24,20,0,0,0,4,0,0,0,0,0,0,0,0,0,0,15,4,0,0,0,4,0,0,0,0,0,0,0,0,0,0,0,0,0,0,0,0,0,0,0,0,0
2586,turn,9,23,3,0,0,11,6,2,0,0,0,3,0,0,0,0,1,4,0,0,8,145,16,0,0,0,7,318,0,0,0,208,0,0,0,0,0,8,3,0,0,4,32,20,0,0,0,77,0,0,0,0,0,0,0,0,0,0,20,1,0,0,2,230
2657,no parking,0,91,147,0,0,540,2278,0,0,0,0,0,0,0,0,0,2136,365,0,0,3,588,314,0,0,0,133,3,0,0,0,0,1286,3,0,0,29,689,203,0,0,84,3599,35,0,0,0,0,0,0,0,0,0,0,0,0,0,1,1,0,0,0,0,0
2026,no parking,0,17,0,0,0,6,0,0,0,0,0,0,0,0,0,0,20,7,0,0,23,64,0,0,0,1,0,0,0,0,0,0,0,0,0,0,0,5,0,0,0,9,4,0,0,0,0,0,0,0,0,0,0,0,0,0,0,0,0,0,0,0,0,0
3025,no parking,1,4,0,0,0,0,0,0,0,0,0,0,0,0,0,0,10,36,0,0,1,107,0,0,0,0,0,0,0,0,0,0,0,0,0,0,0,17,0,0,0,6,22,0,0,0,0,0,0,0,0,0,0,0,0,0,0,0,0,0,0,0,0,0
1469,no parking,8,1,0,0,0,0,0,0,0,0,0,0,0,0,0,0,5,11,0,0,0,12,0,0,0,0,0,0,0,0,0,0,0,0,0,0,0,9,1,0,0,0,9,0,0,0,0,0,0,0,0,0,0,0,0,0,0,0,0,0,0,0,0,0
1469,no stopping,81,274,42,0,0,14,4,0,0,0,0,0,0,0,0,0,322,13,0,0,13,248,37,0,0,0,2,0,0,0,0,0,381,5,0,0,3,196,30,0,0,33,142,0,0,0,0,0,0,0,0,0,0,0,0,0,0,0,9,0,0,0,0,0
1469,no stopping,8,6,0,0,1,2,0,0,0,0,0,0,0,0,0,0,20,25,0,0,1,41,0,0,0,0,0,0,0,0,0,0,0,0,0,0,0,3,0,0,0,0,1,0,0,0,0,0,0,0,0,0,0,0,0,0,0,0,0,0,0,0,0,0
2682,no parking,0,26,204,0,0,48,75,0,0,0,0,0,0,0,0,0,92,56,0,0,8,216,126,0,0,1,21,1,0,0,0,0,219,16,0,0,11,249,53,0,0,47,320,15,0,0,0,9,0,0,0,0,0,0,0,0,0,0,57,2,0,0,65,37
2682,parking place,0,5,20,0,0,32,41,0,0,0,0,0,0,0,0,0,0,0,0,0,0,18,58,0,0,0,32,0,0,0,0,0,0,0,0,0,0,0,0,0,0,0,58,2,0,0,3,0,0,0,0,0,0,0,0,0,0,0,1,0,0,0,8,46
2486,no parking,0,0,0,0,0,0,49,87,0,0,0,0,0,0,0,0,0,0,0,0,0,0,19,2,0,0,3,4,0,0,0,0,0,0,0,0,0,0,0,0,0,0,1,17,0,0,0,8,0,0,0,0,0,0,0,0,0,0,0,0,0,0,0,290
2486,no parking,0,0,0,0,0,0,27,107,0,0,0,0,0,0,0,0,0,0,0,0,0,0,12,5,0,0,4,6,0,0,0,0,0,0,0,0,0,0,0,0,0,0,2,21,0,0,0,9,0,0,0,0,0,0,0,0,0,0,0,0,0,0,0,327
474,no parking,0,0,0,0,0,0,0,0,0,0,0,0,0,0,0,0,0,0,0,0,0,0,0,0,0,0,0,61,0,0,0,0,0,0,0,0,0,0,7,0,0,0,72,219,0,0,0,0,0,0,0,0,0,0,22,0,0,0,99,70,0,0,0,232
2520,no parking,25,32,302,5,24,4,79,842,0,0,0,0,0,0,0,0,12,6,0,0,148,392,72,13,14,64,48,70,0,0,0,0,92,9,0,0,8,276,14,0,6,252,581,80,0,2,19,44,0,0,0,0,0,203,2,0,0,137,1211,15,0,0,185,312
2602,no parking,3,478,1,0,0,15,11,0,0,0,0,0,0,0,0,0,254,32,0,0,83,261,58,0,0,0,0,0,0,0,0,0,273,4,0,0,42,205,10,0,0,18,56,0,0,0,0,0,0,0,0,0,0,0,0,0,0,0,37,14,0,0,24,424
179,no parking,0,0,0,0,0,0,0,324,0,0,0,1,0,0,0,0,0,0,0,0,0,0,125,311,0,0,27,112,0,0,0,0,0,1,0,0,0,5,0,0,0,2,98,96,0,0,0,45,0,3,0,0,0,392,93,0,0,91,919,97,0,0,23,1885
1036,no parking,0,0,0,0,125,6,64,3845,0,0,0,1,0,0,0,0,11,7,0,0,356,2217,194,153,0,117,100,353,0,0,0,0,180,1822,0,0,0,2518,160,0,0,31,1055,503,0,0,18,231,0,511,0,0,0,232,80,0,0,0,537,289,0,0,35,1485
2365,no parking,64,10,0,0,0,12,627,0,0,0,0,0,0,0,0,0,76,90,0,0,10,776,214,1,0,0,18,4,0,0,0,0,20,199,0,0,4,1269,35,0,0,54,325,12,0,0,0,0,0,0,0,0,0,10,0,0,0,4,9,0,0,0,0,0
2839,no parking,746,1464,0,0,0,34,0,0,0,0,0,0,0,0,0,0,792,40,0,0,144,845,97,0,0,0,1,0,0,0,0,0,1177,9,0,0,83,767,36,0,0,1,1,0,0,0,0,0,0,0,0,0,0,0,0,0,0,0,0,0,0,0,0,0
2398,no parking,0,0,0,0,0,0,0,0,0,0,0,0,0,0,0,0,0,0,0,0,0,1,0,0,0,0,0,19,0,0,0,0,0,0,0,0,0,2,0,0,0,1,5,9,0,0,0,3,0,0,0,0,0,0,3,0,0,0,45,4,0,0,5,47
2483,no parking,47,111,1265,0,1,24,39,0,0,0,0,0,0,0,0,0,1,4,0,0,0,1236,66,3,0,3,55,11,0,0,0,0,1238,287,0,0,11,266,44,0,0,7,620,99,0,0,4,1,329,45,0,0,0,10,6,0,0,2,87,0,0,0,0,0
1317,no parking,117,2,0,0,5,0,0,443,0,0,0,11,0,0,0,0,57,1,0,0,52,188,0,1205,0,37,17,315,0,0,0,0,0,0,0,0,0,10,0,0,0,12,159,122,0,0,2,66,0,0,0,0,0,0,0,0,0,0,1321,0,0,0,1595,2633
2116,no parking,0,0,0,0,0,0,0,0,0,0,0,0,0,0,0,0,1,7,0,0,0,13,1,0,0,0,0,0,0,0,0,0,0,0,0,0,0,31,0,0,0,4,19,0,0,0,0,0,0,0,0,0,0,0,0,0,0,0,1,0,0,0,0,0
236,no parking,0,7,0,0,0,0,0,0,0,0,0,0,0,0,0,0,0,6,0,0,1,12,0,0,0,0,0,0,0,0,0,0,0,0,0,0,0,6,2,0,0,4,18,0,0,0,0,0,0,0,0,0,0,0,0,0,0,0,0,0,0,0,0,0
2653,no parking,0,0,0,0,0,0,11,361,0,0,0,0,0,0,0,0,0,0,0,0,0,0,37,63,0,0,10,61,0,0,0,0,0,0,0,0,0,0,1,0,0,0,933,442,0,0,1,69,0,0,0,0,0,0,0,0,0,0,51,22,0,0,4,66
2447,no parking,0,0,0,0,0,3,73,1,0,0,0,0,0,0,0,0,8,2,0,0,3,37,16,0,0,0,5,1,0,0,0,0,37,6,0,0,5,109,8,0,0,11,45,7,0,0,0,0,5,2,0,0,1,44,3,0,0,8,16,0,0,0,6,0
2447,parking place,3,7,8,0,0,1,33,0,0,0,0,0,0,0,0,0,0,0,0,0,0,5,37,2,0,0,4,3,0,0,0,0,0,0,0,0,0,0,0,0,0,0,11,26,0,0,1,0,0,0,0,0,0,0,0,0,0,0,1,1,0,0,0,0
2447,parking place,0,17,6,0,0,14,4,0,0,0,0,0,0,0,0,0,0,0,0,0,0,13,36,0,0,0,4,0,0,0,0,0,0,0,0,0,0,0,0,0,0,0,33,3,0,0,0,0,0,0,0,0,0,0,0,0,0,0,0,0,0,0,0,0
177,no parking,0,70,350,0,0,4,3,0,0,0,0,0,0,0,0,0,0,373,5,0,0,370,253,0,0,0,0,0,0,0,0,0,0,0,0,0,0,29,234,0,0,0,709,0,0,0,0,0,0,0,0,0,0,0,0,0,0,0,0,0,0,0,0,0
1671,no parking,0,0,0,0,0,1,206,0,0,0,0,0,0,0,0,0,0,0,0,0,0,1,90,0,0,0,4,0,0,0,0,0,0,0,0,0,0,122,16,0,0,4,176,5,0,0,4,0,0,0,0,0,0,263,3,0,0,11,206,0,0,0,66,0
1671,parking place,54,550,0,0,0,10,0,0,0,0,0,0,0,0,0,0,0,0,0,0,0,121,28,0,0,0,0,0,0,0,0,0,0,0,0,0,0,0,3,0,0,0,288,0,0,0,0,0,0,0,0,0,0,0,0,0,0,0,0,0,0,0,0,0
1521,no parking,0,0,0,0,0,0,0,0,0,0,0,0,0,0,0,0,0,0,0,0,0,0,0,0,0,0,0,0,0,0,0,0,0,0,0,0,0,16,15,0,0,0,54,128,0,0,0,7,0,0,0,0,0,9,19,0,0,4,308,70,0,0,24,102
2424,no parking,0,4,72,34,0,0,53,17,0,0,0,0,0,0,0,0,3,113,0,0,1,186,145,12,0,0,8,0,0,0,0,0,0,5,0,0,0,91,33,0,0,0,150,3,0,0,0,0,0,0,0,0,0,0,0,0,0,0,0,0,0,0,0,0
2424,parking place,0,0,3,0,0,0,41,1,0,0,0,0,0,0,0,0,0,0,0,0,0,0,45,11,0,0,16,21,0,0,0,0,0,0,0,0,0,0,0,0,0,0,11,16,0,0,0,0,0,0,0,0,0,0,0,0,0,0,0,0,0,0,0,0
3174,no parking,843,40,1446,6,15,3,160,3,0,0,0,0,0,0,0,0,93,151,2,0,115,293,3,0,0,1,0,0,0,0,0,0,1524,152,0,0,22,255,12,0,0,20,18,0,0,0,0,0,3,0,0,0,0,0,0,0,0,0,0,0,0,0,0,0
616,no parking,0,35,160,0,0,1,21,0,0,0,0,0,0,0,0,0,1,12,1,0,0,22,64,0,0,0,0,0,0,0,0,0,96,128,0,0,0,158,121,0,0,1,301,0,0,0,0,0,0,0,0,0,0,0,0,0,0,0,0,0,0,0,0,0
616,parking place,0,30,12,0,0,7,8,0,0,0,0,0,0,0,0,0,0,0,0,0,0,10,45,0,0,0,21,0,0,0,0,0,0,0,0,0,0,0,0,0,0,0,52,11,0,0,0,0,0,0,0,0,0,0,0,0,0,0,0,0,0,0,0,0
3054,no parking,0,0,0,0,0,0,0,0,0,0,0,0,0,0,0,0,0,0,0,0,0,0,0,0,0,0,0,0,0,0,0,0,0,0,0,0,0,0,0,0,0,0,4,2,0,0,0,0,0,0,0,0,0,0,0,0,0,0,6,51,0,0,0,87
242,no parking,0,7,142,0,0,5,15,0,0,0,0,0,0,0,0,0,8,8,0,0,0,2,27,0,0,0,0,0,0,0,0,0,176,18,0,0,0,71,34,0,0,1,187,1,0,0,0,0,0,0,0,0,0,0,0,0,0,0,0,0,0,0,0,0
242,no stopping,3,2,0,0,0,0,0,0,0,0,0,0,0,0,0,0,3,6,0,0,0,20,0,0,0,0,0,0,0,0,0,0,0,0,0,0,0,12,0,0,0,6,38,0,0,0,0,0,0,0,0,0,0,0,0,0,0,0,0,0,0,0,0,0
242,turn,3,342,0,0,0,9,1,0,0,0,0,0,0,0,0,0,32,2,0,0,46,144,29,0,0,1,10,0,0,0,0,0,0,0,0,0,0,2,0,0,0,1,78,1,0,0,0,0,0,0,0,0,0,0,0,0,0,0,0,0,0,0,0,1
1269,no parking,0,0,0,0,0,3,217,315,0,0,0,0,0,0,0,0,0,0,0,0,0,4,72,21,0,0,10,38,0,0,0,0,103,105,0,0,10,422,48,0,0,39,702,54,0,0,3,0,117,69,0,0,11,191,10,0,0,20,302,0,0,0,21,0
1269,parking place,0,0,0,0,0,0,137,14,0,0,0,0,0,0,0,0,0,0,0,0,0,3,80,7,0,0,32,24,0,0,0,0,0,0,0,0,0,0,0,0,0,0,64,100,0,0,0,0,0,0,0,0,0,0,0,0,0,0,1,0,0,0,0,0
3084,no parking,0,6,106,0,0,0,7,0,0,0,0,0,0,0,0,0,0,0,0,0,0,1,27,0,0,0,0,1,0,0,0,0,109,0,0,0,26,81,16,0,0,11,154,0,0,0,0,0,3,0,0,0,0,8,0,0,0,2,14,0,0,0,0,0
2256,no parking,0,0,0,0,0,0,5,617,0,0,0,0,0,0,0,0,2,10,0,0,0,28,11,30,0,0,5,38,0,0,0,0,627,131,0,0,3,154,27,0,0,0,241,110,0,0,1,214,4,0,0,0,0,23,1,0,0,4,111,31,0,0,3,369
1886,no parking,0,3043,77,0,0,436,266,0,0,0,0,0,0,0,0,0,1459,9,0,0,74,568,274,0,0,0,143,248,0,0,0,0,3537,56,0,0,28,1965,212,0,0,222,4217,60,0,0,4,12,0,0,0,0,0,1,0,0,0,0,61,0,0,0,2,208
2688,no parking,0,1,27,0,0,0,2,0,0,0,0,0,0,0,0,0,0,1,0,0,0,19,24,0,0,0,0,0,0,0,0,0,4,11,0,0,0,75,5,0,0,9,74,0,0,0,0,0,0,0,0,0,0,1,0,0,0,0,2,0,0,0,0,0
744,no parking,0,0,0,0,0,0,0,16,0,0,0,0,0,0,0,0,0,0,0,0,0,0,3,12,0,0,2,9,0,0,0,0,0,0,0,0,0,9,4,0,0,2,33,15,0,0,2,0,0,0,0,0,0,25,3,0,0,20,79,1,0,0,26,11
744,turn,68,7,0,0,12,11,50,808,0,0,1,5,0,0,0,0,0,0,0,0,82,137,25,12,0,7,69,163,0,0,0,0,0,0,0,0,1,4,0,0,1,27,42,191,0,0,2,53,0,0,0,0,0,0,0,0,0,2,0,0,0,3,3,8
888,no parking,0,0,0,0,0,0,54,37,0,0,0,0,0,0,0,0,0,0,0,0,0,1,44,1,0,0,1,1,0,0,0,0,0,0,0,0,0,159,43,0,0,17,190,0,0,0,0,0,0,0,0,0,0,3,0,0,0,0,0,0,0,0,0,0
3087,no parking,0,41,10,0,0,5,13,0,0,0,0,0,0,0,0,0,0,13,0,0,0,61,56,0,0,0,0,0,0,0,0,0,6,16,0,0,0,229,31,0,0,24,196,0,0,0,0,0,0,0,0,0,0,0,0,0,0,0,13,0,0,0,0,0
2367,no parking,24,882,0,0,0,21,0,0,0,0,0,0,0,0,0,0,1180,181,0,0,5,899,332,0,0,1,161,0,0,0,0,0,0,5,0,0,0,29,0,0,0,0,0,0,0,0,0,0,0,0,0,0,0,0,0,0,0,0,0,0,0,0,0,0
2367,parking place,7,300,6,0,0,53,19,0,0,0,0,0,0,0,0,0,0,0,0,0,0,38,116,0,0,0,13,0,0,0,0,0,0,0,0,0,0,0,0,0,0,0,0,0,0,0,0,0,0,0,0,0,0,0,0,0,0,0,0,0,0,0,0,0
2592,no parking,0,0,1,0,0,0,17,7,0,0,0,0,0,0,0,0,0,0,1,0,0,3,30,1,0,0,0,0,0,0,0,0,0,5,0,0,0,52,33,0,0,0,34,2,0,0,0,0,0,0,0,0,0,0,0,0,0,0,1,0,0,0,0,0
2445,no parking,0,0,1,0,0,0,84,3,0,0,0,0,0,0,0,0,0,0,0,0,0,2,37,0,0,0,0,0,0,0,0,0,7,3,0,0,9,177,49,0,0,2,109,0,0,0,0,0,0,0,0,0,0,1,0,0,0,0,0,0,0,0,0,0
2445,parking place,0,3,0,0,0,5,16,0,0,0,0,0,0,0,0,0,0,0,0,0,0,1,25,0,0,0,5,2,0,0,0,0,0,0,0,0,0,0,0,0,0,0,21,12,0,0,0,0,0,0,0,0,0,0,0,0,0,0,0,0,0,0,0,0
2445,parking place,71,297,885,0,0,30,51,0,0,0,0,0,0,0,0,0,2,4,0,0,1,267,165,0,0,0,62,5,0,0,0,0,0,0,0,0,0,24,3,0,0,27,474,187,0,0,10,34,0,0,0,0,0,0,0,0,0,0,27,3,0,0,4,37
898,no parking,75,15,758,0,0,0,21,0,0,0,0,0,0,0,0,0,233,30,0,0,40,234,22,1,0,0,8,12,0,0,0,0,913,15,0,0,0,296,22,0,0,38,240,83,0,0,0,0,0,0,0,0,0,0,1,0,0,0,21,0,0,0,0,0
3083,no parking,560,1615,0,0,0,34,6,0,0,0,0,0,0,0,0,0,2550,21,0,0,246,947,134,0,0,0,26,0,0,0,0,0,37,1,0,0,26,391,25,0,0,1,22,0,0,0,0,0,0,0,0,0,0,0,0,0,0,0,0,0,0,0,0,0
3083,parking place,1231,117,0,0,0,9,0,0,0,0,0,0,0,0,0,0,64,56,0,0,5,534,2,0,0,0,0,0,0,0,0,0,1,0,0,0,0,6,0,0,0,0,0,0,0,0,0,0,0,0,0,0,0,0,0,0,0,0,0,0,0,0,0,0
2183,no parking,0,6,173,4,0,7,64,3,0,0,0,0,0,0,0,0,29,27,0,0,0,29,39,6,0,0,5,13,0,0,0,0,256,6,0,0,6,100,30,0,0,10,313,18,0,0,0,0,0,0,0,0,0,8,0,0,0,3,21,0,0,0,0,0
15,no parking,1,165,0,0,0,8,0,0,0,0,0,0,0,0,0,0,192,65,0,0,0,162,140,0,0,0,16,0,0,0,0,0,0,0,0,0,0,3,2,0,0,0,0,0,0,0,0,0,0,0,0,0,0,0,0,0,0,0,0,0,0,0,0,0
15,parking place,0,14,0,0,0,11,9,0,0,0,0,0,0,0,0,0,0,0,0,0,0,1,7,0,0,0,0,0,0,0,0,0,0,0,0,0,0,0,0,0,0,0,0,0,0,0,0,0,0,0,0,0,0,0,0,0,0,0,0,0,0,0,0,0
479,no parking,0,62,1409,0,0,28,47,0,0,0,0,0,0,0,0,0,257,4,0,0,11,49,104,0,0,0,49,0,0,0,0,0,1856,33,0,0,3,271,37,0,0,31,1571,0,0,0,0,0,0,0,0,0,0,0,0,0,0,0,0,0,0,0,0,0
710,no parking,267,548,30,0,47,20,6,0,0,0,0,0,0,0,0,0,239,0,0,0,102,229,27,0,15,11,23,0,0,0,0,0,632,0,0,0,19,150,1,0,1,90,57,0,0,0,1,1,0,0,0,0,0,0,0,0,0,0,0,0,0,0,1,18
1697,no parking,5,0,0,0,0,0,45,33,0,0,0,0,0,0,0,0,10,0,0,0,87,123,51,7,0,2,3,8,0,0,0,0,0,0,0,0,33,274,13,0,0,43,87,16,0,0,0,0,0,0,0,0,16,95,0,0,0,16,25,0,0,0,0,0
2220,no parking,0,0,0,0,0,0,76,150,0,0,0,0,0,0,0,0,0,0,0,0,1,4,46,8,0,0,5,18,0,0,0,0,0,0,0,0,0,105,3,0,0,7,83,43,0,0,0,0,0,0,0,0,0,263,6,0,0,7,191,22,0,0,53,339
1906,no parking,0,0,0,0,0,0,0,704,0,0,0,0,0,0,0,0,1,3,0,0,86,327,10,695,0,25,8,114,0,0,0,0,0,0,0,0,0,56,4,0,1,221,220,98,0,1,12,54,0,0,0,0,68,1923,2,0,0,48,403,9,0,0,160,963
1763,no parking,934,0,0,0,0,0,7,55,0,0,4,327,0,0,0,0,160,0,0,0,128,2292,45,54,0,0,603,3553,0,0,0,0,8,0,0,0,39,1040,0,0,0,598,1477,335,0,0,0,0,21,0,0,0,1143,4212,0,0,0,612,961,0,0,0,17,119
1218,no parking,485,23,0,0,0,2,0,0,0,0,0,2,0,0,0,0,131,19,0,0,123,376,12,17,0,0,0,1155,0,0,0,0,0,0,0,0,1,282,7,0,0,61,132,593,0,0,0,12,0,0,0,0,0,1241,87,0,0,130,1227,250,0,0,152,396
2129,no parking,8,308,0,0,0,155,0,0,0,0,0,0,0,0,0,0,670,40,0,0,109,948,42,0,0,5,102,0,0,0,0,0,5,0,0,0,0,171,29,0,0,21,447,0,0,0,0,0,0,0,0,0,0,0,0,0,0,0,0,0,0,0,0,0
2129,parking place,0,64,0,0,0,94,0,0,0,0,0,0,0,0,0,0,0,0,0,0,0,153,123,0,0,0,26,0,0,0,0,0,0,0,0,0,0,0,2,0,0,0,114,0,0,0,0,0,0,0,0,0,0,0,0,0,0,0,0,0,0,0,0,0
28,no parking,0,79,85,0,0,1,2,0,0,0,0,0,0,0,0,0,82,9,0,0,8,74,29,0,0,22,12,0,0,0,0,0,136,5,0,0,10,127,4,0,0,51,20,0,0,0,0,0,0,0,0,0,0,0,0,0,0,0,0,0,0,0,0,0
28,parking place,0,60,28,0,0,13,16,0,0,0,0,0,0,0,0,0,0,0,0,0,0,23,50,0,0,0,20,0,0,0,0,0,0,0,0,0,0,0,0,0,0,0,0,0,0,0,0,0,0,0,0,0,0,0,0,0,0,0,0,0,0,0,0,0
1140,no parking,516,0,0,0,22,80,389,140,0,0,0,0,0,0,0,0,127,0,0,0,156,151,25,1,0,2,24,7,0,0,0,0,7,0,0,0,49,559,0,0,0,199,204,3,0,0,0,0,0,0,0,0,0,27,0,0,0,11,1,0,0,0,0,0
63,no stopping,1,185,245,0,0,9,18,0,0,0,0,0,0,0,0,0,867,41,0,0,13,173,125,0,0,0,3,0,0,0,0,0,19,0,0,0,2,218,58,0,0,306,38,1,0,0,0,0,0,0,0,0,0,0,0,0,0,0,0,0,0,0,0,0
237,no stopping,53,111,82,0,4,10,21,0,0,0,0,0,0,0,0,0,83,2,0,0,75,52,17,0,0,0,1,0,0,0,0,0,319,5,0,0,34,138,4,0,0,167,182,2,0,0,0,0,0,0,0,0,0,1,0,0,0,1,4,0,0,0,0,0
2394,no stopping,255,150,146,20,0,7,1127,1791,0,0,0,0,0,0,0,0,210,157,0,0,65,764,414,102,0,0,147,110,0,0,0,0,97,0,0,0,11,1279,110,0,0,594,8419,313,0,0,70,155,33,0,0,0,3,221,2,0,0,317,2127,44,0,0,274,1908
1612,no stopping,1,0,0,0,0,0,0,0,0,0,0,0,0,0,0,0,4,14,0,0,0,54,0,0,0,0,0,0,0,0,0,0,0,0,0,0,0,71,23,0,0,2,50,0,0,0,0,0,0,0,0,0,0,0,0,0,0,0,12,0,0,0,0,0
274,no stopping,3,31,63,0,0,5,20,0,0,0,0,0,0,0,0,0,34,9,0,0,3,59,50,1,0,0,1,1,0,0,0,0,222,24,0,0,8,195,47,0,0,20,54,0,0,0,0,0,0,0,0,0,0,1,0,0,0,4,15,0,0,0,0,0
2430,no stopping,7,41,33,0,2,6,3,0,0,0,0,0,0,0,0,0,4,1,0,0,15,25,24,0,0,0,1,0,0,0,0,0,34,43,0,0,3,126,20,0,0,11,62,3,0,0,0,0,8,14,0,0,0,29,6,0,0,0,28,0,0,0,1,2
2430,parking place,0,0,1,0,0,3,26,5,0,0,0,0,0,0,0,0,0,0,0,0,0,8,14,1,0,0,2,4,0,0,0,0,0,0,0,0,0,0,0,0,0,0,3,12,0,0,0,14,0,0,0,0,0,0,0,0,0,0,0,0,0,0,0,15
671,no stopping,76,440,550,0,0,108,33,0,0,0,0,0,0,0,0,0,2468,123,0,0,193,1129,119,0,0,1,63,0,0,0,0,0,37,2,0,0,21,805,44,0,0,199,478,0,0,0,0,0,0,0,0,0,0,0,0,0,0,0,4,0,0,0,7,0
3081,no stopping,628,367,876,0,0,116,113,0,0,0,0,0,0,0,0,0,488,9,0,0,183,607,143,0,0,0,77,0,0,0,0,0,2623,27,0,0,82,799,21,0,0,90,492,0,0,0,0,0,0,0,0,0,0,0,0,0,0,1,0,0,0,0,0,0
3056,no stopping,0,0,0,0,0,0,76,1226,0,0,0,0,0,0,0,0,0,0,0,0,5,69,49,37,0,2,20,51,0,0,0,0,0,0,0,0,0,41,5,0,0,148,240,59,0,0,2,57,0,0,0,0,30,2845,1,0,0,202,447,5,0,3,258,2197
3056,no stopping,0,0,0,0,0,0,0,0,0,0,0,0,0,0,0,0,0,0,0,0,0,1,0,0,0,0,0,16,0,0,0,2,0,0,0,0,0,2,0,0,0,0,7,16,0,0,0,11,0,0,0,0,0,0,0,0,0,1,37,2,0,0,3,225
3056,parking place,0,0,0,0,0,0,4,85,0,0,0,0,0,0,0,0,0,0,0,0,0,7,4,44,0,0,4,18,0,0,0,0,0,0,0,0,0,1,0,0,0,2,12,37,0,0,0,14,0,0,0,0,0,0,0,0,0,0,0,0,0,0,0,108
3047,no stopping,7630,636,10197,0,73,164,300,4,0,0,0,0,0,0,0,0,235,260,2,0,352,3066,1600,72,0,23,492,31,0,0,0,0,18969,1461,0,0,1,2860,546,0,0,397,9144,16,0,0,0,0,0,1,0,0,0,36,3,0,0,1,15,0,0,0,0,0
2732,no stopping,1,8,0,0,0,18,7,0,0,0,0,0,0,0,0,0,35,5,0,0,15,109,18,0,0,0,0,0,0,0,0,0,4,3,0,0,2,69,8,0,0,15,6,0,0,0,0,0,0,0,0,0,0,0,0,0,0,0,0,0,0,0,0,0
2732,turn,89,2,0,0,2,1,130,1241,0,0,0,0,0,0,0,0,28,1,0,0,55,56,113,47,0,2,74,19,0,0,0,0,0,0,0,0,21,69,1,0,38,168,238,89,0,0,57,14,0,0,0,0,0,0,0,0,0,32,111,0,0,0,45,4
619,no stopping,142,73,470,31,1,16,30,103,0,0,0,0,0,0,0,0,169,5,0,0,49,217,55,4,0,6,47,10,0,0,0,0,911,5,0,0,14,157,15,0,0,25,287,25,0,0,4,14,218,1,0,0,109,220,1,0,0,9,74,1,0,0,14,436
1899,no stopping,246,17,5,0,0,13,148,1,0,0,0,0,0,0,0,0,56,51,0,0,3,161,47,2,0,0,20,11,0,0,0,0,83,92,0,0,0,151,56,0,0,0,121,10,0,0,0,0,0,0,0,0,0,0,0,0,0,0,1,0,0,0,0,0
81,no stopping,0,0,0,0,1,0,0,0,0,0,0,2,0,0,0,0,0,0,0,0,1,39,1,1,0,1,0,202,0,0,0,0,0,0,0,0,0,4,0,0,0,11,50,22,0,0,0,28,0,0,0,0,0,297,26,0,0,13,181,17,0,0,23,328
81,no stopping,0,0,0,0,0,0,0,0,0,0,0,0,0,0,0,0,0,0,0,0,0,2,0,0,0,0,0,14,0,0,0,0,0,0,0,0,0,1,0,0,0,0,19,15,0,0,0,4,0,0,0,0,0,8,8,0,0,0,67,18,0,0,9,45
1550,no stopping,0,4,7,0,0,51,566,0,0,0,0,0,0,0,0,0,2,0,0,0,11,153,71,1,0,0,42,20,0,0,0,0,793,39,0,0,109,472,1,0,0,527,331,44,0,0,0,1,349,10,0,0,8,77,2,0,0,54,158,0,0,0,1,0
2235,no stopping,299,149,389,0,0,28,31,0,0,0,0,0,0,0,0,0,152,19,0,0,12,314,107,0,0,20,43,5,0,0,0,0,1120,11,0,0,9,315,33,0,0,32,246,2,0,0,0,0,0,0,0,0,0,18,2,0,0,1,6,0,0,0,0,0
215,no stopping,51,249,0,0,23,53,0,0,0,0,0,0,0,0,0,0,674,22,0,0,139,512,60,0,0,1,0,0,0,0,0,0,0,0,0,0,0,67,32,0,0,1,2,0,0,0,0,0,0,0,0,0,0,0,0,0,0,0,0,0,0,0,0,0
1719,no stopping,465,463,0,0,2,37,3,0,0,0,0,0,0,0,0,0,433,28,0,0,6,386,80,0,0,0,23,0,0,0,0,0,573,9,0,0,1,247,54,0,0,2,38,0,0,0,0,0,0,0,0,0,0,0,0,0,0,0,0,0,0,0,0,0
2126,no stopping,68,7,682,0,4,2,50,0,0,0,0,0,0,0,0,0,456,54,0,0,74,355,46,6,0,2,22,32,0,0,0,0,876,8,0,0,5,164,28,0,0,83,444,74,0,0,0,0,0,0,0,0,0,1,0,0,0,0,18,0,0,0,30,0
1279,no stopping,12,0,0,0,0,0,0,0,0,0,0,0,0,0,0,0,5,0,0,0,17,58,2,0,0,0,1,142,0,0,0,0,0,0,0,0,0,85,4,0,0,67,89,47,0,0,0,13,0,0,0,0,0,145,23,0,0,16,249,16,0,0,10,229
3011,no stopping,1,0,0,0,0,0,2,4,0,0,0,0,0,0,0,0,0,0,0,0,1,29,34,4,0,0,3,4,0,0,0,0,0,0,0,0,0,75,8,0,0,5,93,9,0,0,1,1,0,0,0,0,0,50,3,0,0,4,70,2,0,0,34,83
3011,turn,1,0,0,0,0,0,134,677,0,0,0,0,0,0,0,0,0,0,0,0,0,71,84,13,0,0,39,22,0,0,0,0,0,0,0,0,0,13,2,0,0,10,226,45,0,0,0,1,0,0,0,0,0,0,0,0,0,0,21,0,0,0,5,4
2397,no stopping,65,84,441,0,0,125,773,0,0,0,0,0,0,0,0,0,18,16,0,0,8,323,194,8,0,0,67,54,0,0,0,0,62,227,0,0,10,2550,145,0,0,53,2313,326,0,0,1,13,0,0,0,0,0,705,41,0,0,0,452,23,0,0,0,3
2194,no stopping,85,84,12,0,0,104,454,0,0,0,0,0,0,0,0,0,379,70,0,0,99,1049,104,0,0,0,32,0,0,0,0,0,2,0,0,0,31,626,7,0,0,403,727,3,0,0,0,0,0,0,0,0,0,0,0,0,0,0,11,0,0,0,16,454
2271,no stopping,430,97,437,0,567,53,29,0,0,0,0,0,0,0,0,0,1588,36,0,0,1190,604,65,0,277,99,81,0,0,0,0,0,2,0,0,0,43,94,23,0,186,400,628,0,47,31,39,0,0,0,0,0,0,0,0,0,0,3,59,0,13,13,82,92
3131,no stopping,315,1153,11,0,39,152,44,0,0,0,0,0,0,0,0,0,116,11,0,0,342,1188,158,0,0,18,58,0,0,0,0,0,357,136,0,0,549,2143,24,0,0,352,1186,5,0,0,50,12,0,0,0,0,0,0,0,0,0,1,37,10,0,0,221,24
3059,no stopping,1,18,6,0,0,5,2,0,0,0,0,0,0,0,0,0,4,4,0,0,3,40,5,0,0,0,0,0,0,0,0,0,43,4,0,0,9,81,8,0,0,4,16,0,0,0,0,0,0,0,0,0,0,0,0,0,0,0,2,0,0,0,0,0
728,no stopping,3,0,0,0,0,0,0,0,0,0,0,0,0,0,0,0,7,1,0,0,4,9,0,0,0,0,0,0,0,0,0,0,0,0,0,0,0,17,3,0,0,0,43,0,0,0,0,0,0,0,0,0,0,0,0,0,0,0,13,0,0,0,0,0
728,parking place,1,2,0,0,0,3,12,0,0,0,0,0,0,0,0,0,0,0,0,0,0,23,53,0,0,1,37,8,0,0,0,0,0,0,0,0,0,1,0,0,0,0,45,55,0,0,0,11,0,0,0,0,0,0,0,0,0,0,0,0,0,0,0,48
353,no stopping,6,0,0,0,0,0,0,0,0,0,0,0,0,0,0,0,19,0,0,0,0,15,0,0,0,0,0,6,0,0,0,3,0,0,0,0,0,3,0,0,0,10,44,7,0,0,0,64,0,0,0,0,0,0,0,0,0,0,89,2,0,0,76,384
353,no stopping,195,14,83,0,0,9,24,6,0,0,0,0,0,0,0,0,31,3,0,0,8,50,45,2,0,0,1,16,0,0,0,8,4,4,0,0,7,293,30,0,0,1,21,13,0,0,0,28,0,0,0,0,0,0,0,0,0,2,38,0,0,0,17,271
2032,no stopping,0,0,101,0,0,2,109,0,0,0,0,0,0,0,0,0,8,160,0,0,0,139,111,0,0,0,6,0,0,0,0,0,0,355,0,0,0,432,126,0,0,4,434,44,0,0,0,0,0,0,0,0,0,0,0,0,0,0,54,0,0,0,1,2
3070,no stopping,34,72,205,1,0,1,8,2,0,0,0,0,0,0,0,0,21,2,0,0,30,103,27,1,0,1,2,1,0,0,0,0,256,88,0,0,9,136,16,0,0,33,95,15,0,0,0,1,84,44,0,0,2,36,5,0,0,0,79,30,0,0,0,4
2155,no stopping,23,14,2,0,12,10,3,0,0,0,0,0,0,0,0,0,13,1,0,0,21,66,15,0,0,0,0,0,0,0,0,0,8,4,0,0,14,137,18,0,0,11,63,1,0,0,0,0,0,0,0,0,0,3,0,0,0,4,17,0,0,0,0,0
2155,no stopping,555,0,5,0,43,16,930,4,0,0,0,0,0,0,0,0,100,0,0,0,372,128,118,0,5,2,65,0,0,0,0,0,801,4,0,0,268,496,0,0,4,178,412,0,0,0,0,0,681,2,0,0,196,180,0,0,0,83,126,0,0,0,1,0
1037,no stopping,107,20,357,1,0,4,29,0,0,0,0,0,0,0,0,0,19,1,0,0,26,142,31,2,0,0,4,7,0,0,0,0,710,23,0,0,4,201,15,0,0,41,225,40,0,0,1,0,1,0,0,0,0,19,2,0,0,0,23,1,0,0,4,4
1413,no stopping,80,2,25,1,9,28,599,224,0,0,0,0,0,0,0,0,25,3,0,0,69,666,126,9,0,19,142,39,0,0,0,0,1392,116,0,0,22,497,56,0,0,24,515,127,0,0,0,2,75,3,0,0,0,37,3,0,0,1,141,10,0,0,0,9
266,no stopping,0,0,0,0,0,0,1,7,0,0,0,0,0,0,0,0,0,0,0,0,5,28,41,31,0,0,20,8,0,0,0,0,0,0,0,0,0,132,5,0,0,82,108,34,0,0,0,0,0,0,0,0,0,146,4,0,0,11,163,15,0,0,0,0
3152,no stopping,54,321,5,0,0,8,5,0,0,0,0,0,0,0,0,0,232,31,0,0,66,317,58,0,0,2,4,0,0,0,0,0,514,21,0,0,23,661,62,0,0,198,112,0,0,0,0,0,0,0,0,0,0,3,0,0,0,4,2,0,0,0,0,0
3152,no stopping,8,0,0,0,1,21,782,23,0,0,0,0,0,0,0,0,0,0,0,0,23,734,112,6,0,5,49,81,0,0,0,0,0,0,0,0,0,55,0,0,0,221,3960,167,0,0,0,0,0,0,0,0,0,0,0,0,0,0,52,0,0,0,15,3
1982,no stopping,40,305,42,0,0,100,12,0,0,0,0,0,0,0,0,0,654,190,0,0,74,1645,139,0,0,0,0,0,0,0,0,0,116,12,0,0,2,628,13,0,0,180,254,0,0,0,0,0,0,0,0,0,0,0,0,0,0,0,9,0,0,0,5,0
3072,no stopping,58,66,0,0,0,0,0,0,0,0,0,0,0,0,0,0,200,6,0,0,15,61,7,0,0,0,0,0,0,0,0,0,13,0,0,0,3,72,11,0,0,77,5,0,0,0,0,0,0,0,0,0,0,0,0,0,0,0,0,0,0,0,0,0
1293,no stopping,5,0,2,2,0,0,64,342,0,0,0,0,0,0,0,0,15,1,0,0,27,165,23,6,0,0,7,16,0,0,0,0,0,0,0,0,1,179,1,0,0,59,48,39,0,0,0,14,119,233,0,0,45,497,8,0,0,16,242,21,0,0,38,68
2205,no stopping,180,32,0,0,0,2,0,0,0,0,0,0,0,0,0,0,358,43,0,0,9,239,10,0,0,0,13,0,0,0,0,0,7,0,0,0,1,54,2,0,0,0,25,0,0,0,0,0,0,0,0,0,0,0,0,0,0,0,0,0,0,0,0,0
2205,no stopping,230,262,0,0,76,135,0,0,0,0,0,0,0,0,0,0,826,29,0,0,6,497,64,0,0,0,9,0,0,0,0,0,11,6,0,0,0,123,50,0,0,0,16,0,0,0,0,0,0,0,0,0,0,0,0,0,0,0,0,0,0,0,0,0
2257,no stopping,7,91,0,0,0,3,0,0,0,0,0,0,0,0,0,0,37,25,0,0,1,43,18,0,0,0,0,0,0,0,0,0,149,9,0,0,12,189,8,0,0,51,33,0,0,0,0,0,0,0,0,0,0,0,0,0,0,0,0,0,0,0,0,0
2257,no stopping,0,42,11,0,0,0,0,0,0,0,0,0,0,0,0,0,0,8,0,0,0,14,16,0,0,0,0,0,0,0,0,0,44,13,0,0,11,184,37,0,0,20,65,0,0,0,0,0,0,0,0,0,0,27,1,0,0,4,9,0,0,0,0,0
285,no stopping,2430,28,0,0,0,7,0,0,0,0,0,0,0,0,0,0,592,30,0,0,59,353,0,0,0,0,37,0,0,0,0,0,0,0,0,0,0,104,2,0,0,37,49,0,0,0,0,3,0,0,0,0,0,0,0,0,0,0,1,0,0,0,1,43
3125,no stopping,505,0,0,0,0,55,685,434,0,0,0,0,0,0,0,0,63,0,0,0,39,512,125,11,0,0,22,47,0,0,0,0,0,0,0,0,0,282,0,0,0,749,1513,135,0,0,3,64,0,0,0,0,0,126,0,0,0,135,754,3,0,0,219,2730
2542,no stopping,17,4,0,0,0,5,8,169,0,0,0,35,0,0,0,0,0,0,0,0,0,38,40,1,0,1,33,47,0,0,0,0,39,54,0,0,0,386,52,0,0,1,131,54,0,0,0,0,4,1,0,0,0,0,0,0,0,0,0,0,0,0,0,0
1934,no stopping,128,103,777,0,2,97,748,0,0,0,0,0,0,0,0,0,377,33,0,0,77,637,210,0,0,1,158,2,0,0,0,0,3268,71,0,0,19,811,98,0,0,138,1107,5,0,0,0,0,0,0,0,0,0,0,0,0,0,0,223,18,0,0,534,558
2134,no stopping,133,108,212,0,2,183,292,0,0,0,0,0,0,0,0,0,141,65,0,0,39,716,220,0,0,0,29,7,0,0,0,0,1214,128,0,0,14,894,190,0,0,39,247,0,0,0,0,1,0,0,0,0,0,20,11,0,0,1,247,0,0,0,2,28
361,no stopping,4,4,0,0,0,0,0,10,0,0,0,70,0,0,0,0,2,1,0,0,4,42,0,8,0,0,0,83,0,0,0,0,0,0,0,0,0,21,1,0,0,16,82,16,0,0,0,22,0,0,0,0,0,273,11,0,0,7,142,12,0,0,21,171
361,turn,46,7,34,0,0,5,30,6,0,0,0,0,0,0,0,0,2,0,0,0,0,15,11,1,0,1,6,72,0,0,0,0,0,0,0,0,0,0,0,0,0,0,7,20,0,0,0,25,0,0,0,0,0,0,0,0,0,0,0,0,0,0,0,35
361,turn,72,10,31,0,4,12,745,380,0,0,0,0,0,0,0,0,0,0,0,0,9,74,66,12,0,0,56,43,0,0,0,0,0,0,0,0,0,4,0,0,0,1,234,66,0,0,0,13,0,0,0,0,0,0,0,0,0,0,1,0,0,0,4,213
308,no stopping,0,1,0,0,0,0,0,0,0,0,0,0,0,0,0,0,0,3,0,0,4,53,0,0,0,0,0,1,0,0,0,4,0,0,0,0,0,37,1,0,0,8,19,1,0,0,0,68,0,0,0,0,0,0,0,0,0,0,4,1,0,0,1,469
1713,no stopping,0,0,0,0,0,0,0,15,0,0,0,51,0,0,0,0,0,0,0,0,0,0,4,26,0,0,7,71,0,0,0,0,0,0,0,0,0,8,0,0,0,2,14,15,0,0,0,26,0,0,0,0,0,329,5,0,0,19,118,6,0,0,256,117
1713,no stopping,2,0,0,0,0,0,0,0,0,0,0,0,0,0,0,0,2,0,0,0,1,3,8,1,0,0,0,0,0,0,0,0,0,0,0,0,0,21,6,0,0,4,25,5,0,0,0,0,0,0,0,0,0,18,2,0,0,13,48,2,0,0,1,3
108,no stopping,0,0,0,0,0,0,59,758,0,0,0,0,0,0,0,0,6,4,0,0,42,111,28,14,0,0,10,27,0,0,0,0,434,289,0,0,41,354,10,0,2,132,309,50,0,0,1,35,251,101,0,0,142,510,15,0,0,2,243,31,0,0,58,755
82,no stopping,77,56,0,0,4,92,10,490,0,0,0,4,0,0,0,0,4,3,0,0,13,370,21,12,0,3,10,29,0,0,0,0,0,0,0,0,0,78,3,0,0,5,77,19,0,0,2,36,402,150,0,0,46,458,3,0,0,3,87,4,0,0,5,382
95,no stopping,15,0,0,0,0,12,55,0,0,0,0,0,0,0,0,0,49,8,0,0,31,198,56,0,0,1,7,0,0,0,0,0,34,1,0,0,15,184,13,0,0,15,6,0,0,0,0,0,0,0,0,0,0,0,0,0,0,0,0,0,0,0,0,0
95,parking place,0,0,0,0,0,27,264,0,0,0,0,0,0,0,0,0,0,0,0,0,0,67,116,0,0,0,46,7,0,0,0,0,0,0,0,0,0,9,0,0,0,1,129,8,0,0,1,0,0,0,0,0,0,0,0,0,0,0,0,0,0,0,0,0
2087,no stopping,17,3,0,0,0,0,0,0,0,0,0,0,0,0,0,0,0,0,0,0,0,200,9,0,0,0,2,202,0,0,0,0,0,0,0,0,0,2,0,0,0,8,107,37,0,0,1,12,0,0,0,0,0,0,0,0,0,0,458,7,0,0,41,364
2992,no stopping,298,1245,0,0,11,229,0,0,0,0,0,0,0,0,0,0,2873,51,0,0,386,2926,3,0,0,0,0,0,0,0,0,0,69,8,0,0,5,599,0,0,0,69,0,0,0,0,0,0,0,0,0,0,0,0,0,0,0,0,0,0,0,0,0,0
258,no stopping,13,6,0,0,0,0,3,619,0,0,0,0,0,0,0,0,20,3,0,0,35,295,1,37,0,1,0,25,0,0,0,0,0,3,0,0,6,147,3,0,0,60,297,50,0,0,0,25,591,149,0,0,206,555,8,0,0,9,149,5,0,0,30,553
258,no stopping,2,5,0,0,0,0,0,0,0,0,0,0,0,0,0,0,14,11,0,0,1,37,4,0,0,0,0,0,0,0,0,0,0,0,0,0,0,43,3,0,0,32,19,0,0,0,0,0,0,0,0,0,0,0,0,0,0,0,5,0,0,0,0,0
202,no stopping,0,0,0,0,0,0,312,0,0,0,0,0,0,0,0,0,0,0,0,0,0,66,297,3,0,11,36,1,0,0,0,0,0,6,0,0,0,1243,33,0,0,116,513,23,0,0,2,1,0,0,0,0,0,0,1,0,0,1,38,3,0,0,41,115
2171,no stopping,0,0,0,0,0,0,0,0,0,0,0,0,0,0,0,0,0,0,0,0,0,4,19,12,0,0,9,11,0,0,0,0,0,0,0,0,0,44,53,0,0,9,98,49,0,0,2,7,0,0,0,0,0,0,2,0,0,1,73,3,0,0,12,144
2696,no stopping,575,1,0,0,13,6,23,670,0,0,0,0,0,0,0,0,22,0,0,0,29,288,43,243,0,1,6,50,0,0,0,0,0,0,0,0,1,728,0,0,0,150,337,152,0,0,38,50,0,0,0,0,20,445,0,0,0,824,1052,4,0,0,109,40
2851,no stopping,0,778,647,0,0,167,82,0,0,0,0,0,0,0,0,0,1553,260,0,0,44,2242,403,0,0,0,25,0,0,0,0,0,1406,125,0,0,0,1069,335,0,0,37,155,0,0,0,0,0,0,0,0,0,0,0,0,0,0,0,0,0,0,0,0,0
1752,no stopping,0,0,0,0,0,0,0,0,0,0,0,0,0,0,0,0,0,0,0,0,2,41,1095,0,0,1,31,0,0,0,0,0,0,0,0,0,3,325,1,0,0,308,259,0,0,0,1,0,0,0,0,0,5,2308,0,0,0,227,598,0,0,0,162,473
2174,no stopping,69,12,0,0,16,3,11,485,0,0,0,158,0,0,0,0,12,0,0,0,193,163,43,29,3,21,18,79,0,0,0,0,0,0,0,0,0,86,3,0,7,128,119,68,0,0,4,68,25,65,0,0,5,1036,10,0,0,9,200,5,0,0,192,1317
2174,parking place,28,9,3,0,1,18,94,3188,0,0,0,5,0,0,0,0,15,0,0,0,59,103,157,33,1,4,65,131,0,0,0,0,0,0,0,0,16,47,3,0,2,62,115,108,0,0,5,166,0,0,0,0,0,11,0,0,0,2,51,0,0,0,64,982
2174,parking place,0,0,0,0,0,0,0,3,0,0,0,0,0,0,0,0,0,0,0,0,0,0,6,1,0,0,2,2,0,0,0,0,0,0,0,0,0,0,0,0,0,0,2,9,0,0,0,0,0,0,0,0,0,0,0,0,0,0,0,0,0,0,0,0
2466,no stopping,110,182,0,0,1,12,0,0,0,0,0,0,0,0,0,0,285,14,0,0,15,127,23,0,0,0,2,0,0,0,0,0,172,5,0,0,0,99,18,0,0,8,37,0,0,0,0,0,0,0,0,0,0,0,0,0,0,0,0,0,0,0,0,6
2466,parking place,0,0,2,1,0,0,2,10,0,0,0,0,0,0,0,0,0,0,0,0,0,0,5,5,0,0,1,12,0,0,0,0,0,0,0,0,0,0,0,0,0,0,0,6,0,0,0,4,0,0,0,0,0,0,0,0,0,0,0,0,0,0,0,8
3053,no stopping,0,0,0,0,0,0,0,0,0,0,0,0,0,0,0,0,0,0,0,0,0,89,0,2,0,0,0,1505,0,0,0,0,0,0,0,0,0,267,3,0,0,26,79,186,0,0,0,110,0,0,0,0,0,2393,268,0,0,25,823,48,0,0,35,2513
3053,parking place,0,0,0,0,0,0,0,62,0,0,0,0,0,0,0,0,0,0,0,0,0,0,16,140,0,0,1,16,0,0,0,0,0,0,0,0,0,0,0,1,0,0,9,111,0,0,0,12,0,0,0,0,0,0,0,0,0,0,0,1,0,0,0,281
1473,no stopping,83,671,0,0,0,27,0,0,0,0,0,0,0,0,0,0,1482,21,0,0,101,499,55,0,0,0,1,0,0,0,0,0,86,0,0,0,3,440,62,0,0,144,88,0,0,0,0,0,0,0,0,0,0,0,0,0,0,0,0,0,0,0,0,0
116,no stopping,17,52,0,0,0,16,0,0,0,0,0,0,0,0,0,0,166,15,0,0,30,308,9,0,0,0,2,0,0,0,0,0,13,0,0,0,1,99,10,0,0,0,6,0,0,0,0,0,0,0,0,0,0,0,0,0,0,0,0,0,0,0,0,0
116,parking place,53,617,0,0,0,7,0,0,0,0,0,0,0,0,0,0,0,13,0,0,0,372,145,0,0,0,8,0,0,0,0,0,0,0,0,0,0,10,11,0,0,16,413,0,0,0,0,0,0,0,0,0,0,0,0,0,0,0,0,0,0,0,0,0
2949,no stopping,137,22,80,0,5,5,12,0,0,0,0,0,0,0,0,0,56,2,0,0,8,33,26,0,0,0,3,0,0,0,0,0,227,3,0,0,1,90,15,0,0,4,37,11,0,0,0,0,0,0,0,0,0,0,1,0,0,0,6,0,0,0,0,0
1551,no stopping,150,1,0,0,2,5,138,0,0,0,0,0,0,0,0,0,11,5,0,0,8,68,69,0,0,0,13,0,0,0,0,0,0,0,0,0,2,491,4,0,0,26,233,7,0,0,0,0,0,0,0,0,0,111,0,0,0,7,89,0,0,0,0,0
2946,no stopping,186,45,720,0,3,118,1237,0,0,0,0,0,0,0,0,0,148,0,0,0,1228,903,214,0,0,3,151,0,0,0,0,0,0,0,0,0,21,1986,0,0,38,2706,2491,0,0,0,0,0,0,0,0,0,0,0,0,0,0,0,0,0,0,0,0,0
1555,no stopping,124,43,0,0,3,22,0,0,0,0,0,0,0,0,0,0,12,4,0,0,10,97,8,0,0,0,220,0,0,0,0,0,0,0,0,0,0,6,0,0,0,507,1216,0,0,0,0,0,0,0,0,0,0,0,0,0,0,311,315,0,0,0,6,0
2190,no stopping,1,2,0,0,1,34,690,23,0,0,0,0,0,0,0,0,35,6,0,0,36,444,107,46,0,1,51,70,0,0,0,0,684,133,0,0,56,739,29,0,0,153,1584,291,0,0,3,5,0,0,0,0,0,0,0,0,0,1,48,0,0,0,6,121
1749,no stopping,0,21,38,0,0,12,22,0,0,0,0,0,0,0,0,0,38,30,0,0,15,184,54,0,0,4,1,0,0,0,0,0,12,5,0,0,1,72,40,0,0,3,79,19,0,0,0,0,0,0,0,0,0,0,0,0,0,0,0,0,0,0,0,0
1749,turn,0,1,55,5,0,8,196,41,0,0,0,0,0,0,0,0,0,0,0,0,0,4,45,6,0,0,14,29,0,0,0,0,0,0,0,0,0,0,0,0,0,1,62,34,0,0,0,3,0,0,0,0,0,0,0,0,0,0,2,0,0,0,7,7
481,no stopping,168,1058,6,0,14,18,2,0,0,0,0,0,0,0,0,0,361,24,0,0,51,611,57,0,0,3,24,1,0,0,0,0,1802,28,0,0,1,212,22,0,0,51,941,12,0,0,0,0,0,0,0,0,0,0,0,0,0,0,5,0,0,0,0,0
2826,no stopping,120,1,1,0,0,28,392,0,0,0,0,0,0,0,0,0,17,3,0,0,18,310,52,0,0,1,23,7,0,0,0,0,302,46,0,0,71,335,8,0,0,40,249,14,0,0,0,0,289,4,0,0,9,43,2,0,0,11,54,0,0,0,0,0
2719,no stopping,89,22,0,0,11,3,1,0,0,0,0,0,0,0,0,0,45,4,0,0,38,36,0,0,2,4,0,0,0,0,0,0,2,0,0,0,6,31,4,0,0,5,3,0,0,1,0,0,0,0,0,0,0,12,1,0,0,3,0,0,0,0,0,0
1722,no stopping,298,626,35,0,2,53,12,0,0,0,0,0,0,0,0,0,913,47,0,0,32,526,127,0,0,0,15,0,0,0,0,0,510,4,0,0,0,359,93,0,0,60,116,0,0,0,0,0,0,0,0,0,0,0,0,0,0,0,0,0,0,0,0,0
264,no stopping,13,41,0,0,0,3,0,0,0,0,0,0,0,0,0,0,96,5,0,0,127,67,12,0,0,0,0,0,0,0,0,0,45,0,0,0,14,97,2,0,0,20,2,0,0,0,0,0,0,0,0,0,0,0,0,0,0,0,0,0,0,0,0,0
716,no stopping,0,167,161,0,0,56,72,0,0,0,0,0,0,0,0,0,0,7,0,0,0,515,72,0,0,0,18,0,0,0,0,0,167,589,0,0,7,548,44,0,0,14,423,2,0,0,1,0,0,0,0,0,0,1,0,0,0,1,29,0,0,0,4,9
2244,no stopping,0,0,0,0,0,0,0,0,0,0,0,0,0,0,0,0,0,4,0,0,1,50,5,0,0,0,0,0,0,0,0,0,0,0,0,0,0,26,2,0,0,2,7,0,0,0,0,0,0,0,0,0,0,0,0,0,0,0,0,0,0,0,1,2
2487,no stopping,15,579,1,0,0,17,5,0,0,0,0,0,0,0,0,0,1105,128,0,0,0,785,278,0,0,0,19,0,0,0,0,0,0,0,0,0,0,68,20,0,0,0,58,0,0,0,0,0,0,0,0,0,0,0,0,0,0,0,0,0,0,0,0,0
3012,no stopping,4,76,0,0,1,212,7,0,0,0,0,0,0,0,0,0,569,54,0,0,62,590,69,0,0,2,22,0,0,0,0,0,31,2,0,0,0,252,13,0,0,245,381,0,0,0,0,0,0,0,0,0,0,0,0,0,0,0,0,0,0,0,0,0
2953,no stopping,1161,827,181,0,8,65,37,0,0,0,0,0,0,0,0,0,1259,42,0,0,257,434,125,0,0,2,64,3,0,0,0,0,1481,4,0,0,14,663,34,0,0,76,482,6,0,0,0,0,0,0,0,0,0,3,0,0,0,7,17,0,0,0,0,0
281,no stopping,31,15,0,0,0,0,0,0,0,0,0,0,0,0,0,0,81,14,0,0,0,20,0,0,0,0,0,0,0,0,0,0,1,0,0,0,0,4,0,0,0,1,2,0,0,0,0,0,0,0,0,0,0,0,0,0,0,0,0,0,0,0,0,0
123,no stopping,0,0,0,0,0,0,0,2,0,0,0,80,0,0,0,0,1,0,0,0,19,223,7,3,0,0,75,509,0,0,0,1,0,0,0,0,0,233,3,0,0,256,440,181,0,0,0,105,0,0,0,0,0,307,2,0,0,554,1693,23,0,0,541,124
1302,no stopping,0,17,15,0,0,1,14,0,0,0,0,0,0,0,0,0,32,32,2,0,1,132,67,1,0,0,0,1,0,0,0,0,5,27,0,0,0,335,78,0,0,1,25,0,0,0,0,0,0,0,0,0,0,5,4,0,0,0,17,0,0,0,0,0
1835,no stopping,428,5,37,1,9,4,269,461,0,0,0,11,0,0,0,0,186,20,0,0,290,334,60,80,0,3,27,187,0,0,0,0,961,129,0,0,24,418,45,0,0,85,634,160,0,0,0,46,14,19,0,0,33,947,4,0,0,12,181,4,0,0,34,208
674,no stopping,323,5,77,116,1,0,54,34,0,0,0,0,0,0,0,0,7,12,0,0,2,42,20,7,0,1,3,8,0,0,0,0,456,52,0,0,4,89,20,0,0,1,108,66,0,0,0,1,0,0,0,0,0,1,2,0,0,0,33,9,0,0,0,0
3143,no stopping,1172,8,266,0,33,43,2678,0,0,0,0,0,0,0,0,0,261,38,0,0,477,1909,259,11,0,5,29,19,0,0,0,0,814,2689,0,0,50,3535,41,0,2,257,1835,112,0,0,0,0,0,0,0,0,0,58,19,0,0,11,353,0,0,0,4,0
1634,no stopping,22,0,0,0,0,8,65,83,0,0,0,182,0,0,0,0,51,0,0,0,76,231,62,15,0,0,75,264,0,0,0,0,0,0,0,0,0,237,0,0,0,386,899,43,0,0,0,39,0,0,0,0,0,0,0,0,0,0,54,0,0,0,65,2468
3080,no stopping,101,57,221,0,0,12,30,0,0,0,0,0,0,0,0,0,13,7,0,0,1,58,38,0,0,0,11,0,0,0,0,0,397,146,0,0,43,258,5,0,0,107,332,13,0,0,0,0,0,0,0,0,0,3,0,0,0,2,63,9,0,0,0,0
3022,no stopping,312,1292,0,0,138,550,0,0,0,0,0,0,0,0,0,0,1061,71,0,0,1080,3844,28,0,0,71,62,0,0,0,0,0,0,0,0,0,0,98,2,0,0,96,195,0,0,0,0,0,0,0,0,0,0,0,0,0,0,0,0,0,0,0,0,0
3022,no stopping,1,69,3,0,0,2,5,0,0,0,0,0,0,0,0,0,17,41,0,0,11,148,56,0,0,0,0,0,0,0,0,0,21,33,0,0,4,249,10,0,0,25,34,0,0,0,0,0,0,0,0,0,0,0,0,0,0,0,15,0,0,0,0,0
2471,no stopping,15,467,159,0,0,1,14,0,0,0,0,0,0,0,0,0,1139,66,0,0,12,272,97,0,0,0,1,0,0,0,0,0,183,18,0,0,0,674,57,0,0,44,15,0,0,0,0,0,0,0,0,0,0,0,0,0,0,0,0,0,0,0,0,0
2031,no stopping,35,112,19,1,0,0,209,1637,0,0,0,0,0,0,0,0,1,14,0,0,2,286,273,95,0,2,90,30,0,0,0,0,2,41,0,0,19,1439,39,0,0,545,790,238,0,0,16,160,6,53,0,0,25,4227,35,0,0,78,603,84,0,0,245,2948
3000,no stopping,0,1,5,0,0,3,46,0,0,0,0,0,0,0,0,0,1,0,0,0,0,32,10,0,0,0,0,6,0,0,0,0,0,0,0,0,0,193,10,0,0,16,42,18,0,0,0,0,0,0,0,0,0,60,4,0,0,1,35,0,0,0,0,0
3030,no stopping,49,0,0,0,1,0,47,115,0,0,0,0,0,0,0,0,0,0,0,0,2,25,17,8,0,5,7,11,0,0,0,0,11,4,0,0,2,129,4,0,0,28,145,27,0,0,0,3,6,6,0,0,13,198,2,0,0,3,108,17,0,0,2,13
107,no stopping,390,432,1,0,11,48,1,0,0,0,0,0,0,0,0,0,254,12,0,0,179,350,18,0,0,3,0,0,0,0,0,0,601,12,0,0,71,642,27,0,2,142,35,2,0,0,0,0,0,0,0,0,0,1,0,0,0,15,5,1,0,0,11,24
1200,no stopping,96,3,0,0,0,0,3,806,0,0,0,0,0,0,0,0,41,16,0,0,62,167,56,52,0,0,5,83,0,0,0,0,0,0,0,0,0,58,6,0,0,206,468,62,0,0,3,53,0,0,0,0,0,1718,26,0,0,22,431,24,0,0,98,764
363,no stopping,0,0,0,0,0,0,4,0,0,0,0,0,0,0,0,0,0,0,0,0,0,7,19,0,0,0,0,0,0,0,0,0,0,0,0,0,0,65,16,0,0,3,34,0,0,0,0,2,0,0,0,0,0,0,0,0,0,0,5,1,0,0,0,12
2110,no stopping,0,0,1,0,0,0,479,225,0,0,0,0,0,0,0,0,16,0,0,0,29,346,120,10,0,2,147,22,0,0,0,0,0,0,0,0,34,1619,83,0,0,75,387,16,0,0,0,15,0,0,0,0,0,0,0,0,0,8,37,1,0,0,60,363
670,no stopping,1,16,88,0,0,10,149,36,0,0,0,0,0,0,0,0,69,7,0,0,35,138,65,5,0,1,5,13,0,0,0,0,0,0,0,0,25,294,11,0,0,57,171,48,0,0,0,5,5,0,0,0,371,484,0,0,0,144,256,9,0,0,158,12
3119,no stopping,200,2,0,0,44,0,0,7,0,0,0,41,0,0,0,0,5,0,0,0,132,49,6,20,15,13,10,252,0,0,0,0,0,0,0,0,0,0,2,0,0,45,44,25,0,1,1,41,0,0,0,0,0,0,0,0,0,0,2,2,0,0,25,1178
386,no stopping,11,565,4,0,0,118,7,0,0,0,0,0,0,0,0,0,43,18,0,0,42,598,121,0,0,0,7,0,0,0,0,0,1491,39,0,0,209,1244,35,0,0,881,859,6,0,0,0,0,0,0,0,0,0,8,0,0,0,22,153,4,0,0,0,1
2301,no stopping,237,11,972,0,5,6,70,0,0,0,0,0,0,0,0,0,1601,42,0,0,133,227,53,3,0,3,36,27,0,0,0,0,586,7,0,0,6,147,43,0,17,291,600,112,0,0,0,0,0,0,0,0,0,0,0,0,0,3,6,0,0,7,3,0
217,no stopping,5,48,0,0,0,2,0,0,0,0,0,0,0,0,0,0,18,135,0,0,0,92,0,0,0,0,0,0,0,0,0,0,0,0,0,0,0,0,0,0,0,0,0,0,0,0,0,0,0,0,0,0,0,0,0,0,0,0,0,0,0,0,0,0
217,parking place,0,1,0,0,0,4,1,0,0,0,0,0,0,0,0,0,0,0,0,0,0,4,6,0,0,0,0,0,0,0,0,0,0,0,0,0,0,0,0,0,0,0,0,0,0,0,0,0,0,0,0,0,0,0,0,0,0,0,0,0,0,0,0,0
262,no stopping,36,279,0,0,8,27,2,0,0,0,0,0,0,0,0,0,542,52,0,0,31,323,41,0,0,1,1,0,0,0,0,0,0,0,0,0,0,5,1,0,0,8,26,2,0,0,1,3,0,0,0,0,0,0,0,0,0,0,0,1,0,0,4,49
2983,no stopping,14,222,0,0,0,3,0,0,0,0,0,0,0,0,0,0,272,24,0,0,13,177,21,0,0,7,1,0,0,0,0,0,169,14,0,0,4,217,4,0,0,37,81,0,0,0,0,0,0,0,0,0,0,0,0,0,0,0,0,0,0,0,0,0
2214,no stopping,1331,5,0,0,17,5,1246,6,0,0,7,3,0,0,0,0,40,20,0,0,71,227,58,0,0,10,44,38,0,0,0,0,0,3,0,0,0,250,20,0,0,22,280,86,0,0,4,93,0,5,0,0,0,1337,155,0,0,3,1224,50,0,0,56,505
2861,no stopping,912,1797,0,0,8,92,15,0,0,0,0,0,0,0,0,0,2596,36,0,0,53,977,202,0,0,0,65,0,0,0,0,0,1021,4,0,0,29,655,96,0,0,112,254,0,0,0,0,0,0,0,0,0,0,0,0,0,0,0,0,0,0,0,0,0
2861,turn,22,147,0,0,0,12,3,0,0,0,0,0,0,0,0,0,2,13,0,0,1,51,42,0,0,0,0,0,0,0,0,0,0,0,0,0,0,1,0,0,0,9,1,0,0,0,0,0,0,0,0,0,0,0,0,0,0,0,0,0,0,0,0,0
387,no stopping,0,0,0,0,0,0,64,1,0,0,0,0,0,0,0,0,0,0,0,0,0,126,49,3,0,0,6,3,0,0,0,0,0,0,0,0,1,276,18,0,0,6,93,9,0,0,0,0,0,0,0,0,0,2,1,0,0,0,17,0,0,0,0,1
3164,no stopping,54,16,3,0,7,3,12,0,0,0,0,0,0,0,0,0,11,16,0,0,29,179,102,1,0,0,2,1,0,0,0,0,4,12,0,0,7,187,61,0,0,2,64,0,0,0,0,0,0,0,0,0,0,0,0,0,0,0,2,0,0,0,0,0
2980,no stopping,0,0,0,0,0,0,0,0,0,0,0,0,0,0,0,0,4,8,0,0,0,146,4,0,0,0,0,0,0,0,0,0,0,0,0,0,0,6,0,0,0,0,0,0,0,0,0,0,0,0,0,0,0,0,0,0,0,0,0,0,0,0,0,0
2980,no stopping,0,10,0,0,0,0,0,0,0,0,0,0,0,0,0,0,3,9,0,0,0,118,7,0,0,0,0,0,0,0,0,0,0,0,0,0,0,35,1,0,0,0,6,3,0,0,0,0,0,0,0,0,0,0,0,0,0,0,0,0,0,0,1,3
1400,no stopping,0,2,0,0,0,25,191,0,0,0,0,0,0,0,0,0,0,0,0,0,0,73,90,0,0,0,5,0,0,0,0,0,0,23,0,0,0,711,21,0,0,5,425,40,0,0,12,4,0,0,0,0,0,7,1,0,0,0,154,42,0,0,19,12
347,no stopping,0,4,139,0,0,4,112,0,0,0,0,0,0,0,0,0,58,21,0,0,3,109,41,1,0,0,15,0,0,0,0,0,411,5,0,0,3,139,12,0,0,20,135,1,0,0,0,0,0,0,0,0,0,0,0,0,0,0,4,0,0,0,3,90
375,no stopping,0,0,0,0,0,2,7,0,0,0,0,0,0,0,0,0,1,0,0,0,3,30,11,0,0,0,0,0,0,0,0,0,0,0,0,0,0,50,19,0,0,1,20,0,0,0,0,0,0,0,0,0,0,0,0,0,0,0,0,0,0,0,0,0
375,no stopping,4,2,16,0,2,4,526,0,0,0,0,0,0,0,0,0,11,62,0,0,7,199,83,0,0,10,50,0,0,0,0,0,361,554,0,0,25,230,56,0,0,20,393,34,0,0,0,10,0,0,0,0,0,0,0,0,0,0,2,1,0,0,3,233
1716,no stopping,62,2,0,0,0,0,0,0,0,0,0,0,0,0,0,0,3,1,0,0,1,43,0,0,0,0,12,54,0,0,0,0,0,0,0,0,0,4,1,0,0,3,44,34,0,0,0,36,0,0,0,0,0,0,0,0,0,0,81,2,0,0,11,506
1716,no stopping,4,0,0,0,0,0,0,0,0,0,0,0,0,0,0,0,4,2,0,0,5,12,0,0,0,0,0,0,0,0,0,0,0,0,0,0,0,15,1,0,0,0,36,10,0,0,0,0,0,0,0,0,0,0,0,0,0,0,33,10,0,0,0,0
1716,no stopping,8,1,0,0,0,1,164,479,0,0,0,0,0,0,0,0,6,3,0,0,11,132,73,9,0,0,20,29,0,0,0,0,13,5,0,0,9,280,3,0,0,222,280,80,0,0,3,26,179,44,0,0,87,1024,2,0,0,16,484,23,0,0,33,517
2697,no stopping,108,3,100,14,0,1,39,4,0,0,0,0,0,0,0,0,25,3,0,0,21,37,29,5,0,0,0,1,0,0,0,0,8,0,0,0,81,182,10,0,0,29,64,33,0,0,0,0,12,0,0,0,149,95,3,0,0,8,59,2,0,0,0,0
2697,no stopping,165,32,0,0,0,0,0,0,0,0,0,0,0,0,0,0,299,20,0,0,44,71,0,0,0,0,0,0,0,0,0,0,0,1,0,0,2,10,0,0,0,0,0,0,0,0,0,0,0,0,0,0,0,0,0,0,0,0,0,0,0,0,0,0
2697,no stopping,43,0,0,0,0,0,0,0,0,0,0,0,0,0,0,0,63,12,0,0,1,1,0,0,0,0,0,0,0,0,0,0,0,0,0,0,0,0,0,0,0,0,0,0,0,0,0,0,0,0,0,0,0,0,0,0,0,0,0,0,0,0,0,0
346,no stopping,0,0,0,0,0,1,2,0,0,0,0,0,0,0,0,0,0,0,0,0,0,10,18,0,0,0,0,0,0,0,0,0,0,0,0,0,1,24,3,0,0,1,3,0,0,0,0,0,0,0,0,0,0,0,0,0,0,0,2,0,0,0,1,11
346,parking place,0,0,0,0,0,0,21,0,0,0,0,0,0,0,0,0,0,0,0,0,0,0,10,0,0,0,14,3,0,0,0,0,0,0,0,0,0,0,0,0,0,0,12,4,0,0,0,0,0,0,0,0,0,0,0,0,0,0,0,0,0,0,0,0
346,turn,36,3,6,0,5,2,234,65,0,0,0,0,0,0,0,0,5,0,0,0,23,24,37,11,0,0,19,30,0,0,0,0,0,0,0,0,0,1,0,0,0,0,58,30,0,0,1,2,0,0,0,0,0,0,0,0,0,0,0,0,0,0,2,4
2089,no stopping,88,11,0,0,0,0,0,0,0,0,0,0,0,0,0,0,7,0,0,0,1,3,0,0,0,0,0,0,0,0,0,0,0,0,0,0,0,2,0,0,0,2,3,0,0,0,0,0,0,0,0,0,0,0,0,0,0,1,1,0,0,0,1,0
3008,no stopping,52,2,16,15,0,1,49,80,0,0,0,0,0,0,0,0,2,3,0,0,8,74,21,5,0,0,6,5,0,0,0,0,36,33,0,0,3,77,12,0,0,4,46,38,0,0,0,4,142,69,0,0,2,45,5,0,0,2,52,10,0,0,2,7
3008,no stopping,93,102,353,0,1,29,26,0,0,0,0,0,0,0,0,0,129,3,0,0,42,175,50,0,0,1,22,4,0,0,0,0,941,4,0,0,7,257,14,0,0,126,421,23,0,0,0,0,0,0,0,0,0,2,0,0,0,2,28,0,0,0,0,1
1798,no stopping,118,430,6,0,2,22,15,0,0,0,0,0,0,0,0,0,893,34,0,0,3,553,59,0,0,1,52,4,0,0,0,0,0,0,0,0,0,72,34,0,0,0,67,0,0,0,0,0,0,0,0,0,0,0,0,0,0,0,0,0,0,0,0,0
1639,no stopping,128,51,0,0,0,18,87,29,0,0,0,0,0,0,0,0,100,0,0,0,642,132,294,28,0,1,45,5,0,0,0,0,0,0,0,0,376,127,0,0,0,72,194,63,0,0,10,24,0,0,0,0,0,0,0,0,0,37,1012,0,0,0,369,44
94,no stopping,256,72,0,0,13,114,0,0,0,0,0,0,0,0,0,0,248,0,0,0,52,213,3,0,0,0,0,0,0,0,0,0,207,3,0,0,18,169,0,0,0,0,0,0,0,0,0,0,0,0,0,0,0,0,0,0,0,0,0,0,0,0,0,0
3051,no stopping,0,0,0,0,0,0,0,0,0,0,0,0,0,0,0,0,0,0,0,0,0,0,0,93,0,0,0,33,0,0,0,0,0,0,0,0,0,0,0,0,0,0,7,68,0,0,0,46,0,0,0,0,0,88,50,0,0,11,137,41,0,0,4,434
3051,no stopping,0,0,0,0,0,0,0,0,0,0,0,0,0,0,0,0,0,0,0,0,0,0,1,0,0,0,0,13,0,0,0,0,0,0,0,0,0,0,5,0,0,0,30,31,0,0,0,0,0,0,0,0,0,0,0,0,0,0,62,52,0,0,1,45
99,no stopping,10,56,352,0,0,36,193,0,0,0,0,0,0,0,0,0,138,322,0,0,1,368,255,1,0,0,90,7,0,0,0,0,244,697,0,0,0,276,151,0,0,1,625,55,0,0,1,5,0,0,0,0,0,0,0,0,0,0,6,1,0,0,1,73
715,no stopping,0,4,0,0,0,0,0,0,0,0,0,0,0,0,0,0,0,5,0,0,0,30,6,0,0,0,0,0,0,0,0,0,0,0,0,0,0,20,2,0,0,0,5,0,0,0,0,0,0,0,0,0,0,0,0,0,0,0,0,0,0,0,0,0
715,no stopping,387,25,781,0,97,23,77,0,0,0,0,0,0,0,0,0,71,38,0,0,127,466,81,0,6,15,56,2,0,0,0,0,1697,100,0,0,1,294,14,0,3,57,642,3,0,0,2,0,0,0,0,0,0,0,0,0,0,0,4,0,1,5,8,17
218,no stopping,0,15,0,0,0,0,0,0,0,0,0,0,0,0,0,0,0,72,0,0,4,2047,973,0,0,1,46,0,0,0,0,0,0,0,0,0,0,1034,147,0,0,16,550,2,0,0,0,0,0,0,0,0,0,0,0,0,0,0,0,4,0,0,0,121
218,no stopping,0,0,0,0,0,0,0,0,0,0,0,0,0,0,0,0,0,0,0,0,0,144,4,0,0,0,0,0,0,0,0,0,0,0,0,0,0,4,13,0,0,0,31,0,0,0,0,0,0,0,0,0,0,0,0,0,0,0,0,0,0,0,0,0
218,no stopping,0,0,0,0,0,0,0,0,0,0,0,0,0,0,0,0,0,0,0,0,0,235,4,0,0,0,0,0,0,0,0,0,0,0,0,0,0,18,15,0,0,1,51,0,0,0,0,0,0,0,0,0,0,0,0,0,0,0,0,0,0,0,0,0
1812,no stopping,88,0,0,0,16,0,247,82,0,0,0,0,0,0,0,0,58,0,0,0,190,324,182,21,0,0,32,45,0,0,0,0,2,0,0,0,132,1236,157,0,0,12,113,5,0,0,0,0,0,0,0,0,0,21,0,0,0,2,3,0,0,0,0,0
1812,turn,789,1128,6658,0,99,123,91,0,0,0,0,0,0,0,0,0,306,21,0,0,602,1766,667,1,0,8,232,21,0,0,0,0,0,0,0,0,0,1,8,0,0,29,1531,31,0,0,0,0,0,0,0,0,0,0,0,0,0,0,0,0,0,0,0,0
199,no stopping,684,128,307,0,166,190,596,0,0,0,0,0,0,0,0,0,251,44,0,0,223,652,120,0,0,4,53,0,0,0,0,0,1810,68,0,0,24,478,24,0,0,86,471,2,0,0,1,0,0,0,0,0,0,0,0,0,0,0,2,0,0,0,5,11
365,no stopping,51,141,0,0,0,2,0,0,0,0,0,0,0,0,0,0,314,11,0,0,5,275,21,0,0,0,1,0,0,0,0,0,14,1,0,0,1,64,10,0,0,8,11,0,0,0,0,0,0,0,0,0,0,0,0,0,0,0,0,0,0,0,0,0
1474,no stopping,67,319,0,0,2,15,0,0,0,0,0,0,0,0,0,0,730,26,0,0,36,357,17,0,0,0,0,0,0,0,0,0,0,0,0,0,0,39,6,0,0,43,88,0,0,0,0,0,0,0,0,0,0,0,0,0,0,0,2,0,0,0,1,0
2846,no stopping,84,25,66,0,0,17,17,0,0,0,0,0,0,0,0,0,60,3,0,0,21,57,40,0,0,0,1,0,0,0,0,0,171,28,0,0,18,211,40,0,0,11,40,0,0,0,0,0,1,0,0,0,0,3,1,0,0,1,2,0,0,0,0,0
1606,no stopping,0,0,0,0,0,0,1,0,0,0,0,0,0,0,0,0,5,0,0,0,6,7,4,0,0,0,0,0,0,0,0,0,0,0,0,0,4,22,3,0,0,5,13,1,0,0,0,0,0,0,0,0,0,17,1,0,0,4,7,0,0,0,0,0
1606,turn,0,864,64,0,0,33,4,0,0,0,0,0,0,0,0,0,0,0,0,0,0,67,16,0,0,2,21,0,0,0,0,0,0,0,0,0,0,152,2,0,0,109,306,0,0,0,0,0,0,0,0,0,0,0,0,0,0,0,0,0,0,0,0,0
1606,turn,1,11,41,0,0,2,1,0,0,0,0,0,0,0,0,0,1,0,0,0,6,7,19,1,0,0,2,1,0,0,0,0,0,0,0,0,0,0,1,0,0,2,10,6,0,0,0,1,0,0,0,0,0,0,0,0,0,0,0,0,0,0,1,18
2066,no stopping,53,85,182,0,0,0,9,0,0,0,0,0,0,0,0,0,144,1,1,0,23,263,41,3,0,0,3,5,0,0,0,0,386,6,0,0,74,313,50,0,0,10,93,17,0,0,0,0,11,0,0,0,0,10,4,0,0,1,12,0,0,0,0,0
3066,no stopping,143,145,780,0,1,97,71,0,0,0,0,0,0,0,0,0,48,8,0,0,99,646,91,8,0,0,16,34,0,0,0,0,1701,114,0,0,32,787,41,0,0,56,401,64,0,0,0,0,0,0,0,0,0,38,13,0,0,7,109,0,0,0,0,0
1756,no stopping,513,6,25,0,14,31,962,0,0,0,0,0,0,0,0,0,122,29,0,0,107,391,104,0,0,0,33,0,0,0,0,0,175,12,0,0,287,755,4,0,0,225,513,0,0,0,0,0,40,12,0,0,388,1005,0,0,0,24,11,0,0,0,3,5
1956,no stopping,95,844,1014,0,0,113,85,0,0,0,0,0,0,0,0,0,600,52,0,0,193,1735,225,0,0,2,129,2,0,0,0,0,3821,32,0,0,86,996,88,0,30,235,1673,1,0,0,0,0,0,0,0,0,7,17,0,0,1,4,4,0,0,0,0,0
2730,no stopping,211,2,0,0,1,8,378,0,0,0,0,0,0,0,0,0,36,22,0,0,8,74,117,3,0,0,42,7,0,0,0,0,250,366,0,0,9,650,34,0,0,260,418,26,0,0,0,0,0,0,0,0,0,5,0,0,0,6,37,0,0,0,0,0
351,no stopping,365,10969,3961,0,0,346,371,0,0,0,0,0,0,0,0,0,3103,221,0,0,259,11346,642,3,0,52,455,161,0,0,0,0,28229,105,0,0,48,6066,64,0,0,1920,9073,428,0,0,0,0,0,0,0,0,0,180,11,0,0,88,774,0,0,0,0,0
485,no stopping,36,0,0,0,9,0,38,44,0,0,0,0,0,0,0,0,20,1,0,0,58,79,22,0,0,0,5,20,0,0,0,0,64,45,0,0,11,173,22,0,0,26,57,32,0,0,0,2,6,1,0,0,1,44,2,0,0,4,42,6,0,0,0,0
1280,no stopping,130,13,0,0,0,0,0,0,0,0,0,0,0,0,0,0,49,58,0,0,15,998,370,502,0,0,1,1396,0,0,0,141,0,0,0,0,0,693,109,0,0,19,198,231,0,0,1,277,0,0,0,0,0,1728,357,0,0,108,2493,60,0,0,65,2468
2203,no stopping,746,0,55,0,45,7,730,16,1,22,0,0,0,0,0,0,135,21,0,0,43,127,45,6,0,19,28,27,0,0,0,0,1120,110,0,0,34,236,24,0,0,32,358,69,0,0,2,2,67,18,0,0,53,61,1,0,0,9,66,0,0,0,7,8
1836,no stopping,116,2,0,0,0,0,98,309,0,0,0,0,0,0,0,0,93,11,0,0,42,473,72,20,0,0,7,46,0,0,0,0,20,61,0,0,10,624,34,0,0,20,215,106,0,0,0,48,74,124,0,0,11,396,6,0,0,34,283,35,0,0,1,19
2427,no stopping,4,14,0,0,0,0,0,0,0,0,0,0,0,0,0,0,1,12,0,0,2,67,7,0,0,0,0,0,0,0,0,0,0,0,0,0,0,44,5,0,0,0,0,0,0,0,0,0,0,0,0,0,0,0,0,0,0,0,0,0,0,0,0,0
3067,no stopping,379,73,622,0,16,32,1140,0,0,0,0,0,0,0,0,0,46,11,0,0,158,753,143,0,0,10,33,0,0,0,0,0,2944,571,0,0,25,1006,30,0,0,276,1892,118,0,0,17,74,0,0,0,0,0,1,0,0,0,1,336,25,0,0,62,366
187,no stopping,132,180,32,0,10,6,7,0,0,0,0,0,0,0,0,0,172,42,0,0,32,240,56,0,0,1,7,0,0,0,0,0,277,35,0,0,3,218,57,0,0,8,94,1,0,0,0,0,0,0,0,0,0,0,1,0,0,0,8,0,0,0,0,1
2270,no stopping,36,14,70,4,2,13,48,20,0,0,0,0,0,0,0,0,38,2,0,0,66,63,43,1,5,6,7,1,0,0,0,0,198,0,0,0,47,121,26,0,6,44,29,1,0,0,0,0,17,0,0,0,5,3,0,0,0,8,11,1,0,0,2,2
226,no stopping,77,89,186,0,1,18,22,0,0,0,0,0,0,0,0,0,194,45,0,0,14,229,67,0,0,2,11,0,0,0,0,0,368,7,0,0,4,221,53,0,0,105,50,0,0,0,0,0,0,0,0,0,0,0,0,0,0,0,1,0,0,0,0,0
730,no stopping,554,73,204,111,15,29,219,688,0,0,0,0,0,0,0,0,136,40,0,0,99,620,113,23,1,19,174,91,0,0,0,0,2105,68,0,0,7,238,107,0,0,47,427,17,0,1,3,2,0,0,0,0,0,0,0,0,0,1,0,0,0,3,14,23
712,no stopping,17,4,0,0,0,0,0,0,0,0,0,0,0,0,0,0,21,8,0,0,8,83,3,0,0,0,0,0,0,0,0,0,0,0,0,0,0,23,2,0,0,0,0,0,0,0,0,0,0,0,0,0,0,0,0,0,0,0,0,0,0,0,0,0
229,no stopping,45,49,0,0,0,4,0,0,0,0,0,0,0,0,0,0,102,28,0,0,3,161,9,0,0,1,5,0,0,0,0,0,0,0,0,0,0,4,2,0,0,0,20,4,0,0,0,1,0,0,0,0,0,0,0,0,0,0,0,0,0,0,0,3
2199,no stopping,21,52,0,0,1,16,0,0,0,0,0,0,0,0,0,0,0,27,0,0,0,346,34,0,0,0,34,199,0,0,0,0,0,0,0,0,1,230,11,0,0,12,181,203,0,0,0,12,0,0,0,0,0,16,0,0,0,132,853,159,0,0,5,317
752,no stopping,0,0,0,0,0,0,67,126,0,0,0,0,0,0,0,0,0,0,0,0,7,24,28,1,0,0,26,5,0,0,0,0,32,20,0,0,48,308,3,0,0,54,116,20,0,0,0,1,20,16,0,0,26,165,1,0,0,8,78,3,0,0,6,117
2621,no stopping,31,6,0,0,1,6,0,0,0,0,0,0,0,0,0,0,1,2,0,0,0,166,114,0,0,0,7,0,0,0,0,0,0,0,0,0,0,0,6,0,0,0,20,0,0,0,0,0,0,0,0,0,0,0,0,0,0,0,0,0,0,0,0,0
2621,no stopping,189,80,69,0,17,216,278,0,0,0,0,0,0,0,0,0,915,321,0,0,190,1565,292,0,0,0,4,0,0,0,0,0,36,5,0,0,6,314,26,0,0,31,2,0,0,0,0,0,0,0,0,0,0,0,0,0,0,0,0,0,0,0,0,0
3033,no stopping,0,62,406,0,0,22,41,0,0,0,0,0,0,0,0,0,0,1,0,0,0,39,75,0,0,0,7,5,0,0,0,0,712,61,0,0,46,330,42,0,0,80,859,24,0,0,0,0,227,0,0,0,1,68,11,0,0,4,63,0,0,0,0,0
3117,no stopping,0,84,93,0,0,7,28,0,0,0,0,0,0,0,0,0,343,105,0,0,1,113,103,0,0,0,2,0,0,0,0,0,1,8,0,0,0,125,41,0,0,14,224,0,0,0,0,0,0,0,0,0,0,0,0,0,0,0,0,0,0,0,0,0
265,no stopping,13,44,0,0,0,5,1,0,0,0,0,0,0,0,0,0,108,6,0,0,101,61,13,0,0,0,0,0,0,0,0,0,38,0,0,0,19,82,3,0,0,15,1,0,0,0,0,0,0,0,0,0,0,0,0,0,0,0,0,0,0,0,0,0
2439,no stopping,1,481,209,0,0,43,5,0,0,0,0,0,0,0,0,0,59,38,0,0,13,716,84,0,0,6,32,0,0,0,0,0,26,15,0,0,181,1725,13,0,0,104,341,0,0,0,0,0,0,0,0,0,0,0,0,0,0,0,0,0,0,0,0,0
2439,parking place,10,6,39,0,0,1,168,0,0,0,0,0,0,0,0,0,0,0,0,0,2,34,147,1,0,0,25,5,0,0,0,0,0,0,0,0,0,0,0,0,0,0,95,31,0,0,3,1,0,0,0,0,0,0,0,0,0,0,7,0,0,0,0,0
280,no stopping,70,0,0,0,0,4,88,0,0,0,0,0,0,0,0,0,2,0,0,0,7,53,15,0,0,1,14,0,0,0,0,0,40,26,0,0,6,114,18,0,0,20,33,3,0,0,0,0,37,9,0,0,1,31,4,0,0,0,4,0,0,0,0,0
2901,no stopping,423,250,214,0,0,94,1406,6,0,0,0,0,0,0,0,0,286,581,0,0,5,1399,255,21,0,0,74,49,0,0,0,0,1699,260,0,0,1,345,147,0,0,39,798,41,0,0,2,0,0,0,0,0,0,0,0,0,0,0,17,0,0,0,15,21
1472,no stopping,105,212,6,0,0,9,2,0,0,0,0,0,0,0,0,0,441,34,0,0,35,183,23,0,0,0,7,0,0,0,0,0,85,5,0,0,1,97,28,0,0,8,11,0,0,0,0,0,0,0,0,0,0,0,0,0,0,0,0,0,0,0,0,0
1472,no stopping,0,0,0,0,0,0,0,0,0,0,0,0,0,0,0,0,0,1,0,0,3,78,0,0,0,0,0,0,0,0,0,0,0,0,0,0,0,9,0,0,0,0,0,0,0,0,0,0,0,0,0,0,0,0,0,0,0,0,0,0,0,0,0,0
1472,no stopping,4,8,0,0,0,2,0,0,0,0,0,0,0,0,0,0,23,16,0,0,3,54,0,0,0,0,0,0,0,0,0,0,0,0,0,0,0,0,0,0,0,0,0,0,0,0,0,0,0,0,0,0,0,0,0,0,0,0,0,0,0,0,0,0
207,no stopping,0,49,0,0,2,38,2,0,0,0,0,0,0,0,0,0,165,3,0,0,37,136,8,0,0,0,1,0,0,0,0,0,9,0,0,0,5,60,1,0,0,12,0,0,0,0,0,0,0,0,0,0,0,0,0,0,0,0,0,0,0,0,0,0
207,no stopping,0,64,0,0,0,15,1,0,0,0,0,0,0,0,0,0,121,12,0,0,0,29,7,0,0,0,9,0,0,0,0,0,45,2,0,0,0,44,15,0,0,0,50,5,0,0,21,16,0,0,0,0,0,2,0,0,0,0,8,0,0,0,17,23
207,parking place,0,0,0,0,0,8,0,0,0,0,0,0,0,0,0,0,0,0,0,0,0,12,14,0,0,0,3,0,0,0,0,0,0,0,0,0,0,0,0,0,0,0,8,2,0,0,0,2,0,0,0,0,0,0,0,0,0,0,0,0,0,0,0,7
2251,no stopping,494,93,661,0,70,65,178,0,0,0,0,0,0,0,0,0,1360,85,0,0,146,524,197,0,0,7,58,0,0,0,0,0,486,1,0,0,10,254,41,0,0,20,330,4,0,0,8,7,0,0,0,0,0,0,0,0,0,0,0,0,0,0,5,132
1468,no stopping,173,0,0,0,9,47,382,0,0,0,0,0,0,0,0,0,18,1,0,0,28,223,50,1,0,8,40,0,0,0,0,0,562,8,0,0,152,370,6,0,0,123,254,2,0,0,0,0,0,0,0,0,0,6,0,0,0,47,47,0,0,0,16,0
243,no stopping,2,17,0,0,0,0,0,0,0,0,0,0,0,0,0,0,26,9,0,0,0,24,2,0,0,0,0,0,0,0,0,0,4,3,0,0,0,48,9,0,0,3,35,0,0,0,0,0,0,0,0,0,0,0,0,0,0,0,0,0,0,0,0,0
243,turn,156,1691,0,0,0,18,2,0,0,0,0,0,0,0,0,0,190,12,0,0,143,224,102,0,0,0,38,0,0,0,0,0,0,0,0,0,0,5,2,1,0,3,430,3,0,0,0,0,0,0,0,0,0,0,0,0,0,0,1,0,0,0,0,15
208,no stopping,225,4103,11,0,6,378,52,0,0,0,0,0,0,0,0,0,4275,66,0,0,83,658,154,0,0,28,230,0,0,0,0,0,4865,49,0,0,28,753,102,0,0,218,5878,332,0,0,25,438,0,0,0,0,0,0,0,0,0,0,97,1,0,0,163,785
208,parking place,0,0,0,0,0,233,17,0,0,0,0,0,0,0,0,0,0,0,0,0,0,37,57,0,0,0,61,0,0,0,0,0,0,0,0,0,0,0,0,0,0,0,82,15,0,0,2,18,0,0,0,0,0,0,0,0,0,0,1,1,0,0,6,95
1953,no stopping,111,8,0,0,0,1,5,0,0,0,0,0,0,0,0,0,39,21,0,0,0,160,66,0,0,0,1,0,0,0,0,0,2,3,0,0,0,34,14,0,0,0,7,0,0,0,0,0,0,0,0,0,0,0,0,0,0,0,1,0,0,0,0,0
228,no stopping,150,152,384,0,16,45,78,0,0,0,0,0,0,0,0,0,602,31,0,0,45,505,101,0,0,9,90,0,0,0,0,0,605,12,0,0,10,249,48,0,0,17,258,13,0,0,1,8,0,0,0,0,0,0,0,0,0,0,0,0,0,0,1,110
228,no stopping,120,11,0,0,0,0,0,0,0,0,0,0,0,0,0,0,0,1,0,0,2,31,0,0,0,0,0,0,0,0,0,0,0,0,0,0,0,2,0,0,0,0,2,0,0,0,0,0,0,0,0,0,0,0,0,0,0,0,0,0,0,0,0,0
2396,no stopping,60,1579,0,0,0,81,19,0,0,0,0,0,0,0,0,0,592,49,0,0,202,874,149,0,0,0,42,0,0,0,0,0,3204,122,0,0,39,1234,124,0,0,294,679,0,0,0,0,0,0,0,0,0,0,208,14,0,0,10,298,1,0,0,574,470
2396,parking place,90,107,521,0,10,870,4867,0,0,0,0,0,0,0,0,0,16,4,0,0,101,1504,712,0,0,27,579,28,0,0,0,0,0,0,0,0,0,54,51,0,0,98,3046,30,0,0,1,0,0,0,0,0,0,0,0,0,0,3,38,6,0,0,117,116
86,no stopping,1,26,96,2,0,6,25,1,0,0,0,0,0,0,0,0,206,35,0,0,17,103,57,0,0,0,0,0,0,0,0,0,62,1,0,0,7,151,11,0,0,26,8,0,0,0,0,0,0,0,0,0,0,0,0,0,0,0,89,0,0,0,0,0
2878,no stopping,79,0,2,1,0,0,79,616,0,0,0,0,0,0,0,0,95,2,0,0,175,453,26,21,0,0,4,34,0,0,0,0,0,0,0,0,0,228,8,0,0,67,673,99,0,0,0,54,0,0,0,0,0,460,38,0,0,21,1361,7,0,0,121,386
1297,no stopping,0,0,0,0,0,0,1,473,0,0,0,26,0,0,0,0,0,0,0,0,0,43,17,62,0,0,30,74,0,0,0,0,0,0,0,0,1,193,1,0,0,24,190,189,0,0,6,30,0,0,0,0,49,1387,3,0,0,135,632,2,0,0,165,1511
211,no stopping,0,0,0,0,0,20,698,1097,0,0,0,0,0,0,0,0,0,0,0,0,0,15,110,24,0,0,32,81,0,0,0,0,363,69,0,0,69,564,2,0,0,15,526,251,0,0,2,1897,2753,81,0,0,2,308,26,0,0,6,582,52,0,0,35,723
3020,no stopping,0,28,25,4,0,2,5,1,0,0,0,0,0,0,0,0,12,14,0,0,1,94,33,0,0,0,0,1,0,0,0,0,43,17,0,0,1,62,14,0,0,0,0,0,0,0,0,0,0,0,0,0,0,0,0,0,0,0,0,0,0,0,0,0
3020,no stopping,89,2,85,91,1,0,21,7,0,0,0,0,0,0,0,0,8,1,0,0,3,87,33,17,0,0,0,5,0,0,0,0,183,84,0,0,1,178,48,0,0,9,108,48,0,0,0,0,53,17,0,0,0,24,5,0,0,0,20,3,0,0,1,0
327,no stopping,293,112,136,0,15,7,6,0,0,0,0,0,0,0,0,0,65,7,0,0,82,64,50,0,6,1,1,0,0,0,0,0,462,11,0,0,6,155,23,0,0,8,50,0,0,0,0,0,0,0,0,0,0,0,0,0,0,0,0,0,0,0,0,0
48,no stopping,0,62,170,0,0,41,93,0,0,0,0,0,0,0,0,0,4,55,0,0,0,395,122,0,0,0,18,0,0,0,0,0,568,195,0,0,12,358,82,0,0,9,338,13,0,0,0,0,0,0,0,0,0,4,3,0,0,1,44,5,0,0,0,0
3129,no stopping,0,0,0,0,0,0,0,0,0,0,0,0,0,0,0,0,0,0,0,0,0,3,11,0,0,0,0,0,0,0,0,0,0,0,0,0,0,21,39,0,0,0,72,1,0,0,0,0,0,0,0,0,0,0,0,0,0,0,36,0,0,0,24,13
3129,no stopping,178,97,1163,0,0,85,178,0,0,0,0,0,0,0,0,0,183,6,0,0,326,1054,189,0,0,0,143,1,0,0,0,0,0,0,0,0,10,411,4,0,0,346,4611,0,0,0,0,0,0,0,0,0,0,0,0,0,0,5,10,0,0,0,6,0
3129,parking place,0,112,11,0,0,21,19,0,0,0,0,0,0,0,0,0,0,0,0,0,0,47,87,0,0,0,27,0,0,0,0,0,0,0,0,0,0,0,0,0,0,0,122,58,0,0,0,0,0,0,0,0,0,0,0,0,0,0,0,0,0,0,0,0
2543,no stopping,5,3,0,0,0,17,19,171,0,0,0,1,0,0,0,0,2,5,0,0,0,18,91,5,0,0,28,34,0,0,0,0,282,40,0,0,0,59,33,0,0,0,46,50,0,0,0,2,0,0,0,0,0,0,1,0,0,0,5,1,0,0,0,0
2275,no stopping,3,0,0,0,3,0,26,873,0,0,0,0,0,0,0,0,14,2,0,0,28,141,20,18,0,3,12,33,0,0,0,0,12,4,0,0,39,172,8,0,0,103,169,28,0,0,1,41,164,86,0,0,399,1075,27,0,0,18,218,19,0,0,438,1135
2025,no stopping,227,402,0,0,33,5,0,0,0,0,0,0,0,0,0,0,174,5,0,0,147,154,41,0,3,10,0,0,0,0,0,0,683,8,0,0,28,330,76,0,5,39,19,0,0,1,1,0,0,0,0,0,0,0,0,0,0,0,2,0,0,0,7,0
257,no stopping,0,0,0,0,0,0,1,33,0,0,0,0,0,0,0,0,0,0,0,0,3,45,4,2,0,0,6,13,0,0,0,0,0,0,0,0,0,35,4,0,0,13,27,25,0,0,0,1,0,0,0,0,2,116,1,0,0,8,78,16,0,0,1,50
357,no stopping,0,0,0,0,0,0,102,116,0,0,0,0,0,0,0,0,0,0,0,0,0,21,34,0,0,0,8,6,0,0,0,0,0,17,0,0,0,533,17,0,0,11,219,67,0,0,0,0,0,0,0,0,0,25,1,0,0,0,80,10,0,0,12,53
210,no stopping,66,2,0,0,3,16,373,0,0,0,0,0,0,0,0,0,0,1,0,0,1,80,52,1,0,2,21,26,0,0,0,0,141,28,0,0,28,428,48,0,0,14,462,117,0,0,0,287,156,33,0,0,38,171,6,0,0,12,137,0,0,0,0,0
3045,no stopping,0,1,0,0,0,0,0,0,0,0,0,0,0,0,0,0,0,22,0,0,9,630,15,0,0,0,1,1050,0,0,0,0,0,0,0,0,0,88,6,0,0,28,221,537,0,0,0,124,0,0,0,0,0,0,0,0,0,44,3382,28,0,0,200,3182
3162,no stopping,48,35,97,0,0,5,6,0,0,0,0,0,0,0,0,0,20,2,0,0,0,22,25,0,0,0,1,1,0,0,0,0,0,1,0,0,0,346,10,0,0,0,37,28,0,0,0,0,0,0,0,0,0,40,1,0,0,0,31,34,0,0,0,20
385,no stopping,0,0,2,0,0,1,6,46,0,0,0,1,0,0,0,0,2,1,0,0,1,47,19,63,0,0,9,32,0,0,0,0,7,7,0,0,3,74,10,0,0,5,79,41,0,0,0,13,0,0,0,0,0,4,0,0,0,49,275,8,0,0,20,331
385,no stopping,0,0,0,0,0,0,1,9,0,0,0,0,0,0,0,0,0,0,0,0,0,3,4,12,0,0,0,13,0,0,0,0,0,0,0,0,0,25,2,0,0,1,19,30,0,0,0,4,0,0,0,0,0,32,10,0,0,3,93,27,0,0,2,52
2172,no stopping,0,2,0,0,0,2,0,253,0,0,0,38,0,0,0,0,0,0,0,0,0,12,1,14,0,0,4,76,0,0,0,0,0,0,0,0,0,20,2,0,0,2,30,42,0,0,2,23,6,28,0,0,6,636,14,0,0,15,242,11,0,0,83,578
364,no stopping,38,6,0,0,0,0,7,118,0,0,0,16,0,0,0,0,12,7,0,0,13,153,9,9,0,4,4,139,0,0,0,0,0,2,0,0,0,21,3,0,0,31,81,14,0,0,3,10,8,2,0,0,3,371,17,0,0,58,175,9,0,0,49,242
1892,no stopping,921,0,0,0,27,3,40,159,0,0,0,0,0,0,0,0,153,13,0,0,98,360,131,68,0,87,90,52,0,0,0,0,2,3,0,0,5,548,61,0,0,145,635,164,0,0,1,35,21,23,0,0,14,810,11,0,0,138,693,92,0,0,40,425
2899,no stopping,12,58,203,63,0,6,28,19,0,0,0,0,0,0,0,0,51,11,0,0,36,197,63,21,0,0,8,28,0,0,0,0,428,53,0,0,15,375,63,0,0,81,203,30,0,0,0,4,34,1,0,0,0,60,31,0,0,1,79,0,0,0,60,54
1540,no stopping,4,22,0,0,0,2,0,0,0,0,0,0,0,0,0,0,13,2,0,0,0,10,9,0,0,0,0,0,0,0,0,0,30,0,0,0,15,47,3,0,0,8,4,0,0,0,0,0,0,0,0,0,0,0,0,0,0,0,0,0,0,0,0,0
2064,no stopping,28,19,0,0,3,15,0,0,0,0,0,0,0,0,0,0,0,4,0,0,2,381,181,0,0,19,58,0,0,0,0,0,0,0,0,0,0,0,2,0,0,2,15,0,0,0,0,0,0,0,0,0,0,0,0,0,0,0,0,0,0,0,0,0
2898,no stopping,4,1,0,0,1,0,0,8,0,0,0,23,0,0,0,0,0,0,0,0,4,170,13,67,0,13,4,1451,0,0,0,0,0,0,0,0,0,36,9,0,0,14,414,52,0,0,10,732,0,2,0,0,2,2989,31,0,0,4,278,25,0,0,74,1039
1721,no stopping,15,0,0,0,0,0,17,1255,0,0,0,192,0,0,0,0,142,2,0,0,187,192,93,52,0,4,48,158,0,0,0,0,0,0,0,0,0,791,4,0,0,423,407,100,0,0,2,118,0,0,0,0,0,3499,10,0,0,30,499,8,0,0,93,1355
350,no stopping,42,13,2,0,0,0,0,0,0,0,0,0,0,0,0,0,14,3,1,0,3,12,1,0,0,1,0,98,0,0,0,0,0,0,0,0,0,3,2,0,0,0,46,35,0,0,0,19,0,0,0,0,0,0,0,0,0,0,5,0,0,0,7,395
963,no stopping,0,0,17,0,0,172,544,0,0,0,0,0,0,0,0,0,0,0,0,0,0,181,234,0,0,8,113,0,0,0,0,0,0,0,0,0,0,48,0,0,0,699,3210,0,0,0,0,0,0,0,0,0,0,0,0,0,0,0,0,0,0,0,0,0
1040,no stopping,0,0,80,35,0,6,131,38,0,0,0,0,0,0,0,0,13,1,0,0,1,78,98,6,0,0,11,10,0,0,0,0,542,20,0,0,2,109,19,0,0,4,238,17,0,0,5,2,1,0,0,0,0,6,4,0,0,0,20,3,0,0,2,19
2393,no stopping,43,367,69,0,1,12,14,0,0,0,0,0,0,0,0,0,41,4,0,0,108,544,57,0,0,1,13,4,0,0,0,0,82,37,0,0,3,853,60,0,0,61,315,63,0,0,0,0,0,0,0,0,0,0,0,0,0,0,2,0,0,0,0,0
2541,no stopping,2,3,143,0,1,16,788,9,0,0,0,0,0,0,0,0,90,331,0,0,2,753,311,25,0,18,44,38,0,0,0,0,740,653,0,0,0,179,88,0,0,14,645,111,0,0,0,0,0,0,0,0,0,0,0,0,0,0,35,1,0,0,0,0
1558,no stopping,767,157,69,0,1,190,112,0,0,0,0,0,0,0,0,0,105,3,0,0,58,898,204,0,0,1,59,0,0,0,0,0,507,205,0,0,189,1861,29,0,0,167,1033,2,0,0,0,0,0,0,0,0,0,10,1,0,0,14,84,0,0,0,0,0
2469,no stopping,0,0,0,0,0,0,5,20,0,0,0,1,0,0,0,0,1,3,0,0,0,20,5,22,0,0,1,9,0,0,0,0,0,0,0,0,0,4,4,0,0,5,24,18,0,0,0,4,0,0,0,0,0,97,15,0,0,13,105,20,0,0,11,76
2469,parking place,0,0,0,0,0,0,0,168,0,0,0,0,0,0,0,0,0,0,0,0,0,17,9,398,0,0,5,298,0,0,0,0,0,0,0,0,0,0,0,0,0,0,40,85,0,0,9,56,0,0,0,0,0,0,0,0,0,0,2,0,0,0,3,509
2952,no stopping,16,19,2,0,0,0,2,0,0,0,0,0,0,0,0,0,40,6,0,0,7,44,16,0,0,0,0,0,0,0,0,0,5,2,0,0,0,24,3,0,0,0,1,0,0,0,0,0,0,0,0,0,0,0,0,0,0,0,0,0,0,0,0,0
1537,no stopping,0,7,29,0,0,5,55,5,0,0,0,0,0,0,0,0,0,0,0,0,0,14,39,6,0,0,1,3,0,0,0,0,15,0,0,0,70,211,26,0,0,15,207,11,0,0,0,3,0,0,0,0,0,18,0,0,0,21,124,2,0,0,1,12
2059,no stopping,93,34,1,0,19,130,507,0,0,0,0,0,0,0,0,0,8,16,0,0,7,212,126,0,0,3,50,1,0,0,0,0,288,6,0,0,589,391,15,0,0,81,296,22,0,0,0,1,0,0,0,0,0,0,0,0,0,0,6,2,0,0,4,172
1412,no stopping,0,6,352,0,0,3,48,0,0,0,0,0,0,0,0,0,21,0,0,0,0,1,70,1,0,0,10,11,0,0,0,0,756,25,0,0,2,786,40,0,0,37,150,25,0,0,0,0,0,0,0,0,0,1,0,0,0,0,7,0,0,0,0,0
2291,no stopping,0,188,528,0,0,19,89,0,0,0,0,0,0,0,0,0,274,64,0,0,32,504,213,1,0,6,12,3,0,0,0,0,1004,44,0,0,9,595,58,0,0,140,143,5,0,0,8,7,0,0,0,0,0,0,1,0,0,1,33,14,0,0,12,478
2291,no stopping,0,0,0,0,0,0,0,0,0,0,0,0,0,0,0,0,0,0,0,0,0,31,31,0,0,0,0,0,0,0,0,0,0,0,0,0,0,85,33,0,0,0,0,0,0,0,0,0,0,0,0,0,0,0,0,0,0,0,0,0,0,0,0,0
2261,no stopping,13,9,47,0,0,1,22,4,0,0,0,0,0,0,0,0,34,5,0,0,9,84,50,0,0,0,0,0,0,0,0,0,88,15,0,0,8,131,57,1,0,17,18,1,0,0,0,0,0,0,0,0,0,4,1,0,0,1,5,0,0,0,0,0
46,no stopping,62,33,230,0,23,32,246,0,0,0,0,0,0,0,0,0,27,0,0,0,184,186,31,1,3,7,20,5,0,0,0,0,846,23,0,0,49,267,2,0,6,101,194,24,0,0,0,0,35,2,0,0,3,41,0,0,0,8,109,0,0,0,0,0
1635,no stopping,14,1,0,0,0,0,5,138,0,0,0,0,0,0,0,0,2,1,0,0,3,46,38,21,0,0,1,16,0,0,0,0,0,0,0,0,0,74,8,0,0,36,74,12,0,0,0,31,0,0,0,0,0,418,6,0,0,31,237,8,0,0,54,207
241,no stopping,0,0,0,0,0,0,0,0,0,0,0,0,0,0,0,0,0,1,0,0,0,14,0,0,0,0,0,0,0,0,0,0,0,0,0,0,0,4,0,0,0,4,13,0,0,0,0,0,0,0,0,0,0,0,0,0,0,0,0,0,0,0,0,0
241,no stopping,16,47,79,0,0,8,8,0,0,0,0,0,0,0,0,0,35,5,0,0,36,76,16,0,0,0,9,0,0,0,0,0,250,15,0,0,26,217,15,0,0,15,56,0,0,0,0,0,0,0,0,0,0,0,0,0,0,0,1,0,0,0,0,0
241,parking place,0,1,0,0,0,1,0,0,0,0,0,0,0,0,0,0,0,0,0,0,0,3,11,0,0,0,3,0,0,0,0,0,0,0,0,0,0,0,0,0,0,0,1,0,0,0,0,0,0,0,0,0,0,0,0,0,0,0,0,0,0,0,0,0
241,turn,2,66,1,0,0,6,2,0,0,0,0,0,0,0,0,0,3,0,0,0,29,77,7,0,0,4,4,0,0,0,0,0,0,0,0,0,0,0,0,0,0,7,17,0,0,0,0,0,0,0,0,0,0,0,0,0,0,0,0,0,0,0,0,0
51,no stopping,253,180,352,9,0,13,171,1,0,0,0,0,0,0,0,0,59,21,0,0,5,194,100,14,0,0,33,22,0,0,0,0,1029,123,0,0,4,485,61,0,0,0,550,131,0,0,0,0,0,0,0,0,0,0,3,0,0,0,29,12,0,0,0,0
1552,no stopping,213,0,0,0,0,3,518,125,0,0,0,0,0,0,0,0,19,0,0,0,46,519,74,5,0,0,29,25,0,0,0,0,1,11,0,0,1,1157,1,0,0,131,359,135,0,0,0,3,1,77,0,0,0,879,10,0,0,7,445,5,0,0,1,0
1718,no stopping,2,390,68,0,0,31,45,0,0,0,0,0,0,0,0,0,61,2,0,0,4,99,37,0,0,1,17,0,0,0,0,0,992,4,0,0,16,262,7,0,0,389,340,5,0,0,0,0,0,0,0,0,0,2,0,0,0,5,29,0,0,0,0,0
2234,no stopping,6,21,0,0,0,1,0,0,0,0,0,0,0,0,0,0,42,18,0,0,7,102,0,0,0,3,0,0,0,0,0,0,10,5,0,0,2,23,0,0,0,0,0,0,0,0,0,0,0,0,0,0,0,0,0,0,0,0,0,0,0,0,0,0
1549,no stopping,61,1,0,0,0,27,464,0,0,0,0,0,0,0,0,0,17,1,0,0,15,113,87,0,0,0,25,0,0,0,0,0,0,0,0,0,0,13,0,0,0,368,1533,13,0,0,11,7,0,0,0,0,0,0,0,0,0,44,1097,1,0,0,131,63
1714,no stopping,962,0,0,0,0,0,0,0,0,0,0,0,0,0,0,0,387,15,0,0,682,478,0,0,0,0,0,112,0,0,0,0,0,0,0,0,21,794,15,0,0,474,336,595,0,0,0,18,0,0,0,0,0,315,39,0,0,109,2699,760,0,0,316,671
2558,no stopping,0,7,109,8,0,1,18,1,0,0,0,0,0,0,0,0,0,0,0,0,0,192,208,10,0,0,12,9,0,0,0,0,0,0,0,0,0,3,49,0,0,0,199,6,0,0,0,0,0,0,0,0,0,0,0,0,0,0,0,0,0,0,0,0
2558,parking place,2,0,0,0,1,0,0,0,0,0,0,0,0,0,0,0,1,0,0,0,9,22,3,309,0,2,2,52,0,0,0,0,0,0,0,0,0,2,1,0,0,4,32,80,0,0,0,40,0,0,0,0,0,0,0,0,0,0,0,0,0,0,0,166
203,no stopping,0,1,0,0,0,23,13,0,0,0,0,0,0,0,0,0,3,25,0,0,0,149,24,0,0,0,0,0,0,0,0,0,0,4,0,0,0,45,7,0,0,3,14,0,0,0,0,0,0,0,0,0,0,0,0,0,0,0,1,0,0,0,1,11
3010,no stopping,169,413,216,0,0,4,14,0,0,0,0,0,0,0,0,0,208,277,0,0,0,173,139,0,0,0,14,1,0,0,0,0,246,119,0,0,0,79,78,0,0,0,155,7,0,0,0,0,0,0,0,0,0,0,0,0,0,0,0,0,0,0,0,0
293,no stopping,13,77,115,0,0,5,11,0,0,0,0,0,0,0,0,0,92,23,0,0,5,311,25,0,0,0,6,1,0,0,0,0,316,17,0,0,1,93,29,0,0,3,94,16,0,0,0,0,0,0,0,0,0,0,0,0,0,0,7,0,0,0,0,0
1973,no stopping,4,48,3,0,0,11,0,0,0,0,0,0,0,0,0,0,65,11,0,0,1,48,13,0,0,0,1,0,0,0,0,0,61,2,0,0,11,69,4,0,0,15,14,0,0,0,0,0,0,0,0,0,0,1,0,0,0,1,5,0,0,0,2,30
1973,parking place,11,506,1,0,0,29,2,0,0,0,0,0,0,0,0,0,1,0,0,0,3,211,41,0,0,5,3,0,0,0,0,0,0,0,0,0,0,60,4,0,0,18,5,0,0,0,0,0,0,0,0,0,0,0,0,0,0,0,0,0,0,0,0,0
2255,no stopping,0,0,0,0,0,0,0,0,0,0,0,0,0,0,0,0,0,0,0,0,1,9,0,0,0,0,0,0,0,0,0,0,0,0,0,0,0,8,4,0,0,0,29,16,0,0,0,0,0,0,0,0,0,0,0,0,0,0,9,4,0,0,0,0
492,no stopping,38,70,563,0,0,6,46,2,0,0,0,0,0,0,0,0,378,68,0,0,35,420,97,12,0,6,14,26,0,0,0,0,939,23,0,0,0,575,64,0,0,26,192,80,0,0,0,0,0,0,0,0,0,1,1,0,0,0,28,0,0,0,0,2
3049,no stopping,13,16,61,0,0,14,44,2,0,0,0,0,0,0,0,0,99,7,0,0,54,728,28,27,0,0,0,493,0,0,0,0,158,5,0,0,7,84,22,0,0,26,112,62,0,0,0,29,1,0,0,0,1,601,23,0,0,174,416,6,0,0,28,545
3137,no stopping,4725,157,2306,0,343,108,3673,32,0,0,0,0,0,0,0,0,1818,32,0,0,1119,1018,343,64,270,268,168,165,0,0,0,0,9382,288,0,0,111,839,168,0,46,697,3357,361,0,0,0,0,0,0,0,0,0,3,6,0,0,2,70,0,0,0,2,0
93,no stopping,2,143,0,0,4,58,1,0,0,0,0,0,0,0,0,0,348,61,0,0,99,325,5,0,0,0,0,0,0,0,0,0,0,0,0,0,12,38,0,0,4,16,0,0,0,0,0,0,0,0,0,0,0,0,0,0,0,0,0,0,0,0,0,0
93,parking place,0,124,0,0,0,449,122,0,0,0,0,0,0,0,0,0,0,0,0,0,1,227,100,0,0,1,57,0,0,0,0,0,0,0,0,0,0,3,0,0,0,14,295,0,0,0,0,0,0,0,0,0,0,0,0,0,0,0,5,0,0,0,5,3
1607,no stopping,93,0,0,0,0,0,0,288,0,0,0,0,0,0,0,0,184,4,0,0,287,98,116,181,0,0,1,38,0,0,0,0,0,0,0,0,17,206,112,1,0,75,97,155,0,0,0,0,0,0,0,0,42,1019,28,0,0,59,482,75,0,0,0,0
1607,turn,71,146,1683,495,1,9,16,7,0,0,0,0,0,0,0,0,108,59,5,0,356,191,127,49,0,1,10,4,0,0,0,0,0,0,0,0,361,383,6,0,0,102,208,153,0,0,0,7,0,0,0,0,0,0,0,0,0,0,26,5,0,0,98,937
2643,no stopping,332,64,77,0,0,2,62,2,0,0,1,1,0,0,0,0,253,30,3,0,48,265,62,1,0,0,10,10,0,0,0,6,397,11,0,0,2,138,21,0,0,5,91,13,0,0,0,553,13,1,0,0,4,58,1,0,0,219,933,18,0,0,52,938
1813,no stopping,103,3,1,0,2,19,1977,83,0,0,0,0,0,0,0,0,2,1,0,0,14,325,139,15,0,2,64,96,0,0,0,0,3697,30,0,0,241,847,38,0,0,490,2778,180,0,0,0,0,0,0,0,0,0,3,4,0,0,1,197,0,0,0,0,0
2711,no stopping,0,0,0,0,0,0,0,0,0,0,0,0,0,0,0,0,0,0,0,0,5,68,54,0,0,1,0,915,0,0,0,48,0,0,0,0,5,11,10,0,0,45,175,58,0,0,0,188,0,0,0,0,0,0,0,0,0,3,2106,55,0,0,213,2046
1947,no stopping,32,220,97,0,0,25,15,0,0,0,0,0,0,0,0,0,625,23,0,0,120,683,75,0,0,1,25,0,0,0,0,0,219,3,0,0,18,202,8,0,0,38,106,0,0,0,0,0,0,0,0,0,0,1,0,0,0,0,0,0,0,0,2,0
673,no stopping,95,393,411,0,0,67,34,0,0,0,0,0,0,0,0,0,445,64,0,0,0,753,126,1,0,1,42,14,0,0,0,0,1153,48,0,0,0,342,61,0,0,11,340,19,0,0,0,0,0,0,0,0,0,2,1,0,0,0,1,0,0,0,0,0
1902,no stopping,2,0,0,0,0,0,0,103,0,0,0,0,0,0,0,0,81,4,0,0,29,70,2,416,0,0,6,290,0,0,0,0,13,0,0,0,0,178,10,0,0,10,161,129,0,0,4,27,0,1,0,0,1,1415,3,0,0,41,419,40,0,0,39,872
2699,no stopping,12,35,206,0,0,16,141,0,0,0,0,0,0,0,0,0,30,5,0,0,27,389,50,1,0,0,22,0,0,0,0,0,450,214,0,0,58,446,38,0,0,20,203,38,0,0,0,0,0,3,0,0,1,11,1,0,0,3,55,0,0,0,0,0
1539,no stopping,9,1473,17,0,0,40,17,0,0,0,0,0,0,0,0,0,698,3,0,0,126,510,98,0,0,0,32,0,0,0,0,0,2497,0,0,0,83,973,11,0,0,1813,715,0,0,0,0,0,0,0,0,0,0,1,0,0,0,0,2,0,0,0,0,0
1751,no stopping,590,1134,605,0,0,40,23,0,0,0,0,0,0,0,0,0,170,5,0,0,135,714,78,0,0,2,32,1,0,0,0,0,0,0,0,0,3,627,1,0,0,5129,2087,0,0,0,0,0,0,0,0,0,0,0,0,0,0,7,30,0,0,0,0,0
2717,no stopping,23,37,32,0,0,12,2,0,0,0,0,0,0,0,0,0,14,0,0,0,31,41,18,0,0,0,1,0,0,0,0,0,155,1,0,0,11,135,21,0,0,3,32,0,0,0,0,0,0,0,0,0,0,1,0,0,0,0,6,0,0,0,0,0
2717,no stopping,19,0,0,0,0,0,22,5,0,0,0,0,0,0,0,0,11,0,0,0,5,12,11,1,0,0,4,2,0,0,0,0,0,0,0,0,1,46,2,0,0,11,40,3,0,0,0,0,0,0,0,0,2,71,1,0,0,12,25,0,0,0,0,0
2067,no stopping,0,6,1,0,0,0,1,0,0,0,0,0,0,0,0,0,2,2,0,0,0,20,10,0,0,0,0,0,0,0,0,0,0,0,0,0,0,44,10,0,0,5,20,0,0,0,0,0,0,0,0,0,0,0,0,0,0,0,0,0,0,0,0,0
261,no stopping,37,20,4,0,7,7,1,0,0,0,0,0,0,0,0,0,51,10,0,0,27,105,9,0,0,4,0,0,0,0,0,0,0,0,0,0,0,12,1,0,0,15,10,0,0,0,0,0,0,0,0,0,0,0,0,0,0,0,0,0,0,0,1,2
261,turn,1,21,95,0,1,13,293,24,0,0,0,0,0,0,0,0,0,0,0,0,5,74,61,0,0,0,16,3,0,0,0,0,0,0,0,0,0,12,0,0,0,6,126,12,0,0,0,1,0,0,0,0,0,0,0,0,0,2,8,0,0,0,19,47
459,no stopping,1,8,2,0,0,1,3,0,0,0,0,0,0,0,0,0,12,6,0,0,15,39,8,0,0,0,0,0,0,0,0,0,7,11,0,0,1,33,6,0,0,0,3,0,0,0,0,0,0,0,0,0,0,0,0,0,0,0,0,0,0,0,0,0
2998,no stopping,191,16,553,0,0,3,33,0,0,0,0,0,0,0,0,0,39,8,0,0,24,387,70,0,0,0,32,6,0,0,0,0,11,50,0,0,18,1805,17,0,0,33,448,95,0,0,0,1,2,4,0,0,8,86,2,0,0,0,76,2,0,0,0,0
1197,no stopping,554,80,630,0,10,49,38,0,0,0,0,0,0,0,0,0,56,12,0,0,8,190,47,11,0,0,37,20,0,0,0,0,1304,26,0,0,6,125,28,0,0,4,290,40,0,0,0,0,0,0,0,0,0,4,0,0,0,1,21,0,0,0,0,0
3021,no stopping,360,161,0,0,0,4,0,0,0,0,0,0,0,0,0,0,749,26,0,0,45,281,6,0,0,0,0,0,0,0,0,0,44,0,0,0,6,210,0,0,0,0,0,0,0,0,0,0,0,0,0,0,0,0,0,0,0,0,0,0,0,0,0,0
3021,no stopping,10,0,0,0,0,0,0,0,0,0,0,0,0,0,0,0,3,2,0,0,0,5,0,0,0,0,0,0,0,0,0,0,0,0,0,0,0,0,0,0,0,0,0,0,0,0,0,0,0,0,0,0,0,0,0,0,0,0,0,0,0,0,0,0
3021,parking place,72,15,0,0,0,5,0,0,0,0,0,0,0,0,0,0,3,0,0,0,2,13,0,0,0,0,0,0,0,0,0,0,0,0,0,0,0,0,0,0,0,0,0,0,0,0,0,0,0,0,0,0,0,0,0,0,0,0,0,0,0,0,0,0
2997,no stopping,0,0,0,0,0,3,157,0,0,0,0,0,0,0,0,0,0,0,0,0,1,99,62,0,0,0,9,0,0,0,0,0,0,0,0,0,0,544,16,0,0,87,141,1,0,0,0,0,0,0,0,0,0,0,0,0,0,0,1,1,0,0,0,0
1954,no stopping,783,174,867,0,29,39,71,1,0,0,0,0,0,0,0,0,934,105,0,0,40,663,111,18,1,13,79,34,0,0,0,0,1318,60,0,0,3,368,125,0,0,11,435,61,0,0,2,3,0,0,0,0,0,0,0,0,0,0,6,0,0,0,3,8
1976,no stopping,256,0,6,0,2,31,473,0,0,0,0,0,0,0,0,0,458,15,0,0,76,231,158,0,0,0,32,81,0,0,0,0,583,129,0,0,16,1114,190,0,0,28,468,95,0,0,0,0,0,0,0,0,0,49,7,0,0,0,137,5,0,0,0,0
2269,no stopping,461,0,0,0,13,1,2,401,0,0,0,0,0,0,0,0,10,2,0,0,75,77,6,50,0,4,2,41,0,0,0,0,0,0,0,0,0,25,1,0,0,27,41,69,0,0,0,17,0,0,0,0,0,864,10,0,0,25,291,44,0,0,27,117
109,no stopping,36,0,0,0,0,0,0,7,0,0,0,0,0,0,0,0,3,1,0,0,1,23,1,2,0,0,0,4,0,0,0,0,0,0,0,0,0,14,0,0,0,0,25,14,0,0,0,6,0,0,0,0,0,35,3,0,0,154,56,8,0,0,3,100
223,no stopping,6,1,0,0,0,0,0,0,0,0,0,0,0,0,0,0,2,6,0,0,0,34,0,0,0,0,0,0,0,0,0,0,0,0,0,0,0,0,0,0,0,0,0,0,0,0,0,0,0,0,0,0,0,0,0,0,0,0,0,0,0,0,0,0
2094,no stopping,32,17,13,0,0,211,637,0,0,0,0,0,0,0,0,0,24,1,1,0,116,746,232,0,0,13,109,0,0,0,0,0,0,0,0,0,7,328,23,0,14,954,2344,4,0,0,0,0,0,0,0,0,0,0,0,0,0,161,13,2,0,39,7,0
220,no stopping,1,4,0,0,6,270,167,0,0,0,0,0,0,0,0,0,212,16,0,0,618,1610,308,0,0,12,37,0,0,0,0,0,0,0,0,0,0,76,27,0,0,22,191,3,0,0,1,4,0,0,0,0,0,0,0,0,0,0,0,1,0,0,3,131
2276,no stopping,0,0,0,0,0,0,3,8,0,0,0,0,0,0,0,0,0,0,0,0,3,1,3,5,0,0,0,1,0,0,0,0,0,3,0,0,0,35,5,0,1,24,16,11,0,0,0,0,0,0,0,0,0,0,1,0,0,4,11,3,0,0,3,3
3039,no stopping,108,166,1719,0,1,31,40,0,0,0,0,0,0,0,0,0,98,0,0,0,315,361,102,0,0,11,45,2,0,0,0,0,3984,40,0,0,5,608,24,0,0,259,1343,157,0,1,55,63,72,1,0,0,0,1,1,0,0,0,227,41,0,0,90,214
1383,no stopping,55,12,0,0,0,0,0,0,0,0,0,0,0,0,0,0,9,15,0,0,8,33,0,0,0,0,0,0,0,0,0,0,130,1,0,0,29,150,1,0,0,82,0,0,0,0,0,0,0,0,0,0,0,0,0,0,0,0,0,0,0,0,0,0
2295,no stopping,236,66,166,0,3,107,920,467,0,0,0,5,0,0,0,0,273,9,0,0,38,616,140,1,0,16,99,53,0,0,0,0,1770,21,0,0,64,675,38,0,0,369,875,24,0,0,55,118,721,15,0,0,444,234,2,0,0,10,197,2,0,0,93,913
7,no stopping,0,36,128,0,0,12,24,0,0,0,0,0,0,0,0,0,341,61,0,0,12,283,80,1,0,0,9,6,0,0,0,0,42,3,0,0,1,151,31,0,0,1,56,1,0,0,0,0,0,0,0,0,0,0,1,0,0,0,0,0,0,0,0,0
2632,no stopping,26,4,0,0,5,1,0,1,0,0,0,0,0,0,0,0,1,11,0,0,20,117,6,124,0,7,3,367,0,0,0,0,0,0,0,0,0,58,1,0,0,262,67,91,0,0,0,25,0,0,0,0,0,486,4,0,0,271,437,3,0,0,82,436
214,no stopping,41,108,0,0,12,35,672,0,0,0,0,0,0,0,0,0,8,27,0,0,27,467,194,0,0,14,68,0,0,0,0,0,210,1062,0,0,0,416,123,0,0,11,386,3,0,0,0,0,0,0,0,0,0,0,0,0,0,0,8,0,0,0,1,7
429,no stopping,16,102,118,0,6,4,12,0,0,0,0,0,0,0,0,0,18,0,0,0,76,99,16,0,0,1,5,0,0,0,0,0,383,13,0,0,8,180,39,0,0,43,116,0,0,0,0,0,0,0,0,0,0,2,0,0,0,1,2,0,0,0,0,0
272,no stopping,29,259,0,0,0,12,2,0,0,0,0,0,0,0,0,0,717,3,0,0,63,476,32,0,0,0,2,0,0,0,0,0,1,1,0,0,1,197,18,0,0,2,9,0,0,0,0,0,0,0,0,0,0,0,0,0,0,0,0,0,0,0,0,0
2283,no stopping,324,230,0,0,32,257,123,2833,0,0,0,2,0,0,0,0,257,798,3,0,170,1296,179,19,0,1,110,330,0,0,0,0,4989,780,0,0,21,546,137,0,0,144,498,1832,0,0,0,11,0,1,0,0,0,3,1,0,1,35,178,6,0,0,93,162
32,no stopping,139,0,1,0,0,2,131,1,0,0,0,0,0,0,0,0,4,1,0,0,11,26,27,0,0,0,11,2,0,0,0,0,226,22,0,0,5,111,8,0,0,4,42,4,0,0,0,0,9,2,0,0,0,11,1,0,0,0,9,0,0,0,0,0
32,parking place,105,19,0,0,1,0,0,0,0,0,0,0,0,0,0,0,2,0,0,0,0,45,6,0,0,0,0,0,0,0,0,0,0,0,0,0,0,7,0,0,0,1,10,0,0,0,0,0,0,0,0,0,0,0,0,0,0,0,0,0,0,0,0,0
1642,no stopping,54,119,0,0,0,0,0,0,0,0,0,0,0,0,0,0,70,28,0,0,144,607,0,0,0,0,0,0,0,0,0,0,0,0,0,0,0,43,1,0,0,10,4,0,0,0,0,0,0,0,0,0,0,0,0,0,0,0,0,0,0,0,0,0
3090,no stopping,90,161,171,0,2,9,17,0,0,0,0,0,0,0,0,0,31,0,0,0,94,272,68,0,0,1,2,0,0,0,0,0,684,14,0,0,26,344,13,0,0,20,199,25,0,0,0,0,68,0,0,0,1,37,1,0,0,2,63,5,0,0,0,0
282,no stopping,385,392,0,0,0,68,12,0,0,0,0,0,0,0,0,0,734,96,0,0,1,379,65,0,0,0,11,0,0,0,0,0,0,0,0,0,0,3,2,0,0,0,2,0,0,0,0,0,0,0,0,0,0,0,0,0,0,0,0,0,0,0,0,0
3073,no stopping,568,43,4,15,0,8,8,902,0,0,0,0,0,0,0,0,211,14,7,95,120,1051,112,1284,0,8,20,23,0,0,0,0,0,7,0,0,0,382,24,8,0,268,773,124,0,0,1,28,71,612,0,0,19,4010,50,0,0,3,388,45,0,0,44,1528
2184,no stopping,108,68,427,0,3,7,21,0,0,0,0,0,0,0,0,0,72,0,0,0,106,111,84,0,0,0,8,0,0,0,0,0,647,38,0,0,56,378,5,0,0,80,251,77,0,0,5,37,242,11,0,0,9,26,2,0,0,7,198,38,0,0,2,11
2184,parking place,0,2,0,0,0,0,0,0,0,0,0,0,0,0,0,0,0,0,0,0,0,3,9,0,0,0,5,2,0,0,0,0,0,0,0,0,0,0,0,0,0,0,5,2,0,0,0,0,0,0,0,0,0,0,0,0,0,0,0,0,0,0,0,0
2033,no stopping,0,76,376,0,0,25,22,0,0,0,0,0,0,0,0,0,1423,11,0,0,23,109,117,0,0,0,5,0,0,0,0,0,47,4,0,0,5,234,103,0,0,20,121,0,0,0,0,0,0,0,0,0,0,0,0,0,0,0,34,1,0,0,10,762
222,no stopping,0,6,40,0,0,10,69,0,0,0,0,0,0,0,0,0,12,52,0,0,0,196,82,0,0,0,4,0,0,0,0,0,28,90,0,0,0,190,91,0,0,2,57,0,0,0,0,0,0,0,0,0,0,0,0,0,0,0,1,0,0,0,0,0
222,parking place,0,4,0,0,0,2,0,0,0,0,0,0,0,0,0,0,0,0,0,0,0,12,20,0,0,0,5,0,0,0,0,0,0,0,0,0,0,0,0,0,0,0,13,0,0,0,0,0,0,0,0,0,0,0,0,0,0,0,0,0,0,0,0,0
2154,no stopping,2,0,0,0,0,0,0,0,0,0,0,0,0,0,0,0,1,0,0,0,5,93,1,0,0,0,0,0,0,0,0,0,0,0,0,0,0,42,0,0,0,0,0,0,0,0,0,0,0,0,0,0,0,0,0,0,0,0,0,0,0,0,0,0
2137,no stopping,1160,238,537,0,197,105,101,0,0,0,0,0,0,0,0,0,1112,68,0,0,253,463,174,7,0,0,42,12,0,0,0,0,386,48,0,0,0,132,181,0,0,1,108,0,0,0,0,0,0,0,0,0,0,0,0,0,0,0,0,0,0,0,0,0
2083,no stopping,189,227,94,13,0,4,20,37,0,0,0,0,0,0,0,0,728,65,0,0,23,392,69,4,0,0,1,0,0,0,0,0,93,6,0,0,1,59,15,0,0,3,12,8,0,0,0,0,0,0,0,0,0,0,0,0,0,0,1,0,0,0,0,0
3057,no stopping,0,0,0,0,0,0,0,142,0,0,0,5,0,0,0,0,45,1,0,0,275,713,1,872,0,0,9,4483,0,0,0,0,0,0,0,0,13,807,1,0,0,755,639,319,0,0,0,262,0,0,0,0,0,2404,0,0,0,1712,1612,4,0,0,1207,17494
1991,no stopping,170,5,0,0,1,11,48,135,0,0,0,0,0,0,0,0,8,14,0,0,3,97,44,15,0,4,6,25,0,0,0,0,144,135,0,0,0,146,46,0,0,10,87,46,0,0,0,0,9,7,0,0,0,24,10,0,0,0,35,2,0,0,0,0
309,no stopping,0,0,0,0,0,0,0,0,0,0,0,0,0,0,0,0,0,0,0,0,0,86,6,0,0,0,0,60,0,0,0,216,0,0,0,0,0,283,2,0,0,22,72,43,0,0,0,742,0,0,0,0,0,0,0,0,0,0,12,4,0,0,12,4523
309,parking place,0,0,0,0,0,0,3,2442,0,0,0,17,0,0,0,0,0,0,0,0,0,94,22,38,0,0,13,189,0,0,0,0,0,0,0,0,0,1,1,0,0,0,61,192,0,0,6,167,0,0,0,0,0,0,0,0,0,0,13,1,0,0,26,954
1201,no stopping,375,204,1057,0,0,46,497,0,0,0,0,0,0,0,0,0,384,84,0,0,179,1006,279,0,0,0,13,0,0,0,0,0,1103,1563,0,0,69,1105,26,0,0,81,900,3,0,0,0,1,62,151,0,0,3,99,1,0,0,52,765,0,0,0,6,178
3113,no stopping,166,15,146,599,3,11,65,36,0,0,0,0,0,0,0,0,66,65,0,0,12,269,52,30,0,2,16,39,0,0,0,0,1457,116,0,0,1,305,78,0,0,53,519,249,0,0,0,0,0,0,0,0,0,1,6,0,0,0,66,21,0,0,0,0
388,no stopping,0,0,0,0,0,0,0,0,0,0,0,0,0,0,0,0,0,0,0,0,0,1,0,0,0,0,0,94,0,0,0,0,0,0,0,0,0,5,0,0,0,27,32,35,0,0,0,30,0,0,0,0,0,31,8,0,0,37,262,4,0,0,27,307
388,turn,0,1,0,0,0,2,127,213,0,0,0,32,0,0,0,0,0,0,0,0,7,19,42,12,2,7,53,37,0,0,0,0,0,0,0,0,0,0,0,0,0,20,44,28,0,6,16,20,0,0,0,0,0,0,0,0,0,0,3,0,0,4,20,41
1978,no stopping,0,0,0,0,0,0,2023,718,0,0,0,0,0,0,0,0,0,0,0,0,0,170,385,4,0,0,164,59,0,0,0,0,3363,1456,0,0,57,2069,100,0,0,260,1616,525,0,0,0,1,2,4,0,0,0,46,1,0,0,22,724,72,0,0,53,2235
2910,no stopping,152,154,1563,0,1,62,265,0,0,0,0,0,0,0,0,0,168,31,0,0,94,480,131,1,0,3,117,32,0,0,0,0,3680,97,0,0,90,784,27,0,0,433,1850,60,0,0,0,0,0,0,0,0,0,10,0,0,0,10,108,0,0,0,0,0
91,no stopping,744,1115,0,0,2,40,0,0,0,0,0,0,0,0,0,0,77,0,0,0,255,567,104,0,0,10,51,0,0,0,0,0,376,0,0,0,1911,733,3,0,0,163,128,0,0,0,0,0,0,0,0,0,0,0,0,0,0,0,0,0,0,0,0,0
3037,no stopping,0,0,0,0,0,0,7,9,0,0,0,0,0,0,0,0,0,0,0,0,0,1,23,8,0,0,0,3,0,0,0,0,0,0,0,0,0,66,59,0,0,1,41,7,0,0,1,3,0,0,0,0,0,33,9,0,0,2,40,2,0,0,18,67
2497,no stopping,3,12,0,0,0,0,0,0,0,0,0,0,0,0,0,0,3,3,0,0,0,15,1,0,0,0,0,0,0,0,0,0,3,9,0,0,0,60,2,0,0,1,46,0,0,0,0,0,0,0,0,0,0,0,0,0,0,0,10,0,0,0,0,0
1965,no stopping,0,0,11,0,0,78,1041,0,0,0,0,0,0,0,0,0,778,112,0,0,445,802,419,0,0,2,64,0,0,0,0,0,1222,63,0,0,148,1298,304,0,5,411,420,0,0,0,4,0,0,0,0,0,0,2,0,0,0,2,71,0,0,0,74,234
2245,no stopping,95,216,73,0,5,41,40,0,0,0,0,0,0,0,0,0,614,35,0,0,51,359,78,0,0,0,5,0,0,0,0,0,78,1,0,0,3,151,28,0,0,38,21,0,0,0,0,0,0,0,0,0,0,0,0,0,0,0,0,0,0,0,0,0
373,no stopping,218,4,0,0,1,3,27,206,0,0,0,0,0,0,0,0,54,3,0,0,38,81,30,14,0,0,9,20,0,0,0,0,0,0,0,0,0,72,1,0,0,25,130,37,0,0,0,0,0,0,0,0,27,483,0,0,0,112,115,0,0,0,0,0
373,turn,3,53,517,0,0,6,37,4,0,0,0,0,0,0,0,0,2,0,0,0,2,78,59,0,0,0,35,3,0,0,0,0,0,0,0,0,0,25,0,0,0,5,167,3,0,0,0,0,0,0,0,0,0,0,0,0,0,0,4,1,0,0,14,38
1869,parking place,0,0,0,0,0,0,111,124,0,0,0,0,0,0,0,0,0,0,0,0,0,0,38,29,0,0,21,58,0,0,0,0,0,0,0,0,0,0,0,0,0,0,12,93,0,0,0,42,0,0,0,0,0,0,0,0,0,0,0,0,0,0,0,0
2212,parking place,15,0,0,0,2,1,80,477,0,0,0,0,0,0,0,0,0,0,0,0,4,54,43,15,0,1,43,80,0,0,0,0,0,0,0,0,0,2,0,0,0,17,84,82,0,0,0,32,0,0,0,0,0,0,0,0,0,0,0,0,0,0,5,217
2258,parking place,19,87,41,0,0,18,40,0,0,0,0,0,0,0,0,0,0,0,0,0,2,78,45,0,0,0,3,0,0,0,0,0,0,0,0,0,0,3,0,0,0,0,69,0,0,0,0,0,0,0,0,0,0,0,0,0,0,0,0,0,0,0,0,0
3118,parking place,0,0,0,0,0,0,0,0,0,0,0,0,0,0,0,0,0,0,0,0,0,0,249,1388,0,0,9,14,0,0,0,0,0,0,0,0,0,0,0,0,0,0,95,160,0,0,0,15,0,0,0,0,0,0,0,0,0,0,0,0,0,0,0,765
3118,parking place,0,0,0,0,0,0,0,0,0,0,0,0,0,0,0,0,0,0,0,0,0,0,48,30,0,0,10,6,0,0,0,0,0,0,0,0,0,0,0,0,0,0,46,40,0,0,0,5,0,0,0,0,0,0,0,0,0,0,0,0,0,0,0,175
723,parking place,21,24,0,0,0,19,1,0,0,0,0,0,0,0,0,0,1,0,0,0,5,146,76,0,0,0,81,1762,0,0,0,206,0,0,0,0,0,1,1,0,0,4,120,102,0,0,1,363,0,0,0,0,0,0,0,0,0,0,0,0,0,0,2,1222
134,parking place,0,0,3,0,0,0,51,32,0,0,0,0,0,0,0,0,0,0,0,0,0,0,27,1,0,0,3,5,0,0,0,0,0,0,0,0,0,0,0,0,0,0,20,61,0,0,0,13,0,0,0,0,0,0,0,0,0,0,0,3,0,0,0,28
2692,parking place,0,0,1,4,0,0,5,1,0,0,0,0,0,0,0,0,0,0,0,0,0,1,0,6,0,0,0,2,0,0,0,0,0,0,0,0,0,0,0,0,0,0,1,6,0,0,0,3,0,0,0,0,0,0,0,0,0,0,0,0,0,0,0,6
2990,parking place,0,1,369,0,0,22,1645,0,0,0,0,0,0,0,0,0,0,0,0,0,0,32,317,1,0,0,62,2,0,0,0,0,0,0,0,0,0,0,0,0,0,0,885,108,0,0,0,0,0,0,0,0,0,0,0,0,0,0,6,0,0,0,0,0
3123,parking place,0,0,0,0,0,0,20,0,0,0,0,0,0,0,0,0,0,0,0,0,0,188,903,1,0,1,62,0,0,0,0,0,0,0,0,0,0,2,9,0,0,1,573,9,0,0,0,1,0,0,0,0,0,0,0,0,0,0,0,0,0,0,0,120
2822,parking place,3,0,0,0,0,0,7,124,0,0,0,0,0,0,0,0,4,0,0,0,4,13,4,28,0,0,6,30,0,0,0,0,0,0,0,0,0,0,0,0,0,0,20,37,0,0,0,14,0,0,0,0,0,0,0,0,0,0,2,0,0,0,0,64
3149,parking place,144,43,119,0,5,38,611,0,0,0,0,0,0,0,0,0,40,1,0,0,44,132,131,0,0,2,100,1,0,0,0,0,0,0,0,0,0,3,1,0,0,7,531,41,0,0,0,4,0,0,0,0,0,0,0,0,0,0,0,1,0,0,1,1
3149,parking place,0,0,0,0,0,0,8,0,0,0,0,0,0,0,0,0,0,0,0,0,0,0,18,0,0,0,2,0,0,0,0,0,0,0,0,0,0,0,0,0,0,0,7,18,0,0,0,11,0,0,0,0,0,0,0,0,0,0,0,0,0,0,1,33
2232,parking place,30,0,13,0,0,7,127,0,0,0,0,0,0,0,0,0,0,0,0,0,0,34,100,0,0,0,25,1,0,0,0,0,0,0,0,0,0,1,0,0,0,5,93,1,0,0,0,0,0,0,0,0,0,0,0,0,0,0,0,0,0,0,0,0
2232,parking place,0,0,0,0,0,0,14,7,0,0,0,0,0,0,0,0,0,0,0,0,0,2,9,1,0,0,7,6,0,0,0,0,0,0,0,0,0,0,0,0,0,0,27,23,0,0,0,3,0,0,0,0,0,0,0,0,0,0,0,0,0,0,7,2
2232,parking place,0,0,0,0,0,0,1,94,0,0,0,0,0,0,0,0,0,0,0,0,0,0,5,48,0,0,1,28,0,0,0,0,0,0,0,0,0,0,0,0,0,0,2,43,0,0,0,30,0,0,0,0,0,0,0,0,0,0,0,0,0,0,0,68
337,parking place,86,262,18,0,2,70,45,2,0,0,0,0,0,0,0,0,13,12,0,0,61,668,138,5,0,13,27,1,0,0,0,0,0,0,0,0,0,44,3,0,0,177,328,10,0,0,2,3,0,0,0,0,0,0,0,0,0,0,11,1,0,0,19,3
3107,parking place,186,223,0,0,0,30,0,0,0,0,0,0,0,0,0,0,0,0,0,0,0,167,18,0,0,0,0,0,0,0,0,0,0,0,0,0,0,0,0,0,0,0,0,0,0,0,0,0,0,0,0,0,0,0,0,0,0,0,0,0,0,0,0,0
3107,parking place,149,155,0,0,0,49,0,0,0,0,0,0,0,0,0,0,0,0,0,0,0,113,17,0,0,0,0,0,0,0,0,0,0,0,0,0,0,0,0,0,0,0,0,0,0,0,0,0,0,0,0,0,0,0,0,0,0,0,0,0,0,0,0,0
724,parking place,37,20,0,0,0,3,0,0,0,0,0,0,0,0,0,0,0,0,0,0,0,67,12,0,0,0,3,0,0,0,0,0,0,0,0,0,0,0,0,0,0,2,66,0,0,0,0,0,0,0,0,0,0,0,0,0,0,0,0,0,0,0,0,0
724,parking place,119,10,0,0,31,10,932,2343,0,0,0,0,0,0,0,0,9,5,0,0,68,300,309,38,0,17,165,244,0,0,0,0,0,0,0,0,0,11,0,0,0,17,802,645,0,0,54,125,0,0,0,0,0,0,0,0,0,0,30,1,0,0,228,12
2425,parking place,0,0,37,275,0,0,137,490,0,0,0,0,0,0,0,0,6,20,0,0,0,50,84,44,0,2,65,51,0,0,0,0,1030,50,0,0,42,305,91,0,0,21,777,308,0,0,0,0,0,0,0,0,0,0,0,0,0,0,1,0,0,0,0,0
2425,parking place,0,0,67,105,0,0,102,63,0,0,0,0,0,0,0,0,0,0,0,0,0,0,29,25,0,0,7,74,0,0,0,0,0,0,0,0,0,0,0,0,0,0,19,130,0,0,0,0,0,0,0,0,0,0,0,0,0,0,0,0,0,0,0,0
3167,parking place,2655,5453,9246,0,35,508,229,0,0,0,0,0,0,0,0,0,117,17,0,0,85,1753,758,40,0,18,357,6,0,0,0,0,0,0,0,0,0,231,54,0,0,149,5907,300,0,0,10,1,0,0,0,0,0,0,0,0,0,0,1,0,0,0,0,0
3167,parking place,0,36,5,0,0,1,6,0,0,0,0,0,0,0,0,0,0,0,0,0,0,20,58,0,0,0,10,0,0,0,0,0,0,0,0,0,0,0,0,0,0,0,29,0,0,0,0,0,0,0,0,0,0,0,0,0,0,0,0,0,0,0,0,0
30,parking place,0,0,0,0,0,0,325,31,0,0,0,0,0,0,0,0,0,0,0,0,0,82,80,3,0,0,55,19,0,0,0,0,0,0,0,0,0,8,2,0,0,6,150,45,0,0,0,2,0,0,0,0,0,0,0,0,0,0,91,0,0,0,0,0
3165,parking place,0,86,0,0,0,5,4,0,0,0,0,0,0,0,0,0,0,0,0,0,0,0,34,0,0,0,6,0,0,0,0,0,0,0,0,0,0,0,0,0,0,0,36,57,0,0,0,0,0,0,0,0,0,0,0,0,0,0,0,0,0,0,0,0
2402,parking place,0,0,0,0,0,0,0,1685,0,0,0,0,0,0,0,0,0,0,0,0,0,0,5,307,0,0,0,141,0,0,0,0,0,0,0,0,0,0,0,0,0,0,0,156,0,0,0,58,0,0,0,0,0,0,0,0,0,0,0,0,0,0,0,952
2402,parking place,0,0,0,0,0,0,1,1772,0,0,0,0,0,0,0,0,0,0,0,0,0,0,18,207,0,0,1,89,0,0,0,0,0,0,0,0,0,0,0,0,0,0,2,142,0,0,0,38,0,0,0,0,0,0,0,0,0,0,0,0,0,0,0,1030
2201,parking place,0,0,0,0,0,2,0,2,0,0,0,66,0,0,0,0,0,0,0,0,0,22,14,0,0,2,15,288,0,0,0,0,0,0,0,0,0,2,0,0,0,5,45,36,0,0,0,50,0,0,0,0,0,0,0,0,0,0,0,0,0,0,0,51
2202,parking place,0,7,0,0,0,3,238,1088,0,0,0,0,0,0,0,0,0,0,0,0,0,32,69,21,0,3,147,117,0,0,0,0,0,0,0,0,0,0,0,0,0,21,359,46,0,0,0,16,0,0,0,0,0,0,0,0,0,0,1,0,0,0,0,86
345,parking place,6,35,1687,11,0,44,460,30,0,0,0,0,0,0,0,0,1,1,0,0,0,81,192,25,0,0,21,43,0,0,0,0,0,0,0,0,0,1,0,0,0,0,167,1206,0,0,0,20,0,0,0,0,0,0,0,0,0,0,1,0,0,0,0,0
2443,parking place,0,0,0,0,0,0,89,121,0,0,0,0,0,0,0,0,0,0,0,0,0,61,782,697,0,0,40,15,0,0,0,0,0,0,0,0,0,57,27,0,0,9,88,324,0,0,1,21,0,0,0,0,0,0,0,0,0,0,35,94,0,0,64,390
2443,parking place,0,0,0,0,0,0,20,27,0,0,0,0,0,0,0,0,0,0,0,0,0,0,66,21,0,0,9,11,0,0,0,0,0,0,0,0,0,0,0,0,0,0,1,69,0,0,0,0,0,0,0,0,0,0,0,0,0,0,0,0,0,0,0,0
260,parking place,8,66,22,0,0,58,72,4,0,0,0,0,0,0,0,0,0,0,0,0,2,89,41,0,0,2,18,1,0,0,0,0,0,0,0,0,0,4,0,0,0,2,10,0,0,0,0,0,0,0,0,0,0,0,0,0,0,0,0,0,0,0,0,0
260,parking place,0,43,24,0,0,3,1,0,0,0,0,0,0,0,0,0,0,0,0,0,0,4,11,0,0,0,0,0,0,0,0,0,0,0,0,0,0,0,0,0,0,0,36,10,0,0,0,0,0,0,0,0,0,0,0,0,0,0,0,0,0,0,0,0
360,parking place,0,0,0,0,0,0,0,0,0,0,0,0,0,0,0,0,0,0,0,0,0,0,14,10,0,0,2,0,0,0,0,0,0,0,0,0,0,1,0,0,0,0,35,16,0,0,0,2,0,0,0,0,0,0,0,0,0,0,0,0,0,0,0,28
360,turn,48,11,41,2,3,5,26,11,0,0,0,0,0,0,0,0,1,0,0,0,0,15,15,1,0,0,11,88,0,0,0,0,0,0,0,0,0,0,0,0,0,0,12,17,0,0,0,35,0,0,0,0,0,0,0,0,0,0,0,0,0,0,0,38
2366,parking place,0,2,0,0,0,2,0,0,0,0,0,0,0,0,0,0,0,0,0,0,0,1,11,0,0,0,2,0,0,0,0,0,0,0,0,0,0,0,0,0,0,0,2,0,0,0,0,0,0,0,0,0,0,0,0,0,0,0,0,0,0,0,0,0
2366,parking place,7,111,593,0,0,41,77,0,0,0,0,0,0,0,0,0,0,1,0,0,0,56,128,0,0,0,13,0,0,0,0,0,0,0,0,0,0,0,8,0,0,0,332,1,0,0,0,0,0,0,0,0,0,0,0,0,0,0,0,0,0,0,0,0
2366,parking place,0,10,6,0,0,0,4,0,0,0,0,0,0,0,0,0,0,0,0,0,0,12,4,0,0,0,1,1,0,0,0,0,0,0,0,0,0,0,0,0,0,0,8,3,0,0,0,0,0,0,0,0,0,0,0,0,0,0,0,0,0,0,0,0
996,parking place,0,0,12,4,0,1,8,2,0,0,0,0,0,0,0,0,0,0,0,0,0,3,40,2,0,0,0,7,0,0,0,0,0,0,0,0,0,0,0,0,0,0,0,9,0,0,0,0,0,0,0,0,0,0,0,0,0,0,0,0,0,0,0,12
2196,parking place,28,8,0,0,6,31,697,0,0,0,0,0,0,0,0,0,1,0,0,0,25,91,192,0,0,0,60,0,0,0,0,0,0,0,0,0,0,0,0,0,0,0,187,0,0,0,0,0,0,0,0,0,0,0,0,0,0,0,0,0,0,0,0,0
2196,parking place,0,0,0,0,0,9,3,0,0,0,0,0,0,0,0,0,0,0,0,0,0,8,10,0,0,4,4,0,0,0,0,0,0,0,0,0,0,0,0,0,0,4,0,0,0,0,0,0,0,0,0,0,0,0,0,0,0,0,0,0,0,0,0,0
40,parking place,0,0,0,0,0,0,2,0,0,0,0,0,0,0,0,0,0,0,0,0,0,0,9,0,0,0,3,1,0,0,0,0,0,0,0,0,0,0,0,0,0,0,9,1,0,0,0,0,0,0,0,0,0,0,0,0,0,0,0,0,0,0,0,0
40,parking place,0,1,0,0,0,0,485,38,0,0,0,0,0,0,0,0,0,0,0,0,0,27,195,0,0,0,50,0,0,0,0,0,0,0,0,0,0,0,1,0,0,0,222,1,0,0,0,0,0,0,0,0,0,0,0,0,0,0,0,0,0,0,0,0
40,parking place,0,11,151,0,0,6,42,0,0,0,0,0,0,0,0,0,0,0,0,0,0,19,59,0,0,0,2,0,0,0,0,0,0,0,0,0,0,0,0,0,0,0,71,0,0,0,0,0,0,0,0,0,0,0,0,0,0,0,0,0,0,0,0,0
1992,parking place,3,26,0,0,0,0,0,0,0,0,0,0,0,0,0,0,1,9,0,0,0,52,21,0,0,0,0,0,0,0,0,0,0,0,0,0,0,0,6,0,0,0,12,2,0,0,0,0,0,0,0,0,0,0,0,0,0,0,0,0,0,0,0,0
1336,parking place,0,13,171,6,0,11,151,24,0,0,0,0,0,0,0,0,0,0,0,0,1,30,65,11,0,0,14,23,0,0,0,0,0,0,0,0,31,7,0,0,0,0,81,36,0,0,0,0,0,0,0,0,0,0,0,0,0,0,0,0,0,0,0,0
1336,parking place,0,0,0,0,0,0,201,243,0,0,0,0,0,0,0,0,0,0,0,0,0,0,50,17,0,0,44,45,0,0,0,0,0,0,0,0,0,4,5,0,0,0,97,52,0,0,2,4,0,0,0,0,0,5,0,0,0,1,2,0,0,0,1,10
600,parking place,0,0,0,0,0,0,29,2,0,0,0,0,0,0,0,0,0,0,0,0,0,0,25,1,0,0,0,16,0,0,0,0,0,0,0,0,0,0,0,0,0,0,2,25,0,0,0,0,0,0,0,0,0,0,0,0,0,0,0,0,0,0,0,0
600,parking place,0,0,0,0,0,0,0,2,0,0,0,3,0,0,0,0,0,0,0,0,0,0,2,4,0,0,7,39,0,0,0,0,0,0,0,0,0,0,0,0,0,0,1,8,0,0,0,13,0,0,0,0,0,0,0,0,0,0,0,0,0,0,0,2
2874,parking place,0,53,75,0,0,4,1,0,0,0,0,0,0,0,0,0,0,0,0,0,0,6,57,0,0,0,1,0,0,0,0,0,0,0,0,0,0,0,0,0,0,0,51,12,0,0,2,6,0,0,0,0,0,0,0,0,0,0,15,0,0,0,5,6
128,parking place,0,11,29,0,0,3,32,0,0,0,0,0,0,0,0,0,0,0,0,0,0,1,91,0,0,0,42,1,0,0,0,0,0,0,0,0,0,0,0,0,0,0,60,18,0,0,0,0,0,0,0,0,0,0,0,0,0,0,0,0,0,0,0,0
1913,parking place,36,10,0,0,3,11,340,1432,0,0,0,1,0,0,0,0,22,1,0,0,7,173,209,161,0,5,146,74,0,0,0,0,0,0,0,0,0,8,3,0,0,6,721,167,0,0,2,37,0,0,0,0,0,0,0,0,0,0,0,0,0,0,0,0
2625,parking place,0,0,0,0,0,0,18,71,0,0,0,0,0,0,0,0,0,0,0,0,0,0,19,48,0,0,34,88,0,0,0,0,0,0,0,0,0,0,0,0,0,0,20,26,0,0,0,46,0,0,0,0,0,0,0,0,0,0,0,0,0,0,0,44
382,parking place,0,3,1,0,0,12,0,0,0,0,0,0,0,0,0,0,0,0,0,0,0,2,6,0,0,0,11,0,0,0,0,0,0,0,0,0,0,0,0,0,0,0,21,0,0,0,0,0,0,0,0,0,0,0,0,0,0,0,0,0,0,0,0,0
376,parking place,0,0,0,0,0,0,0,0,0,0,0,0,0,0,0,0,0,0,0,0,0,0,4,0,0,0,0,362,0,0,0,0,0,0,0,0,0,0,0,0,0,1,30,49,0,0,1,130,0,0,0,0,0,0,0,0,0,0,0,0,0,0,0,264
1914,parking place,0,18,9,0,0,9,34,0,0,0,0,0,0,0,0,0,0,0,0,0,0,4,30,0,0,0,34,0,0,0,0,0,0,0,0,0,0,0,0,0,0,0,55,9,0,0,0,7,0,0,0,0,0,0,0,0,0,0,0,0,0,0,0,31
1914,parking place,107,247,2018,0,7,50,148,0,0,0,0,0,0,0,0,0,18,12,0,0,39,212,218,0,0,0,122,31,0,0,0,0,0,0,0,0,0,15,0,0,0,26,870,146,0,0,0,0,0,0,0,0,0,0,0,0,0,0,2,0,0,0,0,2
1911,parking place,1,99,49,0,0,26,20,0,0,0,0,0,0,0,0,0,1,2,0,0,1,78,55,0,0,0,14,0,0,0,0,0,0,0,0,0,0,0,0,0,0,6,77,7,0,0,0,1,0,0,0,0,0,0,0,0,0,0,4,0,0,0,0,0
3170,parking place,5,7,0,0,0,6,0,0,0,0,0,0,0,0,0,0,0,0,0,0,0,44,2,0,0,0,0,0,0,0,0,0,0,0,0,0,0,0,0,0,0,0,0,0,0,0,0,0,0,0,0,0,0,0,0,0,0,0,0,0,0,0,0,0
3121,parking place,0,0,0,0,0,0,0,6,0,0,0,40,0,0,0,0,0,0,0,0,0,10,1,13,0,0,12,1399,0,0,0,0,0,0,0,0,0,1,0,0,0,10,91,85,0,0,3,176,0,0,0,0,0,0,0,0,0,0,0,0,0,0,2,854
3121,parking place,2,0,0,0,0,3,0,3,0,0,0,26,0,0,0,0,0,0,0,0,7,13,10,21,0,6,27,166,0,0,0,0,0,0,0,0,0,0,0,0,0,3,30,56,0,0,4,12,0,0,0,0,0,0,0,0,0,0,0,0,0,0,0,95
2401,parking place,0,0,95,0,0,1,167,508,0,0,0,0,0,0,0,0,0,1,0,0,0,62,145,281,0,0,61,134,0,0,0,0,0,0,0,0,0,0,1,0,0,1,206,112,0,0,0,117,0,0,0,0,0,0,0,0,0,0,0,0,0,0,1,507
2862,parking place,0,0,0,0,0,0,0,1107,0,0,0,0,0,0,0,0,0,0,0,0,0,0,24,138,0,0,7,122,0,0,0,0,0,0,0,0,0,0,0,0,0,0,5,80,0,0,0,69,0,0,0,0,0,0,0,0,0,0,0,1,0,0,1,854
2862,parking place,0,0,0,0,0,0,0,0,0,0,0,0,0,0,0,0,0,0,0,0,0,0,0,0,0,0,0,6,0,0,0,0,0,0,0,0,0,0,0,0,0,0,0,24,0,0,0,14,0,0,0,0,0,0,0,0,0,0,0,0,0,0,0,28
250,parking place,1,3,0,0,0,4,903,1,0,0,0,0,0,0,0,0,0,0,0,0,0,42,105,0,0,0,96,362,0,0,0,0,0,0,0,0,0,0,0,0,0,0,692,94,0,0,0,39,0,0,0,0,0,0,0,0,0,0,5,2,0,0,3,453
1915,parking place,1,23,377,5,0,21,614,72,0,0,0,0,0,0,0,0,4,9,0,0,0,141,145,19,0,0,36,33,0,0,0,0,0,0,0,0,0,11,12,0,0,4,400,124,0,0,2,4,0,0,0,0,0,0,0,0,0,0,7,0,0,0,0,0
57,parking place,0,4,651,0,0,1,47,0,0,0,0,0,0,0,0,0,0,0,0,0,0,35,81,0,0,0,56,1,0,0,0,0,0,0,0,0,0,0,0,0,0,0,235,11,0,0,0,0,0,0,0,0,0,0,0,0,0,0,0,0,0,0,0,0
3044,parking place,0,7,11,0,0,17,13,0,0,0,0,0,0,0,0,0,0,0,0,0,0,6,29,0,0,0,3,3,0,0,0,0,0,0,0,0,0,0,0,0,0,0,29,22,0,0,0,0,0,0,0,0,0,0,0,0,0,0,0,0,0,0,0,0
968,parking place,0,13,120,0,0,0,8,0,0,0,0,0,0,0,0,0,0,0,0,0,0,0,14,4,0,0,3,7,0,0,0,0,0,0,0,0,0,0,0,0,0,0,13,114,0,0,0,4,0,0,0,0,0,0,0,0,0,0,0,0,0,0,0,0
14,parking place,23,134,1453,0,0,44,101,0,0,0,0,0,0,0,0,0,0,0,0,0,0,135,147,4,0,0,82,24,0,0,0,0,0,0,0,0,0,13,3,0,0,166,906,104,0,0,0,0,0,0,0,0,0,0,0,0,0,0,0,0,0,0,0,0
21,parking place,0,0,0,0,0,0,5,21,0,0,0,0,0,0,0,0,0,0,0,0,0,0,3,8,0,0,0,10,0,0,0,0,0,0,0,0,0,0,0,0,0,0,0,5,0,0,0,4,0,0,0,0,0,0,0,0,0,0,0,0,0,0,0,16
2919,parking place,0,45,478,0,0,9,34,0,0,0,0,0,0,0,0,0,0,0,0,0,0,8,132,28,0,0,15,9,0,0,0,0,0,0,0,0,0,0,0,0,0,0,134,63,0,0,0,9,0,0,0,0,0,0,0,0,0,0,2,3,0,0,51,201
103,parking place,0,49,7,0,0,11,13,0,0,0,0,0,0,0,0,0,0,0,0,0,0,1,37,0,0,0,29,0,0,0,0,0,0,0,0,0,0,0,0,0,0,0,22,0,0,0,0,0,0,0,0,0,0,0,0,0,0,0,0,0,0,0,0,0
2796,parking place,0,0,0,0,0,0,0,19,0,0,0,1,0,0,0,0,0,0,0,0,0,0,3,37,0,0,1,29,0,0,0,0,0,0,0,0,0,0,0,0,0,0,0,16,0,0,0,8,0,0,0,0,0,0,0,0,0,0,0,0,0,0,0,54
2796,parking place,0,7,89,0,0,4,335,1,0,0,0,0,0,0,0,0,0,0,0,0,0,0,60,0,0,0,86,3,0,0,0,0,0,0,0,0,0,0,0,0,0,0,91,0,0,0,0,0,0,0,0,0,0,0,0,0,0,0,0,0,0,0,0,0
1253,parking place,0,0,20,11,0,0,25,3,0,0,0,0,0,0,0,0,0,0,0,0,0,4,89,6,0,0,1,0,0,0,0,0,0,0,0,0,0,0,2,0,0,0,55,42,0,0,0,7,0,0,0,0,0,0,0,0,0,0,0,0,0,0,0,176
1912,parking place,10,5,0,0,1,4,51,0,0,0,0,0,0,0,0,0,0,0,0,0,1,16,44,0,0,0,6,1,0,0,0,0,0,0,0,0,0,0,1,0,0,0,15,1,0,0,0,0,0,0,0,0,0,0,0,0,0,0,0,0,0,0,0,0
1626,parking place,6,758,0,0,0,5,0,0,0,0,0,0,0,0,0,0,0,8,0,0,0,257,95,0,0,0,8,0,0,0,0,0,0,0,0,0,0,0,4,0,0,0,417,0,0,0,0,0,0,0,0,0,0,0,0,0,0,0,0,0,0,0,0,0
1946,parking place,0,31,41,0,0,2,33,0,0,0,0,0,0,0,0,0,0,0,0,0,0,0,35,0,0,0,31,3,0,0,0,0,0,0,0,0,0,0,0,0,0,0,4,2,0,0,0,0,0,0,0,0,0,0,0,0,0,0,0,0,0,0,0,0
1946,parking place,12,425,0,0,0,18,1,0,0,0,0,0,0,0,0,0,0,0,0,0,0,32,47,0,0,0,39,0,0,0,0,0,0,0,0,0,0,0,0,0,0,0,128,0,0,0,0,0,0,0,0,0,0,0,0,0,0,0,0,0,0,0,0,0
2905,parking place,2,1030,11,0,0,21,7,0,0,0,0,0,0,0,0,0,8,7,0,0,4,145,125,0,0,0,24,0,0,0,0,0,0,0,0,0,0,2,2,0,0,3,483,12,0,0,0,0,0,0,0,0,0,0,0,0,0,0,0,0,0,0,0,0
240,parking place,4,121,888,0,1,12,62,0,0,0,0,0,0,0,0,0,16,4,0,0,19,86,165,19,0,0,61,20,0,0,0,0,0,0,0,0,0,10,12,0,0,6,310,74,0,0,0,0,0,0,0,0,0,0,0,0,0,0,0,0,0,0,0,0
490,parking place,18,7,0,0,0,0,0,0,0,0,0,0,0,0,0,0,0,8,0,0,1,15,0,72,0,0,0,130,0,0,0,0,0,0,0,0,0,0,1,0,0,2,13,161,0,0,0,30,0,0,0,0,0,0,0,0,0,0,0,0,0,0,0,163
2400,parking place,0,0,2,7,0,0,52,693,0,0,0,0,0,0,0,0,0,0,0,0,0,1,9,17,0,0,28,55,0,0,0,0,0,0,0,0,0,0,0,0,0,0,46,68,0,0,0,64,0,0,0,0,0,0,0,0,0,0,0,0,0,0,0,290
2400,parking place,0,0,0,2,0,0,1,3,0,0,0,0,0,0,0,0,0,0,0,0,0,0,4,3,0,0,2,22,0,0,0,0,0,0,0,0,0,0,0,0,0,0,0,12,0,0,0,4,0,0,0,0,0,0,0,0,0,0,0,0,0,0,0,1
3155,parking place,2,272,1410,0,0,139,186,0,0,0,0,0,0,0,0,0,0,1,0,0,0,172,342,1,0,0,183,51,0,0,0,0,0,0,0,0,0,4,6,0,0,0,676,147,0,0,2,0,0,0,0,0,0,0,0,0,0,0,6,0,0,0,0,0
249,parking place,0,3,1,0,0,4,102,0,0,0,0,0,0,0,0,0,0,0,0,0,0,4,19,2,0,0,9,8,0,0,0,0,0,0,0,0,0,0,0,0,0,0,84,16,0,0,0,0,0,0,0,0,0,0,0,0,0,0,0,0,0,0,0,0
1503,parking place,0,16,80,0,0,2,3,0,0,0,0,0,0,0,0,0,0,0,0,0,0,4,24,3,0,0,12,3,0,0,0,0,0,0,0,0,0,0,2,0,0,0,24,27,0,0,0,0,0,0,0,0,0,0,0,0,0,0,0,1,0,0,0,55
425,parking place,0,0,0,0,6,5,9,0,0,0,0,0,0,0,0,0,0,0,0,0,0,13,12,0,0,0,14,0,0,0,0,0,0,0,0,0,0,0,0,0,0,0,11,0,0,0,0,0,0,0,0,0,0,0,0,0,0,0,0,0,0,0,0,0
1855,parking place,0,0,0,0,0,0,2,0,0,0,0,0,0,0,0,0,0,0,0,0,0,25,10,0,0,15,71,41,0,0,0,0,0,0,0,0,0,0,0,0,0,35,153,79,0,0,16,65,0,0,0,0,0,0,0,0,0,0,1,0,0,0,14,149
102,parking place,1,3,0,0,0,3,685,0,0,0,0,0,0,0,0,0,1,1,0,0,0,88,108,0,0,0,66,4,0,0,0,0,0,0,0,0,0,0,0,0,0,0,314,18,0,0,0,0,0,0,0,0,0,0,0,0,0,0,0,0,0,0,0,0
2369,parking place,0,3,5,0,0,0,28,0,0,0,0,0,0,0,0,0,0,0,0,0,0,9,45,0,0,0,3,1,0,0,0,0,0,0,0,0,0,3,1,0,0,0,11,12,0,0,0,0,0,0,0,0,0,0,0,0,0,0,0,0,0,0,0,0
2369,parking place,0,2,375,361,0,1,125,312,0,0,0,0,0,0,0,0,0,0,0,0,0,0,150,56,0,0,26,21,0,0,0,0,0,0,0,0,0,0,1,0,0,0,132,109,0,0,2,20,0,0,0,0,0,0,0,0,0,0,203,32,0,0,83,59
2369,parking place,7,3,14,27,0,1,97,169,0,0,0,0,0,0,0,0,4,2,0,0,21,83,172,109,0,4,15,49,0,0,0,0,0,0,0,0,0,1,2,0,0,5,69,82,0,0,0,5,0,0,0,0,0,0,0,0,0,0,3,2,0,0,77,133
2004,parking place,736,4010,3,0,54,206,29,0,0,0,0,0,0,0,0,0,0,7,0,0,10,2899,896,0,0,0,47,0,0,0,0,0,0,0,0,0,0,2,1,0,0,0,0,0,0,0,0,0,0,0,0,0,0,0,0,0,0,0,0,0,0,0,0,0
3120,parking place,0,65,243,0,0,7,3,0,0,0,0,0,0,0,0,0,0,0,0,0,0,16,75,0,0,0,3,0,0,0,0,0,0,0,0,0,0,0,0,0,0,0,277,7,0,0,0,0,0,0,0,0,0,0,0,0,0,0,0,0,0,0,0,0
3120,parking place,0,8,0,0,0,20,4,0,0,0,0,0,0,0,0,0,0,0,0,0,0,32,2,0,0,0,1,0,0,0,0,0,0,0,0,0,0,0,1,0,0,0,28,0,0,0,0,0,0,0,0,0,0,0,0,0,0,0,0,0,0,0,0,0
2934,parking place,359,2649,0,0,0,96,1,0,0,0,0,0,0,0,0,0,1,4,0,0,4,829,348,0,0,1,25,0,0,0,0,0,0,0,0,0,0,22,7,0,0,9,1193,0,0,0,0,0,0,0,0,0,0,0,0,0,0,0,0,0,0,0,0,0
2672,parking place,0,18,83,0,0,16,731,0,0,0,0,0,0,0,0,0,0,0,0,0,0,7,109,0,0,0,35,0,0,0,0,0,0,0,0,0,0,0,0,0,0,0,171,22,0,0,22,15,0,0,0,0,0,0,0,0,0,0,188,0,0,0,181,40
209,parking place,1,3,0,0,0,1023,69,0,0,0,0,0,0,0,0,0,0,0,0,0,0,183,343,0,0,0,244,0,0,0,0,0,0,0,0,0,0,0,0,0,0,0,285,77,0,0,4,69,0,0,0,0,0,0,0,0,0,0,0,2,0,0,26,421
39,parking place,0,0,0,0,0,1,492,35,0,0,0,0,0,0,0,0,0,0,0,0,0,36,99,0,0,0,106,0,0,0,0,0,0,0,0,0,0,0,0,0,0,0,220,1,0,0,0,0,0,0,0,0,0,0,0,0,0,0,0,0,0,0,0,0
340,parking place,26,6,0,0,2,38,396,0,0,0,0,0,0,0,0,0,4,0,0,0,46,84,58,0,0,7,62,1,0,0,0,0,0,0,0,0,0,8,1,0,0,29,132,0,0,0,0,0,0,0,0,0,0,0,0,0,0,0,0,0,0,0,0,0
1951,parking place,0,10,33,0,0,0,10,0,0,0,0,0,0,0,0,0,0,0,0,0,0,0,10,0,0,0,16,0,0,0,0,0,0,0,0,0,0,0,0,0,0,0,2,0,0,0,0,0,0,0,0,0,0,0,0,0,0,0,0,0,0,0,0,0
424,parking place,41,0,0,0,1,8,109,0,0,0,0,0,0,0,0,0,0,0,0,0,0,14,24,0,0,0,30,0,0,0,0,0,0,0,0,0,0,0,0,0,0,1,56,4,0,0,0,0,0,0,0,0,0,0,0,0,0,0,0,0,0,0,0,0
2854,parking place,0,0,62,35,0,0,123,480,0,0,0,15,0,0,0,0,0,0,0,0,0,21,77,9,0,0,37,1843,0,0,0,0,0,0,0,0,0,0,0,0,0,0,62,318,0,0,1,241,0,0,0,0,0,0,0,0,0,0,4,1,0,0,0,1363
216,parking place,23,7726,0,0,0,609,0,0,0,0,0,0,0,0,0,0,0,0,0,0,0,3616,234,0,0,0,0,0,0,0,0,0,0,0,0,0,0,0,0,0,0,0,0,0,0,0,0,0,0,0,0,0,0,0,0,0,0,0,0,0,0,0,0,0
726,parking place,5,175,2,0,0,19,14,0,0,0,0,0,0,0,0,0,0,0,0,0,3,77,14,0,0,1,10,0,0,0,0,0,0,0,0,0,0,6,0,0,0,8,84,0,0,0,0,0,0,0,0,0,0,0,0,0,0,0,1,0,0,0,1,0
726,parking place,111,571,0,0,4,23,0,0,0,0,0,0,0,0,0,0,4,2,0,0,7,101,51,0,0,0,15,0,0,0,0,0,0,0,0,0,0,11,7,0,0,0,156,5,0,0,3,0,0,0,0,0,0,0,0,0,0,0,0,0,0,0,0,0
2229,parking place,0,0,0,0,0,0,72,20,0,0,0,0,0,0,0,0,0,0,0,0,3,17,188,11,0,12,109,16,0,0,0,0,0,0,0,0,0,0,0,0,0,31,45,99,0,0,1,0,0,0,0,0,0,0,0,0,0,0,0,0,0,0,0,0
71,parking place,3,17,0,0,0,6,78,2181,0,0,0,0,0,0,0,0,2,0,0,0,6,111,136,315,0,2,40,111,0,0,0,0,0,0,0,0,3,15,0,0,0,28,123,125,0,0,0,153,0,0,0,0,0,0,0,0,0,0,35,0,0,0,165,1075
1044,parking place,0,5,150,0,0,14,102,0,0,0,0,0,0,0,0,0,0,0,1,0,0,11,209,0,0,0,30,0,0,0,0,0,0,0,0,0,0,0,0,0,0,0,157,21,0,0,0,0,0,0,0,0,0,0,0,0,0,0,0,0,0,0,0,0
3111,parking place,0,0,0,0,0,0,0,0,0,0,0,0,0,0,0,0,0,0,0,0,0,0,2,219,0,0,3,12,0,0,0,0,0,0,0,0,0,0,0,0,0,0,3,74,0,0,0,5,0,0,0,0,0,0,0,0,0,0,0,0,0,0,0,165
3111,parking place,0,0,1,0,0,0,0,0,0,0,0,0,0,0,0,0,0,0,0,0,0,7,21,0,0,0,2,0,0,0,0,0,0,0,0,0,0,0,1,0,0,0,5,5,0,0,0,0,0,0,0,0,0,0,0,0,0,0,0,0,0,0,0,0
3111,parking place,7,2,1,1,0,2,192,654,0,0,0,0,0,0,0,0,2,0,0,0,10,48,52,12,0,3,33,70,0,0,0,0,0,0,0,0,0,2,0,0,0,10,60,90,0,0,17,86,0,0,0,0,0,0,0,0,0,0,3,2,0,0,82,199
2217,parking place,2,109,1080,0,0,159,917,178,0,0,0,0,0,0,0,0,11,0,0,0,6,186,364,6,0,0,204,38,0,0,0,0,0,0,0,0,0,0,3,0,0,3,572,2,0,0,0,0,0,0,0,0,0,0,0,0,0,0,0,0,0,0,0,0
579,parking place,0,0,0,0,0,0,1,480,0,0,0,0,0,0,0,0,0,0,0,0,0,0,6,33,0,0,0,52,0,0,0,0,0,0,0,0,0,0,0,0,0,0,5,116,0,0,0,77,0,0,0,0,0,0,0,0,0,0,0,0,0,0,0,318
2375,parking place,0,121,126,0,0,6,49,0,0,0,0,0,0,0,0,0,0,0,0,0,0,11,81,5,0,0,18,14,0,0,0,0,0,0,0,0,0,0,0,0,0,0,95,24,0,0,0,0,0,0,0,0,0,0,0,0,0,0,0,0,0,0,0,0
2375,parking place,39,283,4162,2,3,109,183,60,0,0,0,0,0,0,0,0,0,0,0,0,5,152,302,97,0,4,165,165,0,0,0,0,0,0,0,0,0,0,0,0,0,0,1752,521,0,0,0,0,0,0,0,0,0,0,0,0,0,0,0,0,0,0,0,0
1046,parking place,0,0,0,0,0,0,0,0,0,0,0,0,0,0,0,0,0,0,0,0,0,421,2278,0,0,0,0,0,0,0,0,0,0,0,0,0,0,5,114,0,0,0,2577,17,0,0,0,0,0,0,0,0,0,0,0,0,0,0,646,9,0,0,1114,8
2534,parking place,0,0,0,0,0,0,0,126,0,0,0,0,0,0,0,0,0,0,0,0,0,0,14,119,0,0,13,64,0,0,0,0,0,0,0,0,0,0,0,0,0,0,7,46,0,0,0,13,0,0,0,0,0,0,0,0,0,0,0,0,0,0,0,298
2534,parking place,0,0,0,0,0,0,1,98,0,0,0,0,0,0,0,0,0,0,0,0,0,0,41,74,0,0,20,36,0,0,0,0,0,0,0,0,0,0,0,0,0,0,23,34,0,0,0,24,0,0,0,0,0,0,0,0,0,0,0,0,0,0,0,243
1917,parking place,0,9,90,0,0,5,71,0,0,0,0,0,0,0,0,0,0,0,0,0,0,8,36,1,0,0,23,13,0,0,0,0,0,0,0,0,0,0,0,0,0,0,34,52,0,0,0,0,0,0,0,0,0,0,0,0,0,0,0,0,0,0,0,0
1917,parking place,21,107,291,0,0,87,205,0,0,0,0,0,0,0,0,0,0,6,0,0,2,63,156,0,0,0,69,6,0,0,0,0,0,0,0,0,0,0,0,0,0,0,228,55,0,0,0,0,0,0,0,0,0,0,0,0,0,0,0,0,0,0,0,0
2197,parking place,0,0,0,0,0,0,0,0,0,0,0,0,0,0,0,0,0,0,0,0,0,254,27,0,0,0,0,0,0,0,0,0,0,0,0,0,0,252,7,0,0,347,202,0,0,0,0,0,0,0,0,0,0,0,0,0,0,0,0,0,0,0,0,0
825,parking place,0,0,0,0,0,0,0,0,0,0,0,0,0,0,0,0,0,0,0,0,0,10,43,0,0,0,28,0,0,0,0,0,0,0,0,0,0,0,0,0,0,0,0,0,0,0,0,0,0,0,0,0,0,0,0,0,0,0,0,0,0,0,0,0
158,parking place,0,0,0,0,0,1,1217,0,0,0,0,0,0,0,0,0,0,0,0,0,0,10,679,0,0,0,217,3,0,0,0,0,0,0,0,0,0,0,0,0,0,0,681,29,0,0,0,38,0,0,0,0,0,0,0,0,0,0,0,0,0,0,0,185
3124,parking place,117,27,0,0,0,46,0,0,0,0,0,0,0,0,0,0,0,3,0,0,6,90,23,0,0,1,22,5237,0,0,0,0,0,0,0,0,0,5,0,0,0,14,346,361,0,0,3,395,0,0,0,0,0,0,0,0,0,0,25,2,0,0,25,3760
2409,parking place,168,164,1285,0,11,76,297,0,0,0,0,0,0,0,0,0,2,0,0,0,83,406,664,6,0,32,231,48,0,0,0,0,0,0,0,0,0,9,0,0,0,278,1221,191,0,0,15,22,0,0,0,0,0,0,0,0,0,0,9,0,0,0,22,13
64,parking place,0,0,0,0,0,25,7,0,0,0,0,0,0,0,0,0,0,0,0,0,0,56,17,0,0,0,10,0,0,0,0,0,0,0,0,0,0,2,1,0,0,1,24,0,0,0,0,0,0,0,0,0,0,0,0,0,0,0,0,0,0,0,0,0
2855,parking place,0,0,0,0,0,0,13,2,0,0,0,0,0,0,0,0,0,0,0,0,0,0,10,9,0,0,5,68,0,0,0,0,0,0,0,0,0,0,0,0,0,0,2,71,0,0,0,33,0,0,0,0,0,0,0,0,0,0,0,0,0,0,0,91
1565,parking place,0,0,0,0,0,0,21,2,0,0,0,0,0,0,0,0,0,0,0,0,0,0,157,1,0,0,50,0,0,0,0,0,0,0,0,0,0,0,0,0,0,0,139,133,0,0,6,34,0,0,0,0,0,0,0,0,0,0,20,22,0,0,6,4
42,parking place,43,193,548,0,1,34,54,0,0,0,0,0,0,0,0,0,4,6,0,0,0,116,139,0,0,0,26,0,0,0,0,0,0,0,0,0,0,0,1,0,0,17,210,0,0,0,0,0,0,0,0,0,0,0,0,0,0,0,0,0,0,0,0,0
469,parking place,4,10,562,437,0,1,97,12,0,0,0,0,0,0,0,0,0,0,0,0,0,16,117,71,0,0,70,57,0,0,0,0,0,0,0,0,0,0,0,0,0,0,84,162,0,0,18,135,0,0,0,0,0,0,0,0,0,0,2,22,0,0,16,131
1621,parking place,2,38,347,0,0,12,287,0,0,0,0,0,0,0,0,0,0,0,0,0,1,86,81,0,0,0,62,6,0,0,0,0,0,0,0,0,0,6,1,0,0,23,348,32,0,0,0,0,0,0,0,0,0,0,0,0,0,0,0,0,0,0,0,0
341,parking place,2,17,43,0,4,4,7,0,0,0,0,0,0,0,0,0,0,0,0,0,2,16,11,5,0,0,6,10,0,0,0,0,0,0,0,0,0,0,0,0,0,0,7,10,0,0,0,0,0,0,0,0,0,0,0,0,0,0,0,0,0,0,0,0
2213,parking place,15,458,835,0,16,601,2320,0,0,0,0,0,0,0,0,0,0,8,0,0,1,700,467,0,0,27,377,0,0,0,0,0,0,0,0,0,0,27,26,0,0,41,1950,2,0,0,0,0,0,0,0,0,0,0,0,0,0,0,1,0,0,0,0,0
2213,parking place,81,1808,384,0,31,254,43,0,0,0,0,0,0,0,0,0,7,10,2,0,46,735,351,0,0,27,83,0,0,0,0,0,0,0,0,0,0,9,12,0,0,56,1115,0,0,2,1,0,0,0,0,0,0,0,0,0,0,0,0,0,0,0,3,0
3026,parking place,0,0,0,0,0,0,8,0,0,0,0,0,0,0,0,0,0,0,0,0,0,1,10,0,0,0,2,0,0,0,0,0,0,0,0,0,0,0,0,0,0,0,4,13,0,0,0,4,0,0,0,0,0,0,0,0,0,0,0,0,0,0,0,8
2231,parking place,0,0,0,0,0,0,0,0,0,0,0,0,0,0,0,0,0,0,0,0,0,0,0,0,0,0,3,0,0,0,0,0,0,0,0,0,0,0,0,0,0,0,31,238,0,0,0,0,0,0,0,0,0,0,0,0,0,0,0,0,0,0,0,0
2074,parking place,0,0,0,0,0,0,0,0,0,0,0,0,0,0,0,0,0,0,0,0,0,10,18,0,0,0,5,1,0,0,0,0,0,0,0,0,0,0,0,0,0,0,2,0,0,0,0,0,0,0,0,0,0,0,0,0,0,0,0,0,0,0,0,0
213,parking place,0,214,1157,0,0,20,53,0,0,0,0,0,0,0,0,0,0,0,0,0,0,56,234,1,0,0,109,5,0,0,0,0,0,0,0,0,0,0,0,0,0,0,400,30,0,0,0,0,0,0,0,0,0,0,0,0,0,0,0,0,0,0,0,0
2408,parking place,0,312,158,0,0,18,284,39,0,0,0,0,0,0,0,0,0,0,0,0,0,37,198,124,0,0,48,9,0,0,0,0,0,0,0,0,0,0,0,0,0,0,96,79,0,0,3,38,0,0,0,0,0,0,0,0,0,0,0,0,0,0,2,310
2408,parking place,0,0,0,0,0,0,0,5,0,0,0,15,0,0,0,0,0,0,0,0,3,1,0,6,3,1,1,513,0,0,0,27,0,0,0,0,0,0,0,0,0,7,3,33,0,0,0,32,0,0,0,0,0,0,0,0,0,0,0,0,0,0,6,304
466,parking place,0,0,0,0,0,0,0,34,0,0,0,0,0,0,0,0,0,0,0,0,0,0,0,12,0,0,3,55,0,0,0,0,0,0,0,0,0,0,0,0,0,0,0,35,0,0,0,21,0,0,0,0,0,0,0,0,0,0,0,0,0,0,0,8
466,turn,26,5,0,0,1,10,114,13,0,0,0,0,0,0,0,0,0,0,0,0,16,47,84,0,0,0,29,3,0,0,0,0,0,0,0,0,0,0,0,0,0,0,16,0,0,0,0,0,0,0,0,0,0,0,0,0,0,0,0,0,0,0,0,0
356,parking place,0,34,160,154,0,0,25,2,0,0,0,0,0,0,0,0,0,0,0,0,0,28,39,15,0,0,25,7,0,0,0,0,0,0,0,0,0,0,1,0,0,12,97,38,0,0,1,11,0,0,0,0,0,0,0,0,0,0,0,1,0,0,1,51
2423,parking place,0,61,789,0,0,15,56,0,0,0,0,0,0,0,0,0,0,0,0,0,0,47,137,0,0,0,62,3,0,0,0,0,0,0,0,0,0,0,0,0,0,0,340,8,0,0,0,1,0,0,0,0,0,0,0,0,0,0,4,0,0,0,5,20
3115,parking place,8,89,752,0,0,31,2732,50,0,0,0,0,0,0,0,0,1,3,0,0,0,95,240,56,0,0,95,219,0,0,0,0,0,0,0,0,0,2,0,0,0,0,1235,167,0,0,0,0,0,0,0,0,0,0,0,0,0,0,0,0,0,0,0,0
56,parking place,61,1321,308,0,3,138,31,0,0,0,0,0,0,0,0,0,1,0,0,0,4,223,160,0,0,4,70,0,0,0,0,0,0,0,0,0,0,1,0,0,0,42,488,1,0,0,0,0,0,0,0,0,0,0,0,0,0,0,0,0,0,0,0,0
2554,parking place,0,597,30,0,0,74,10,0,0,0,0,0,0,0,0,0,0,0,0,0,0,76,66,0,0,0,30,0,0,0,0,0,0,0,0,0,0,0,0,0,0,0,415,4,0,0,0,0,0,0,0,0,0,0,0,0,0,0,0,0,0,0,0,0
2554,parking place,0,224,95,0,0,245,124,0,0,0,0,0,0,0,0,0,0,0,0,0,0,84,86,0,0,0,14,0,0,0,0,0,0,0,0,0,0,0,1,0,0,0,378,9,0,0,0,0,0,0,0,0,0,0,0,0,0,0,0,0,0,0,0,0
1172,parking place,315,1042,1,0,0,47,14,0,0,0,0,0,0,0,0,0,0,0,0,0,0,91,298,0,0,0,323,0,0,0,0,0,0,0,0,0,0,0,0,0,0,0,209,0,0,0,0,0,0,0,0,0,0,0,0,0,0,0,0,0,0,0,0,0
630,parking place,0,46,24,0,0,4,4,0,0,0,0,0,0,0,0,0,0,0,0,0,0,10,37,0,0,0,5,1,0,0,0,0,0,0,0,0,0,0,0,0,0,0,37,30,0,0,0,0,0,0,0,0,0,0,0,0,0,0,0,0,0,0,0,0
1659,parking place,18,16,710,0,0,56,1451,40,0,0,0,0,0,0,0,0,0,0,0,0,0,346,273,52,0,0,177,144,0,0,0,0,0,0,0,0,0,0,0,0,0,0,720,232,0,0,0,0,0,0,0,0,0,0,0,0,0,0,0,0,0,0,0,0
1659,turn,20,103,173,0,0,168,734,0,0,0,0,0,0,0,0,0,1,1,0,0,0,159,163,1,0,1,63,16,0,0,0,0,0,0,0,0,0,0,4,0,0,0,452,28,0,0,0,3,0,0,0,0,0,0,0,0,0,0,4,0,0,0,6,12
991,parking place,13,5,7,23,0,0,11,479,0,0,0,0,0,0,0,0,0,0,0,0,0,37,30,32,0,0,8,80,0,0,0,0,0,0,0,0,0,0,0,0,0,0,41,102,0,0,0,30,0,0,0,0,0,0,0,0,0,0,0,0,0,0,0,166
338,parking place,0,0,2,0,0,0,13,7,0,0,0,0,0,0,0,0,0,0,0,0,0,0,7,0,0,0,1,1,0,0,0,0,0,0,0,0,0,0,0,0,0,0,6,14,0,0,0,9,0,0,0,0,0,0,0,0,0,0,0,0,0,0,0,12
36,parking place,18,73,117,0,0,63,428,0,0,0,0,0,0,0,0,0,2,2,0,0,0,83,173,0,0,0,50,1,0,0,0,0,0,0,0,0,0,0,0,0,0,0,339,4,0,0,0,0,0,0,0,0,0,0,0,0,0,0,0,0,0,0,0,0
2686,parking place,915,2343,0,0,4,79,0,0,0,0,0,0,0,0,0,0,0,0,0,0,27,345,90,0,0,9,67,0,0,0,0,0,0,0,0,0,0,1,0,0,0,9,941,0,0,0,0,0,0,0,0,0,0,0,0,0,0,0,0,0,0,0,0,0
2036,parking place,0,0,0,0,0,0,30,0,0,0,0,0,0,0,0,0,0,0,0,0,0,98,1082,0,0,0,48,11,0,0,0,0,0,0,0,0,0,0,2,0,0,0,369,80,0,0,0,0,0,0,0,0,0,0,0,0,0,0,0,0,0,0,0,0
1807,parking place,428,2986,355,0,8,97,29,0,0,0,0,0,0,0,0,0,35,27,0,0,92,2076,701,10,0,6,41,11,0,0,0,0,0,0,0,0,0,39,19,0,0,44,844,153,0,0,0,0,0,0,0,0,0,0,0,0,0,0,0,0,0,0,0,0
396,parking place,0,0,0,0,0,0,11,239,0,0,0,0,0,0,0,0,0,0,0,0,0,0,9,16,0,0,4,25,0,0,0,0,0,0,0,0,0,0,0,0,0,0,21,26,0,0,0,12,0,0,0,0,0,0,0,0,0,0,0,0,0,0,0,141
90,parking place,9,31,0,0,0,7,0,0,0,0,0,0,0,0,0,0,0,0,0,0,0,11,6,0,0,0,6,0,0,0,0,0,0,0,0,0,0,0,0,0,0,0,2,0,0,0,0,0,0,0,0,0,0,0,0,0,0,0,0,0,0,0,0,0
3148,parking place,19,59,0,0,0,56,4,0,0,0,0,0,0,0,0,0,0,11,0,0,0,179,40,0,0,0,61,0,0,0,0,0,0,0,0,0,0,0,0,0,0,0,11,0,0,0,0,0,0,0,0,0,0,0,0,0,0,0,0,0,0,0,0,0
3088,parking place,154,1063,57,0,0,56,40,0,0,0,0,0,0,0,0,0,0,0,0,0,0,200,166,0,0,31,11,0,0,0,0,0,0,0,0,0,0,85,7,0,0,42,13,0,0,0,0,0,0,0,0,0,0,0,0,0,0,0,0,0,0,0,0,0
754,parking place,281,477,422,0,9,334,4096,0,0,0,0,0,0,0,0,0,81,3,0,0,134,309,122,0,0,0,50,12,0,0,0,0,0,0,0,0,1,20,0,0,0,34,2162,109,0,0,5,15,0,0,0,0,0,0,0,0,0,0,218,1,0,0,105,40
1471,parking place,0,33,0,0,0,1,0,0,0,0,0,0,0,0,0,0,0,3,0,0,0,16,5,0,0,1,0,0,0,0,0,0,0,0,0,0,0,0,0,0,0,0,25,0,0,0,0,0,0,0,0,0,0,0,0,0,0,0,0,0,0,0,0,0
1610,parking place,76,33,0,0,0,1,0,0,0,0,0,0,0,0,0,0,0,0,0,0,0,44,6,0,0,2,1,0,0,0,0,0,0,0,0,0,0,8,4,0,0,11,22,0,0,0,0,0,0,0,0,0,0,0,0,0,0,0,0,0,0,0,0,0
2812,parking place,0,0,0,0,0,29,189,5,0,0,0,0,0,0,0,0,0,0,0,0,0,11,119,0,0,0,33,22,0,0,0,0,0,0,0,0,0,0,0,0,0,0,47,57,0,0,0,26,0,0,0,0,0,0,0,0,0,0,0,0,0,0,0,112
2444,parking place,0,0,0,0,0,9,2872,0,0,0,0,0,0,0,0,0,0,0,0,0,0,161,543,0,0,0,47,0,0,0,0,0,0,0,0,0,0,6,26,0,0,0,432,244,0,0,0,2,0,0,0,0,0,0,0,0,0,0,603,9,0,0,652,19
2444,turn,11,94,63,0,0,86,387,2011,0,0,0,83,0,0,0,0,27,55,0,0,35,673,136,44,0,0,44,2768,0,0,0,10,0,0,0,0,0,79,22,0,0,129,829,258,0,0,0,176,0,0,0,0,0,0,0,0,0,12,172,0,0,0,150,1438
8,parking place,29,657,43,0,0,28,5,0,0,0,0,0,0,0,0,0,16,39,0,0,6,379,148,0,0,0,4,0,0,0,0,0,0,0,0,0,0,2,4,0,0,0,0,0,0,0,0,0,0,0,0,0,0,0,0,0,0,0,0,0,0,0,0,0
1863,parking place,0,1631,0,0,0,503,9,0,0,0,0,0,0,0,0,0,0,0,0,0,0,552,197,0,0,20,167,0,0,0,0,0,0,0,0,0,0,26,9,0,0,264,462,0,0,0,0,0,0,0,0,0,0,0,0,0,0,0,0,0,0,0,0,0
1239,parking place,0,1,107,0,0,0,92,0,0,0,0,0,0,0,0,0,0,0,0,0,0,0,74,2,0,0,64,13,0,0,0,0,0,0,0,0,0,0,0,0,0,0,25,36,0,0,0,0,0,0,0,0,0,0,0,0,0,0,0,0,0,0,0,0
2490,parking place,0,54,402,0,0,0,21,0,0,0,0,0,0,0,0,0,0,0,0,0,0,0,33,1,0,0,19,5,0,0,0,0,0,0,0,0,0,0,0,0,0,0,5,50,0,0,16,47,0,0,0,0,0,0,0,0,0,0,0,0,0,0,27,103
2434,parking place,71,2546,1,0,15,622,7,0,0,0,0,0,0,0,0,0,0,0,0,0,39,494,445,0,10,15,524,0,0,0,0,0,0,0,0,0,0,0,0,0,11,13,432,0,0,4,0,0,0,0,0,0,0,0,0,0,0,0,0,0,0,1,0,3
1889,parking place,0,0,0,0,0,0,78,41,0,0,0,0,0,0,0,0,0,0,0,0,0,0,82,15,0,0,26,48,0,0,0,0,0,0,0,0,0,0,0,0,0,0,124,115,0,0,0,0,0,0,0,0,0,0,0,0,0,0,0,0,0,0,0,0
1043,parking place,2,97,556,0,0,8,10,0,0,0,0,0,0,0,0,0,2,0,0,0,0,58,92,6,0,0,14,3,0,0,0,0,0,0,0,0,0,0,1,0,0,0,247,24,0,0,0,0,0,0,0,0,0,0,0,0,0,0,0,0,0,0,0,0
2795,parking place,0,753,1520,0,0,72,136,0,0,0,0,0,0,0,0,0,0,0,0,0,0,164,247,0,0,0,53,0,0,0,0,0,0,0,0,0,0,0,0,0,0,0,1452,31,0,0,0,0,0,0,0,0,0,0,0,0,0,0,0,0,0,0,0,0
384,parking place,0,27,10,0,0,14,45,0,0,0,0,0,0,0,0,0,0,0,0,0,0,11,21,0,0,1,5,0,0,0,0,0,0,0,0,0,0,0,0,0,0,0,33,1,0,0,0,0,0,0,0,0,0,0,0,0,0,0,0,0,0,0,0,0
2219,parking place,17,3,0,0,0,3,36,2368,0,0,0,0,0,0,0,0,8,3,0,0,17,497,897,551,0,3,117,152,0,0,0,0,0,0,0,0,0,18,4,0,0,53,611,223,0,0,6,138,0,0,0,0,0,0,0,0,0,0,28,3,0,0,440,2384
565,parking place,4,15,0,0,0,1,4,0,0,0,0,0,0,0,0,0,0,0,0,0,0,1,7,0,0,0,0,0,0,0,0,0,0,0,0,0,0,0,0,0,0,0,0,0,0,0,0,0,0,0,0,0,0,0,0,0,0,0,0,0,0,0,0,0
897,parking place,0,577,66,0,0,59,24,0,0,0,0,0,0,0,0,0,0,0,0,0,0,34,238,17,0,0,64,29,0,0,0,0,0,0,0,0,0,0,0,0,0,0,246,128,0,0,0,0,0,0,0,0,0,0,0,0,0,0,0,0,0,0,0,0
2933,parking place,2073,698,0,0,4,7,0,0,0,0,0,0,0,0,0,0,9,10,0,0,16,1172,4,0,0,8,0,0,0,0,0,0,0,0,0,0,0,116,0,0,0,13,0,0,0,0,0,0,0,0,0,0,0,0,0,0,0,0,0,0,0,0,0,0
2453,parking place,21,5352,47,0,19,297,13,0,0,0,0,0,0,0,0,0,0,0,0,0,5,245,247,0,0,0,317,0,0,0,0,0,0,0,0,0,0,0,0,0,0,0,1892,0,0,0,0,0,0,0,0,0,0,0,0,0,0,0,0,0,0,0,0,0
1980,parking place,0,309,107,0,0,165,108,0,0,0,0,0,0,0,0,0,0,0,0,0,1,154,102,0,0,0,39,0,0,0,0,0,0,0,0,0,0,0,0,0,0,14,123,0,0,0,0,0,0,0,0,0,0,0,0,0,0,0,0,0,0,0,0,0
1734,parking place,4,14,0,0,0,4,0,0,0,0,0,0,0,0,0,0,1,0,0,0,0,49,0,0,0,0,0,0,0,0,0,0,0,0,0,0,0,0,0,0,0,0,0,0,0,0,0,0,0,0,0,0,0,0,0,0,0,0,0,0,0,0,0,0
33,parking place,0,58,128,0,0,35,371,0,0,0,0,0,0,0,0,0,0,4,0,0,0,74,130,0,0,0,53,0,0,0,0,0,0,0,0,0,0,0,1,0,0,0,197,3,0,0,0,0,0,0,0,0,0,0,0,0,0,0,0,0,0,0,0,0
2336,parking place,113,1575,0,0,1,133,2,0,0,0,0,0,0,0,0,0,0,32,1,0,1,721,210,0,0,14,9,0,0,0,0,0,0,0,0,0,0,194,72,0,0,145,77,0,0,0,0,0,0,0,0,0,0,0,0,0,0,0,0,0,0,0,0,0
2671,parking place,0,35,11,0,0,7,5,0,0,0,0,0,0,0,0,0,0,0,0,0,0,7,22,2,0,0,3,4,0,0,0,0,0,0,0,0,0,0,0,0,0,0,9,20,0,0,0,9,0,0,0,0,0,0,0,0,0,0,0,0,0,0,0,16
1952,parking place,0,33,3853,0,0,8,199,0,0,0,0,0,0,0,0,0,0,0,0,0,0,1,144,4,0,0,130,57,0,0,0,0,0,0,0,0,0,0,0,0,0,0,1169,23,0,0,0,0,0,0,0,0,0,0,0,0,0,0,0,0,0,0,0,0
138,parking place,0,115,46,0,0,16,34,4,0,0,0,0,0,0,0,0,0,0,0,0,0,27,33,8,0,0,22,19,0,0,0,0,0,0,0,0,0,0,0,0,0,0,66,30,0,0,0,0,0,0,0,0,0,0,0,0,0,0,0,0,0,0,0,0
3032,parking place,0,85,85,0,0,1,7,0,0,0,0,0,0,0,0,0,0,0,0,0,1,21,69,0,0,0,4,0,0,0,0,0,0,0,0,0,0,4,0,0,0,1,42,20,0,0,0,0,0,0,0,0,0,0,0,0,0,0,0,0,0,0,0,0
161,parking place,3,149,0,0,0,150,355,3868,0,0,0,277,0,0,0,0,0,0,0,0,0,594,808,215,0,0,437,1318,0,0,0,0,0,0,0,0,0,5,0,0,0,2,1208,551,0,0,0,0,0,0,0,0,0,0,0,0,0,0,0,0,0,0,0,0
2825,parking place,289,193,25,0,13,46,50,1,0,0,0,0,0,0,0,0,9,0,0,0,329,822,39,0,0,22,15,0,0,0,0,0,0,0,0,0,0,63,0,0,0,201,117,2,0,0,0,0,0,0,0,0,0,0,0,0,0,0,5,0,0,0,1,0
2955,parking place,4,9,0,0,0,5,0,0,0,0,0,0,0,0,0,0,0,0,0,0,0,26,1,0,0,0,0,0,0,0,0,0,0,0,0,0,0,0,0,0,0,0,0,0,0,0,0,0,0,0,0,0,0,0,0,0,0,0,0,0,0,0,0,0
1569,parking place,134,193,0,0,0,1,0,0,0,0,0,0,0,0,0,0,0,1,0,0,0,80,28,0,0,0,1,0,0,0,0,0,0,0,0,0,0,0,13,0,0,1,249,2,0,0,0,0,0,0,0,0,0,0,0,0,0,0,0,0,0,0,0,0
470,parking place,4,23,221,2,0,17,42,4,0,0,0,0,0,0,0,0,0,0,0,0,0,10,43,34,0,0,39,37,0,0,0,0,0,0,0,0,0,0,0,0,0,0,32,46,0,0,3,59,0,0,0,0,0,0,0,0,0,36,0,0,0,0,7,69
1185,parking place,0,19,975,0,1,37,869,1,0,0,0,0,0,0,0,0,0,0,0,0,1,122,330,27,0,2,344,51,0,0,0,0,0,0,0,0,0,0,0,0,0,0,734,75,0,0,0,0,0,0,0,0,0,0,0,0,0,0,0,0,0,0,0,0
2363,parking place,0,13,42,0,0,4,17,0,0,0,0,0,0,0,0,0,0,0,0,0,0,7,22,0,0,0,8,0,0,0,0,0,0,0,0,0,0,0,0,0,0,0,19,0,0,0,0,0,0,0,0,0,0,0,0,0,0,0,0,0,0,0,0,0
2362,parking place,0,22,4,0,0,30,11,0,0,0,0,0,0,0,0,0,0,0,0,0,0,14,18,0,0,0,13,0,0,0,0,0,0,0,0,0,0,0,0,0,0,0,9,0,0,0,0,0,0,0,0,0,0,0,0,0,0,0,0,0,0,0,0,0
43,parking place,135,116,1361,0,1,28,49,0,0,0,0,0,0,0,0,0,1,5,0,0,0,153,104,20,0,0,42,28,0,0,0,0,0,0,0,0,0,17,2,0,0,71,640,74,0,0,0,0,0,0,0,0,0,0,0,0,0,0,0,0,0,0,0,0
992,parking place,0,0,75,558,0,0,23,34,0,0,0,0,0,0,0,0,0,0,0,0,0,0,36,50,0,0,3,57,0,0,0,0,0,0,0,0,0,0,0,0,0,0,8,157,0,0,0,26,0,0,0,0,0,0,0,0,0,0,0,1,0,0,0,340
1308,parking place,0,10,46,0,0,6,24,0,0,0,0,0,0,0,0,0,0,0,0,0,0,2,26,0,0,0,10,6,0,0,0,0,0,0,0,0,0,0,0,0,0,0,7,17,0,0,0,0,0,0,0,0,0,0,0,0,0,0,0,0,0,0,0,0
201,parking place,0,151,930,0,0,104,508,0,0,0,0,0,0,0,0,0,0,0,0,0,0,275,685,0,0,0,60,0,0,0,0,0,0,0,0,0,0,0,0,0,0,0,536,0,0,0,0,0,0,0,0,0,0,0,0,0,0,0,0,0,0,0,0,0
259,parking place,17,25,0,0,0,12,0,0,0,0,0,0,0,0,0,0,0,0,0,0,0,69,5,0,0,0,4,0,0,0,0,0,0,0,0,0,0,5,0,0,0,0,12,0,0,0,1,0,0,0,0,0,0,0,0,0,0,0,0,0,0,0,0,0
1910,parking place,0,151,52,0,0,154,93,0,0,0,0,0,0,0,0,0,0,0,0,0,0,145,37,0,0,4,31,0,0,0,0,0,0,0,0,0,0,15,0,0,0,70,67,0,0,0,3,0,0,0,0,0,0,0,0,0,0,0,1,0,0,0,17,0
1910,parking place,0,0,0,0,0,6,0,0,0,0,0,0,0,0,0,0,0,0,0,0,0,27,6,0,0,0,2,0,0,0,0,0,0,0,0,0,0,0,0,0,0,0,1,0,0,0,0,0,0,0,0,0,0,0,0,0,0,0,0,0,0,0,0,0
2222,parking place,59,4,0,0,0,5,338,517,0,0,0,0,0,0,0,0,1,0,0,0,2,43,37,7,0,0,39,53,0,0,0,0,0,0,0,0,0,0,0,0,0,2,40,101,0,0,0,77,0,0,0,0,0,0,0,0,0,0,0,0,0,0,0,275
2228,parking place,17,1882,3,0,7,99,8,0,0,0,0,0,0,0,0,0,0,0,0,0,84,465,282,0,0,39,80,0,0,0,0,0,0,0,0,0,0,7,8,0,0,73,894,12,0,0,1,0,0,0,0,0,0,0,0,0,0,0,0,0,0,0,8,0
307,parking place,0,1,0,0,0,2,0,0,0,0,0,0,0,0,0,0,0,0,0,0,0,21,6,0,0,0,2,0,0,0,0,0,0,0,0,0,0,2,0,0,0,2,13,0,0,0,0,0,0,0,0,0,0,0,0,0,0,0,0,0,0,0,0,0
1881,parking place,0,0,0,0,0,0,0,2013,0,0,0,57,0,0,0,0,0,0,0,0,0,0,37,289,0,0,92,2118,0,0,0,0,0,0,0,0,0,0,0,0,0,0,300,380,0,0,18,592,0,0,0,0,0,0,0,0,0,0,32,0,0,0,22,1610
1220,parking place,4,83,0,0,0,6,1,0,0,0,0,0,0,0,0,0,0,0,0,0,0,17,12,0,0,1,2,0,0,0,0,0,0,0,0,0,0,0,0,0,0,1,53,0,0,0,0,0,0,0,0,0,0,0,0,0,0,0,0,0,0,0,0,0
2344,parking place,67,23,400,0,2,53,2078,230,0,0,0,0,0,0,0,0,0,0,0,0,15,115,180,16,0,0,168,59,0,0,0,0,0,0,0,0,0,0,0,0,0,0,1129,73,0,0,0,0,0,0,0,0,0,0,0,0,0,0,0,0,0,0,0,0
2218,parking place,0,4,0,0,0,0,0,0,0,0,0,0,0,0,0,0,0,5,0,0,0,376,23,0,0,49,59,5896,0,0,0,0,0,0,0,0,0,12,3,0,0,64,481,672,0,0,0,757,0,0,0,0,0,0,0,0,0,0,0,0,0,0,0,2368
310,parking place,0,42,4,0,0,3,0,0,0,0,0,0,0,0,0,0,0,0,0,0,0,8,4,0,0,0,0,0,0,0,0,0,0,0,0,0,0,1,0,0,0,3,35,0,0,0,0,0,0,0,0,0,0,0,0,0,0,0,21,0,0,0,0,0
336,parking place,0,0,0,0,0,0,20,10,0,0,0,0,0,0,0,0,0,0,0,0,0,0,12,3,0,0,9,0,0,0,0,0,0,0,0,0,0,0,0,0,0,0,1,21,0,0,0,2,0,0,0,0,0,0,0,0,0,0,0,0,0,0,1,11
204,parking place,24,132,0,0,14,33,0,0,0,0,0,0,0,0,0,0,0,0,0,0,56,297,20,0,5,61,15,0,0,0,0,0,0,0,0,0,0,0,0,0,0,131,59,1,0,7,5,0,0,0,0,0,0,0,0,0,0,0,0,0,0,0,1,3
2193,parking place,0,416,120,0,0,54,79,0,0,0,0,0,0,0,0,0,1,2,0,0,9,134,95,0,0,0,39,0,0,0,0,0,0,0,0,0,0,12,0,0,0,3,191,0,0,0,0,0,0,0,0,0,0,0,0,0,0,0,0,0,0,0,0,0
2147,parking place,0,41,59,0,0,7,18,0,0,0,0,0,0,0,0,0,0,0,0,0,0,3,57,2,0,0,16,8,0,0,0,0,0,0,0,0,0,0,0,0,0,0,20,7,0,0,0,0,0,0,0,0,0,0,0,0,0,0,0,0,0,0,0,0
1745,parking place,43,8,0,0,1,6,0,0,0,0,0,0,0,0,0,0,0,0,0,0,0,5,0,0,0,0,0,0,0,0,0,0,0,0,0,0,0,0,0,0,0,0,0,0,0,0,0,0,0,0,0,0,0,0,0,0,0,0,0,0,0,0,0,0
1010,parking place,0,0,0,0,0,0,17,91,0,0,0,0,0,0,0,0,0,0,0,0,0,0,64,16,0,0,12,43,0,0,0,0,0,0,0,0,0,0,0,0,0,0,22,44,0,0,0,36,0,0,0,0,0,0,0,0,0,0,0,0,0,0,0,117
1909,parking place,0,6,1,0,0,35,31,0,0,0,0,0,0,0,0,0,0,0,0,0,0,30,23,0,0,0,9,0,0,0,0,0,0,0,0,0,0,0,0,0,0,0,21,0,0,0,0,0,0,0,0,0,0,0,0,0,0,0,0,0,0,0,0,0
3023,parking place,0,1592,0,0,0,36,0,0,0,0,0,0,0,0,0,0,0,2,0,0,1,469,226,0,0,0,18,0,0,0,0,0,0,0,0,0,0,36,27,0,0,16,643,0,0,0,0,0,0,0,0,0,0,0,0,0,0,0,0,0,0,0,0,0
1958,parking place,0,0,0,0,0,0,12,106,0,0,0,0,0,0,0,0,0,0,0,0,0,0,5,7,0,0,3,34,0,0,0,0,0,0,0,0,0,0,0,0,0,0,2,26,0,0,0,11,0,0,0,0,0,0,0,0,0,0,0,0,0,0,0,32
2956,parking place,0,149,854,0,0,43,35,0,0,0,0,0,0,0,0,0,0,0,0,0,0,45,176,0,0,0,62,8,0,0,0,0,0,0,0,0,0,0,0,0,0,1,476,6,0,0,0,0,0,0,0,0,0,0,0,0,0,0,0,0,0,0,0,0
2000,parking place,95,38,0,0,6,101,812,855,0,0,1,9,0,0,0,0,11,0,0,0,24,142,108,0,0,2,121,53,0,0,0,0,0,0,0,0,2,10,0,0,0,12,548,72,0,0,1,0,0,0,0,0,0,0,0,0,0,0,0,0,0,0,0,1
2416,parking place,188,1894,2178,0,73,120,235,0,0,0,0,0,0,0,0,0,0,0,0,0,13,43,538,0,0,6,1511,2,0,0,0,0,0,0,0,0,0,0,0,0,0,1,0,0,0,3,1,0,0,0,0,0,0,0,0,0,0,0,0,0,0,0,0,0
1941,parking place,258,1717,8240,0,0,220,277,0,0,0,0,0,0,0,0,0,0,4,0,0,0,684,587,0,0,0,482,67,0,0,0,0,0,0,0,0,0,0,0,0,0,0,2414,26,0,0,0,0,0,0,0,0,0,0,0,0,0,0,0,0,0,0,0,0
1885,parking place,0,2,3,0,0,5,9,0,0,0,0,0,0,0,0,0,0,0,0,0,0,15,12,0,0,0,1,0,0,0,0,0,0,0,0,0,0,0,1,0,0,0,14,0,0,0,0,0,0,0,0,0,0,0,0,0,0,0,0,0,0,0,1,1
2077,parking place,220,61,967,0,0,71,1553,10,0,0,0,0,0,0,0,0,21,2,0,0,4,145,241,0,0,3,268,21,0,0,0,0,327,7,0,0,3,59,10,0,0,11,1237,86,0,0,3,21,0,0,0,0,0,3,0,0,0,0,32,6,0,0,1,3
2691,parking place,0,3,534,0,0,0,95,0,0,0,0,0,0,0,0,0,0,0,0,0,0,0,69,0,0,0,107,1,0,0,0,0,0,0,0,0,0,0,0,0,0,0,115,0,0,0,0,0,0,0,0,0,0,0,0,0,0,0,0,0,0,0,0,0
1990,turn,1763,4630,2,0,1,134,17,0,0,0,0,0,0,0,0,0,15,9,0,0,14,1272,218,0,0,1,21,0,0,0,0,0,0,0,0,0,0,304,22,0,0,10,6,0,0,0,0,0,0,0,0,0,0,0,0,0,0,0,0,0,0,0,0,0
1676,turn,2,0,0,0,0,7,685,0,0,0,0,0,0,0,0,0,1,0,0,0,3,63,72,0,0,1,45,8,0,0,0,0,0,0,0,0,0,26,1,0,0,4,257,15,0,0,0,0,0,0,0,0,0,0,0,0,0,0,0,0,0,0,0,0
1288,turn,7,4,0,0,0,0,22,938,0,0,0,0,0,0,0,0,4,6,0,0,22,32,36,20,0,0,16,37,0,0,0,0,0,0,0,0,0,0,1,0,0,0,32,47,0,0,0,18,0,0,0,0,0,0,0,0,0,0,1,2,0,0,3,632
591,turn,79,608,40,0,0,36,8,0,0,0,0,0,0,0,0,0,6,0,0,0,5,256,71,0,0,3,45,0,0,0,0,0,0,0,0,0,0,22,3,0,0,39,109,0,0,0,0,0,0,0,0,0,0,0,0,0,0,0,0,0,0,0,0,0
304,turn,427,493,2825,0,10,123,193,0,0,0,0,0,0,0,0,0,38,3,0,0,82,474,259,0,0,16,197,0,0,0,0,0,0,0,0,0,0,98,3,0,0,150,759,24,0,0,0,0,0,0,0,0,0,0,0,0,0,0,16,0,0,0,16,2
371,turn,7,1,0,0,1,2,7,676,0,0,0,0,0,0,0,0,0,1,0,0,6,256,37,95,0,0,15,53,0,0,0,0,0,0,0,0,0,1,8,0,0,0,60,84,0,0,1,39,0,0,0,0,0,0,0,0,0,0,1,0,0,0,0,209
2585,turn,65,87,1124,0,2,89,111,0,0,0,0,0,0,0,0,0,9,7,0,0,24,325,75,1,0,0,20,0,0,0,0,0,0,0,0,0,0,53,5,0,0,50,108,0,0,0,1,0,0,0,0,0,0,0,0,0,0,0,4,0,0,0,0,2
435,turn,68,30,0,1,3,1,0,122,0,0,0,13,0,0,0,0,0,0,0,0,12,429,17,5,0,29,14,8372,0,0,0,104,0,0,0,0,0,216,20,0,0,283,784,224,0,0,18,367,0,0,0,0,0,0,0,0,0,44,204,11,0,0,242,5732
628,turn,103,35,834,0,7,25,47,0,0,0,0,0,0,0,0,0,48,19,0,0,17,180,54,7,0,3,23,18,0,0,0,0,0,0,0,0,0,0,1,0,0,4,209,21,0,0,0,0,0,0,0,0,0,0,0,0,0,0,3,1,0,0,0,21
2618,turn,133,4,33,30,0,2,10,30,0,0,0,0,0,0,0,0,8,1,0,0,7,80,17,299,0,3,5,754,0,0,0,0,0,0,0,0,0,12,0,0,0,26,64,66,0,0,1,57,0,0,0,0,0,0,0,0,0,0,17,0,0,0,33,378
1011,turn,0,0,0,0,0,0,7,158,0,0,0,0,0,0,0,0,0,0,0,0,1,673,391,1249,0,5,280,455,0,0,0,0,0,0,0,0,0,53,12,0,0,60,826,285,0,0,2,18,0,0,0,0,0,0,0,0,0,0,3,0,0,0,2,5
1082,turn,3,809,1581,0,2,197,116,0,0,0,0,0,0,0,0,0,1,1,0,0,6,1091,301,10,0,52,75,24,0,0,0,0,0,0,0,0,0,27,3,0,0,209,626,77,0,0,0,0,0,0,0,0,0,0,0,0,0,0,3,0,0,0,6,0
1694,turn,0,1,0,0,0,0,43,7,0,0,0,0,0,0,0,0,0,0,0,0,0,4,23,0,0,2,20,4,0,0,0,0,0,0,0,0,0,0,0,0,0,8,13,6,0,0,0,8,0,0,0,0,0,0,0,0,0,0,0,0,0,0,0,5
1425,turn,0,0,0,0,0,0,5,4,0,0,1,6,0,0,0,0,0,0,0,0,0,0,5,0,0,0,8,8,0,0,0,0,0,0,0,0,0,0,0,0,0,0,2,1,0,0,0,3,0,0,0,0,0,0,0,0,0,0,0,0,0,0,0,6
455,turn,26,1949,1,0,0,47,5,0,0,0,0,0,0,0,0,0,32,9,0,0,33,190,103,0,0,1,17,0,0,0,0,0,10,0,0,0,126,220,13,0,0,38,412,0,0,0,0,0,0,0,0,0,138,87,0,0,25,114,3,0,0,0,0,0
3061,turn,0,0,0,0,0,0,0,30,0,0,0,6,0,0,0,0,0,0,0,0,0,45,39,664,0,0,33,2235,0,0,0,0,0,0,0,0,0,253,22,0,0,136,232,205,0,0,0,157,0,0,0,0,0,0,0,0,0,2,29,5,0,0,137,1248
172,turn,372,55,1118,367,6,53,2759,570,0,0,0,0,0,0,0,0,26,6,0,0,57,209,388,32,0,12,461,130,0,0,0,0,0,0,0,0,0,29,6,0,0,120,1138,98,0,0,1,22,0,0,0,0,0,0,0,0,0,2,113,1,0,0,54,165
1724,turn,292,1400,0,0,17,78,1,0,0,0,0,0,0,0,0,0,49,0,0,0,99,304,44,0,0,11,39,0,0,0,0,0,0,0,0,0,0,42,0,0,0,138,192,0,0,0,0,0,0,0,0,0,0,0,0,0,0,0,0,0,0,0,0,0
2507,turn,0,2,4,0,0,10,113,0,0,0,0,0,0,0,0,0,0,0,0,0,0,13,44,0,0,0,12,1,0,0,0,0,0,0,0,0,0,0,0,0,0,3,44,4,0,0,0,0,0,0,0,0,0,0,0,0,0,0,0,1,0,0,7,48
2106,turn,1067,258,0,0,1,15,0,0,0,0,0,0,0,0,0,0,199,5,0,0,31,189,4,0,0,0,0,0,0,0,0,0,0,0,0,0,0,0,0,0,0,0,0,0,0,0,0,0,0,0,0,0,0,0,0,0,0,0,0,0,0,0,0,0
453,turn,1,28,0,0,0,2,0,0,0,0,0,0,0,0,0,0,5,1,0,0,0,11,1,0,0,0,3,0,0,0,0,0,0,0,0,0,3,12,1,0,0,1,5,0,0,0,0,0,0,0,0,0,5,10,0,0,0,1,0,0,0,0,0,0
655,turn,0,0,0,0,0,4,125,0,0,0,0,0,0,0,0,0,0,0,0,0,0,2,154,0,0,0,31,1,0,0,0,0,0,0,0,0,0,0,0,0,0,0,113,2,0,0,0,0,0,0,0,0,0,0,0,0,0,0,0,0,0,0,0,0
2195,turn,0,15,39,1,0,10,18,1,0,0,0,0,0,0,0,0,0,0,0,0,0,5,31,2,0,0,13,2,0,0,0,0,0,0,0,0,0,0,0,0,0,1,42,2,0,0,0,0,0,0,0,0,0,0,0,0,0,0,0,0,0,0,0,0
750,turn,452,6,0,0,6,2,0,0,0,0,0,0,0,0,0,0,19,6,0,0,73,332,1,0,0,3,1,0,0,0,0,0,0,0,0,0,4,91,4,0,0,105,230,9,0,0,0,6,0,0,0,0,0,0,0,0,0,0,6,0,0,0,6,4632
1769,turn,4413,1598,0,0,51,157,0,0,0,0,0,0,0,0,0,0,38,1,0,0,324,918,2,0,0,3,4,0,0,0,0,0,0,0,0,0,0,17,0,0,0,67,37,0,0,0,0,0,0,0,0,0,0,0,0,0,0,0,24,0,0,0,26,0
3138,turn,163,9,434,157,9,6,63,30,0,0,0,0,0,0,0,0,1,0,0,0,15,53,39,6,0,2,32,17,0,0,0,0,0,0,0,0,0,0,0,0,0,0,143,11,0,0,0,0,0,0,0,0,0,0,0,0,0,0,0,0,0,0,0,0
1090,turn,5,2,57,8,2,2,13,4,0,0,0,0,0,0,0,0,1,1,0,0,4,10,17,6,0,2,6,4,0,0,0,0,4,1,0,0,0,2,1,0,3,3,13,15,1,6,0,0,0,0,0,0,0,0,0,0,0,0,0,0,0,2,1,0
331,turn,202,0,0,0,0,0,0,0,0,0,0,0,0,0,0,0,115,8,0,0,30,85,0,0,0,0,0,0,0,0,0,0,0,0,0,0,0,95,0,0,0,43,10,0,0,0,0,0,0,0,0,0,0,0,0,0,0,0,0,0,0,0,0,0
1942,turn,15660,4416,2071,0,2674,660,86,0,0,0,0,0,0,0,0,0,58,12,0,0,1756,3624,626,0,97,189,85,0,0,0,0,0,0,0,0,0,0,12,37,0,2,113,781,10,0,0,16,0,0,0,0,0,0,0,0,0,0,0,18,2,0,0,67,401
2535,turn,0,0,0,0,0,0,0,0,0,0,0,0,0,0,0,0,0,0,0,0,0,18,0,0,0,0,0,2,0,0,0,31,0,0,0,0,0,6,1,0,0,10,54,1,0,0,1,353,0,0,0,0,0,0,0,0,0,0,16,1,0,0,20,542
2607,turn,418,3,0,0,9,20,1027,204,0,0,0,0,0,0,0,0,0,0,0,0,2,38,54,9,0,2,32,38,0,0,0,0,0,0,0,0,0,0,0,0,0,1,94,60,0,0,124,87,0,0,0,0,0,0,0,0,0,0,5,2,0,0,92,31
2607,turn,0,7,0,0,0,61,210,0,0,0,0,0,0,0,0,0,0,0,0,0,0,56,52,0,0,4,38,2,0,0,0,0,0,0,0,0,0,15,1,0,0,158,175,22,0,0,1,2,0,0,0,0,0,0,0,0,0,0,0,0,0,0,3,118
855,turn,159,622,0,0,1,462,0,0,0,0,0,0,0,0,0,0,37,5,0,0,73,237,7,0,0,0,404,0,0,0,0,0,0,0,0,0,1,59,1,0,0,210,1268,75,0,0,1317,2408,0,0,0,0,0,0,0,0,0,3,69,106,0,0,42,1641
167,turn,4774,4263,423,0,204,282,68,0,0,0,0,0,0,0,0,0,9,1,0,0,204,1308,529,1,0,1,199,0,0,0,0,0,0,0,0,0,0,5,0,0,0,19,27,0,0,0,0,0,0,0,0,0,0,0,0,0,0,0,3,0,0,0,13,9
592,turn,380,296,1845,0,0,33,843,93,0,0,0,0,0,0,0,0,30,10,0,0,26,839,107,1,0,1,52,10,0,0,0,0,0,0,0,0,0,207,1,0,0,74,886,26,0,0,0,1,0,0,0,0,0,0,0,0,0,0,0,0,0,0,0,6
467,turn,62,24,0,0,7,17,18,2659,0,0,0,2,0,0,0,0,19,5,0,0,44,710,76,39,0,17,44,123,0,0,0,0,0,0,0,0,0,4,4,0,0,36,750,284,0,0,0,13,0,0,0,0,0,0,0,0,0,0,1,0,0,0,0,0
822,turn,2,163,0,0,0,97,2,0,0,0,0,0,0,0,0,0,1,0,0,0,0,90,39,0,0,6,9,1,0,0,0,0,0,0,0,0,0,7,1,0,0,8,24,0,0,0,0,0,0,0,0,0,0,0,0,0,0,0,2,0,0,0,3,7
822,turn,9,165,0,0,2,79,1,0,0,0,0,0,0,0,0,0,0,0,0,0,4,119,11,0,0,8,9,0,0,0,0,0,0,0,0,0,0,7,0,0,0,19,69,0,0,0,0,0,0,0,0,0,0,0,0,0,0,0,4,0,0,0,0,0
2673,turn,0,0,0,0,0,0,49,120,0,0,0,0,0,0,0,0,0,0,0,0,0,0,36,6,0,0,13,14,0,0,0,0,0,0,0,0,0,0,1,0,0,0,37,27,0,0,0,3,0,0,0,0,0,0,0,0,0,0,0,0,0,0,0,0
983,turn,110,404,11653,0,29,229,397,0,0,0,0,0,0,0,0,0,0,0,0,0,137,3453,368,13,0,184,1169,139,0,0,0,0,0,0,0,0,0,0,0,0,0,894,2366,0,0,0,0,0,0,0,0,0,0,0,0,0,0,0,0,0,0,0,0,0
2338,turn,202,24,1040,9,15,21,116,10,0,0,0,0,0,0,0,0,0,0,0,0,32,73,83,11,8,15,71,71,0,0,0,0,0,0,0,0,0,1,1,0,2,17,210,78,0,0,1,3,0,0,0,0,0,0,0,0,0,0,0,0,0,0,0,1
1693,turn,6,639,88,0,9,47,36,0,0,0,0,0,0,0,0,0,2,0,0,0,142,216,52,0,0,13,42,0,0,0,0,0,0,0,0,0,0,43,0,0,0,54,223,0,0,0,0,0,0,0,0,0,0,0,0,0,0,0,0,0,0,0,0,0
390,turn,73,145,0,0,3,12,0,0,0,0,0,0,0,0,0,0,0,0,0,0,1,51,2,0,0,0,5,0,0,0,0,0,0,0,0,0,0,1,0,0,0,4,204,1,0,0,0,0,0,0,0,0,0,0,0,0,0,0,2,0,0,0,0,0
2668,turn,101,769,1380,0,1,89,100,0,0,0,0,0,0,0,0,0,15,1,0,0,7,262,329,0,0,1,165,2,0,0,0,0,0,0,0,0,0,6,0,0,0,2,167,19,0,0,0,4,0,0,0,0,0,0,0,0,0,0,2,1,0,0,0,321
2456,turn,123,1930,1,0,6,170,11,0,0,0,0,0,0,0,0,0,0,2,0,0,18,458,250,0,0,4,4,0,0,0,0,0,0,0,0,0,0,4,1,0,0,15,95,19,0,0,5,1,0,0,0,0,0,0,0,0,0,0,5,1,0,0,18,127
589,turn,11,3,1,1,0,3,60,47,0,0,0,0,0,0,0,0,1,0,0,0,6,11,28,1,0,0,10,7,0,0,0,0,0,0,0,0,5,2,1,0,1,0,13,15,0,0,0,0,0,0,0,0,0,0,0,0,0,0,0,0,0,0,9,4
1437,turn,1,665,3,0,3,1244,4,0,0,0,0,0,0,0,0,0,0,0,0,0,41,927,206,0,0,58,133,0,0,0,0,0,0,0,0,0,0,18,3,0,0,102,801,0,0,0,0,0,0,0,0,0,0,0,0,0,0,0,12,0,0,0,0,0
1532,turn,0,0,3,0,0,3,443,610,0,0,0,0,0,0,0,0,0,0,0,0,0,14,92,6,0,0,13,18,0,0,0,0,0,0,0,0,0,3,0,0,0,58,219,59,0,0,0,13,0,0,0,0,0,0,0,0,0,12,286,0,0,0,212,51
1053,turn,711,2,0,0,0,0,22,1139,0,0,0,1860,0,0,0,0,245,5,0,0,153,255,37,6,0,0,73,918,0,0,0,0,0,0,0,0,8,90,6,0,0,48,209,144,0,0,0,123,0,0,0,0,0,0,0,0,0,25,13,1,0,0,229,678
389,turn,0,0,39,0,0,8,669,810,0,0,0,1,0,0,0,0,0,0,0,0,3,197,157,8,0,14,68,24,0,0,0,0,0,0,0,0,0,3,2,0,0,65,278,47,0,0,8,22,0,0,0,0,0,0,1,0,0,5,23,0,0,0,45,100
3142,turn,181,22,0,0,60,459,17,0,0,0,0,0,0,0,0,0,5,8,0,0,125,1334,252,0,2,18,26,0,0,0,0,0,0,0,0,0,0,3,0,0,0,8,428,0,0,0,0,0,0,0,0,0,0,0,0,0,0,0,0,0,0,0,0,0
1039,turn,0,1,34,0,0,0,40,0,0,0,0,0,0,0,0,0,0,1,0,0,0,5,26,0,0,0,2,2,0,0,0,0,0,0,0,0,0,16,3,0,0,0,9,5,0,0,0,0,0,0,0,0,0,0,0,0,0,0,0,0,0,0,0,0
892,turn,699,56,4759,0,8,23,105,2,0,0,0,0,0,0,0,0,7,3,0,0,4,276,152,8,0,39,104,21,0,0,0,0,0,0,0,0,0,9,2,0,0,301,1900,66,0,0,0,6,0,0,0,0,0,0,0,0,0,0,0,0,0,0,0,0
2108,turn,936,80,4,0,17,27,9,38,0,0,0,1869,0,0,0,0,67,14,0,0,131,358,24,18,0,10,35,2424,0,0,0,0,5,1,0,0,8,73,12,0,0,60,133,105,0,0,3,123,1,0,0,0,1,7,0,0,0,1,27,6,0,0,16,1274
875,turn,176,6143,13,0,1,232,55,0,0,0,0,0,0,0,0,0,127,66,0,0,44,1150,407,0,0,2,149,0,0,0,0,0,2,3,0,0,14,727,39,0,0,50,1652,26,0,0,0,4,0,0,0,0,0,91,0,0,0,9,49,1,0,0,4,110
3144,turn,1020,77,0,0,102,224,19,0,0,0,0,0,0,0,0,0,77,7,0,0,636,3646,6827,0,29,16,222,0,0,0,0,0,0,0,0,0,26,68,3,0,62,177,2694,18,0,2,15,1,0,0,0,0,0,0,0,0,7,22,11,1,0,14,57,77
498,turn,286,50,178,0,45,63,721,1,0,0,0,0,0,0,0,0,0,0,0,0,28,103,187,15,0,6,44,24,0,0,0,0,0,0,0,0,0,0,0,0,0,2,167,15,0,0,0,0,0,0,0,0,0,0,0,0,0,0,0,0,0,0,0,0
1100,turn,1,11,0,0,0,16,379,5,0,0,0,0,0,0,0,0,4,8,0,0,3,131,138,0,0,0,35,0,0,0,0,0,0,0,0,0,0,21,6,0,0,9,84,1,0,0,0,0,0,0,0,0,0,0,0,0,0,0,1,0,0,0,0,2
1348,turn,75,20,0,0,16,29,253,724,0,0,0,0,0,0,0,0,0,0,0,0,13,195,177,11,0,0,77,39,0,0,0,0,0,0,0,0,0,0,0,0,0,0,180,24,0,0,0,0,0,0,0,0,0,0,0,0,0,0,0,0,0,0,0,0
829,turn,142,17,0,0,0,86,577,0,0,0,0,0,0,0,0,0,0,5,0,0,1,190,79,0,0,1,29,0,0,0,0,0,0,0,0,0,0,0,0,0,0,2,180,0,0,0,1,1,0,0,0,0,0,0,0,0,0,0,0,0,0,0,1,14
1296,turn,10,2,0,0,1,4,118,651,0,0,0,1,0,0,0,0,5,4,0,0,14,139,22,18,0,1,18,60,0,0,0,0,0,0,0,0,0,10,1,0,0,59,91,86,0,0,0,42,0,0,0,0,0,0,0,0,0,0,0,0,0,0,4,159
316,turn,0,0,0,0,0,0,0,0,0,0,0,0,0,0,0,0,0,0,0,0,0,16,991,0,0,0,15,0,0,0,0,0,0,0,0,0,0,0,10,0,0,0,538,11,0,0,0,0,0,0,0,0,0,0,0,0,0,0,41,3,0,0,3,264
2131,turn,78,1355,4,0,0,67,4,0,0,0,0,0,0,0,0,0,0,1,0,0,0,609,228,0,0,6,157,0,0,0,0,0,0,0,0,0,25,8,5,0,0,35,115,0,0,0,0,0,0,0,0,0,0,0,0,0,0,14,77,0,0,0,12,0
3005,turn,2,45,2,0,0,2,2,0,0,0,0,0,0,0,0,0,0,0,0,0,0,4,1,0,0,0,6,1,0,0,0,0,0,0,0,0,0,0,0,0,0,0,15,1,0,0,0,0,0,0,0,0,0,0,0,0,0,0,0,0,0,0,0,0
2938,turn,202,72,7,0,0,1218,3350,0,0,0,0,0,0,0,0,0,27,1,0,0,14,468,577,0,0,140,206,0,0,0,0,0,0,0,0,0,0,30,3,0,0,388,477,29,0,0,2,6,0,0,0,0,0,0,0,0,0,0,0,0,0,0,9,695
1411,turn,35,1,0,0,0,1,75,935,0,0,0,0,0,0,0,0,0,0,0,0,1,307,17,13,0,1,17,54,0,0,0,0,0,0,0,0,0,4,0,0,0,0,34,208,0,0,2,101,0,0,0,0,0,0,0,0,0,0,0,0,0,0,0,0
2663,turn,177,133,126,0,0,10,480,331,0,0,0,0,0,0,0,0,104,16,0,0,24,118,164,7,0,0,24,4,0,0,0,0,0,0,0,0,0,44,10,0,0,13,368,55,0,0,0,0,0,0,0,0,0,0,0,0,0,0,161,18,0,0,1,6
651,turn,89,33,405,0,0,18,156,0,0,0,0,0,0,0,0,0,2,0,0,0,24,52,42,0,1,3,33,3,0,0,0,0,0,0,0,0,0,6,0,0,1,18,150,1,0,0,0,0,0,0,0,0,0,0,0,0,0,0,8,0,0,0,3,8
1895,turn,371,350,232,0,55,313,3516,3852,0,0,0,0,0,0,0,0,119,71,0,0,139,1433,2909,457,0,16,272,180,0,0,0,0,0,0,0,0,0,35,15,0,0,74,2598,411,0,0,107,224,0,0,0,0,0,0,0,0,0,0,754,7,0,0,983,205
1307,turn,62,46,606,0,0,14,3743,17,0,0,0,0,0,0,0,0,0,0,0,0,0,290,259,29,0,4,201,104,0,0,0,0,0,0,0,0,0,1,2,0,0,4,2078,140,0,0,0,0,0,0,0,0,0,0,0,0,0,0,0,0,0,0,0,0
76,turn,35,119,0,0,0,6,0,0,0,0,0,0,0,0,0,0,1,0,0,0,0,24,10,0,0,0,0,0,0,0,0,0,0,0,0,0,0,0,0,0,0,0,0,0,0,0,0,0,0,0,0,0,0,0,0,0,0,0,0,0,0,0,0,0
1651,turn,2170,240,0,0,5,40,0,0,0,0,0,0,0,0,0,0,7,8,0,0,21,1231,16,0,0,2,5,0,0,0,0,0,0,0,0,0,0,7,1,0,0,3,20,4,0,0,0,0,0,0,0,0,0,0,0,0,0,0,7,0,0,0,3,98
529,turn,0,0,0,0,0,0,1,1,0,0,0,1,0,0,0,0,0,0,0,0,1,16,4,1,0,0,2,319,0,0,0,0,0,0,0,0,0,1,0,0,0,0,76,23,0,0,2,24,0,0,0,0,0,0,0,0,0,0,8,0,0,0,8,58
2387,turn,0,2626,13,0,0,362,1,0,0,0,0,0,0,0,0,0,0,0,0,0,0,625,685,0,0,3,39,0,0,0,0,0,0,0,0,0,0,15,1,0,0,8,163,7,0,0,2,5,0,0,0,0,0,0,0,0,0,0,5,0,0,0,1,551
1399,turn,2,1547,3,0,0,71,6,0,0,0,0,0,0,0,0,0,3,0,0,0,41,299,27,0,0,0,14,0,0,0,0,0,0,0,0,0,0,155,9,0,0,308,96,0,0,0,0,0,0,0,0,0,0,0,0,0,0,4,69,0,0,0,47,2
181,turn,809,1138,687,0,0,83,561,0,0,0,0,0,0,0,0,0,116,1,0,0,34,198,210,2,0,6,509,13,0,0,0,0,31,16,0,0,0,52,1,0,0,1,227,17,0,0,0,0,0,0,0,0,0,0,0,0,0,0,5,0,0,0,0,0
1435,turn,166,229,151,0,48,29,58,0,0,0,0,0,0,0,0,0,8,0,0,0,123,106,31,0,0,17,40,4,0,0,0,0,0,0,0,0,0,7,0,0,1,18,53,0,0,0,0,0,0,0,0,0,0,0,0,0,0,0,0,0,0,0,0,0
2600,turn,277,19,2211,0,5,12,814,4,0,0,0,0,0,0,0,0,0,0,0,0,0,45,92,26,0,3,67,60,0,0,0,0,0,0,0,0,0,0,1,0,0,5,1348,399,0,0,4,20,0,0,0,0,0,0,0,0,0,0,15,0,0,0,22,55
609,turn,0,35,2195,0,0,12,92,3,0,0,0,0,0,0,0,0,2,0,0,0,9,168,86,1,0,0,17,4,0,0,0,0,0,0,0,0,0,68,5,0,0,57,783,52,0,0,0,0,0,0,0,0,0,0,0,0,0,0,519,4,0,0,29,19
632,turn,4,116,0,0,0,69,1135,213,0,0,0,0,0,0,0,0,0,3,0,0,0,139,354,25,0,0,136,50,0,0,0,0,0,0,0,0,0,0,0,0,0,0,354,273,0,0,0,18,0,0,0,0,0,0,0,0,0,0,203,5,0,0,2,37
650,turn,105,81,161,0,22,101,43,0,0,0,0,0,0,0,0,0,20,1,0,0,42,119,26,0,0,2,40,0,0,0,0,0,0,0,0,0,0,7,0,0,0,28,66,0,0,0,0,0,0,0,0,0,0,0,0,0,0,0,0,0,0,0,0,0
2605,turn,0,683,6,0,0,38,4,0,0,0,0,0,0,0,0,0,0,1,0,0,1,174,96,0,0,0,33,0,0,0,0,0,0,0,0,0,0,21,2,0,0,17,254,2,0,0,0,0,0,0,0,0,0,0,0,0,0,0,0,0,0,0,0,0
2442,turn,0,9,23,0,0,14,1645,32,0,0,0,1,0,0,0,0,0,0,0,0,0,435,240,22,0,0,86,381,0,0,0,1,0,0,0,0,0,70,86,0,0,2,571,65,0,0,0,32,0,0,0,0,0,0,0,0,0,0,0,1,0,0,0,34
1002,turn,221,84,154,0,0,53,936,0,0,0,0,0,0,0,0,0,0,0,0,0,0,235,430,9,0,0,33,18,0,0,0,0,0,0,0,0,0,0,0,0,0,0,169,107,0,0,0,0,0,0,0,0,0,0,0,0,0,0,0,0,0,0,0,0
1244,turn,2,2,0,0,0,1,0,0,0,0,0,0,0,0,0,0,1,0,0,0,2,100,9,0,0,0,2,520,0,0,0,0,0,0,0,0,0,3,1,0,0,6,88,102,0,0,0,101,0,0,0,0,0,0,0,0,0,1,25,1,0,0,11,198
182,turn,16,32,2169,0,1,16,155,1,0,0,0,0,0,0,0,0,18,1,0,0,33,367,200,0,2,8,138,11,0,0,0,0,0,0,0,0,1,37,4,0,0,72,595,18,0,1,3,0,0,0,0,0,0,0,0,0,0,0,4,0,0,0,1,0
2113,turn,373,44,217,0,14,33,213,3469,0,0,0,2,0,0,0,0,33,15,0,0,153,689,139,24,0,7,105,156,0,0,0,0,0,0,0,0,0,15,0,0,0,53,938,206,0,0,1,17,0,0,0,0,0,0,0,0,0,0,0,0,0,0,0,0
2550,turn,215,5,0,0,13,14,68,6,0,0,43,5,0,0,0,0,171,2,0,0,446,326,412,58,1,15,3241,542,0,0,0,0,0,0,0,0,2,55,1,0,13,284,1155,27,0,0,1,0,0,0,0,0,0,0,0,0,0,0,0,0,0,0,3,4
531,turn,48,5,0,0,0,0,0,0,0,0,0,4,0,0,0,0,14,1,0,0,43,62,1,0,0,0,0,888,0,0,0,0,0,0,0,0,0,33,2,0,0,34,32,33,0,0,0,52,0,0,0,0,0,0,0,0,0,7,33,0,0,0,64,366
2389,turn,115,2352,1304,0,0,37,45,2,0,0,0,0,0,0,0,0,24,3,0,0,184,259,65,1,0,2,36,2,0,0,0,0,0,0,0,0,1001,419,1,0,0,424,293,1,0,0,0,0,0,0,0,0,0,0,0,0,0,0,0,0,0,0,0,0
2935,turn,96,0,0,0,7,61,3128,90,0,0,15,12,0,0,0,0,122,0,0,0,274,406,397,4,0,4,136,69,0,0,0,0,0,0,0,0,0,75,10,0,0,229,1115,58,0,0,1,5,0,0,0,0,0,0,0,0,0,0,147,0,0,0,60,544
753,turn,2,0,0,0,0,0,26,24,0,0,0,0,0,0,0,0,0,0,0,0,0,80,37,0,0,1,10,544,0,0,0,0,0,0,0,0,0,36,4,0,0,2,92,149,0,0,0,91,0,0,0,0,0,0,0,0,0,0,8,2,0,0,43,181
1592,turn,267,8,36,0,102,87,2079,0,0,0,0,0,0,0,0,0,0,0,0,0,48,174,216,1,0,25,366,5,0,0,0,0,0,0,0,0,0,1,0,0,0,13,200,2,0,0,3,1,0,0,0,0,0,0,0,0,0,0,2,0,0,0,23,37
624,turn,84,5734,665,0,4,176,43,0,0,0,0,0,0,0,0,0,12,2,0,0,29,1482,339,0,0,42,152,4,0,0,0,0,0,0,0,0,0,390,1,0,0,431,2188,3,0,0,141,27,0,0,0,0,0,0,0,0,0,0,1,0,0,0,20,81
2733,turn,115,20,2,0,33,8,191,1912,0,0,0,1,0,0,0,0,22,1,0,0,321,188,83,32,56,48,69,43,0,0,0,0,0,0,0,0,0,8,0,0,25,206,346,235,0,4,25,53,0,0,0,0,0,0,0,0,0,1,84,6,0,0,111,41
2112,turn,282,240,215,0,2,52,195,0,0,0,0,0,0,0,0,0,0,3,0,0,0,101,105,1,0,2,31,1,0,0,0,0,0,0,0,0,0,0,0,0,0,0,103,0,0,0,0,0,0,0,0,0,0,0,0,0,0,0,0,0,0,0,0,0
1290,turn,156,115,234,0,0,178,3847,0,0,0,0,0,0,0,0,0,236,1,0,0,165,427,143,0,0,1,59,4,0,0,0,0,0,0,0,0,0,92,0,0,0,502,1278,48,0,0,0,0,0,0,0,0,0,0,0,0,0,3,90,0,0,0,42,59
2598,turn,0,0,0,0,0,0,0,0,0,0,0,0,0,0,0,0,0,0,0,0,0,0,0,0,0,0,0,214,0,0,0,0,0,0,0,0,0,0,0,0,0,0,0,44,0,0,0,50,0,0,0,0,0,0,0,0,0,0,0,0,0,0,0,198
1241,turn,322,1099,28,0,1,62,6,0,0,0,0,0,0,0,0,0,16,10,0,0,12,411,88,0,0,0,0,0,0,0,0,0,0,0,0,0,0,5,0,0,0,1,11,0,0,0,0,0,0,0,0,0,0,0,0,0,0,0,0,0,0,0,0,0
3074,turn,79,14,45,0,0,56,866,0,0,0,0,0,0,0,0,0,3,0,0,0,0,219,219,6,0,0,31,14,0,0,0,0,0,0,0,0,0,151,16,0,0,1,164,8,0,0,0,0,0,0,0,0,0,0,0,0,0,0,0,0,0,0,0,0
690,turn,0,0,6,11,0,0,490,4614,0,0,0,0,0,0,0,0,0,0,0,0,0,637,419,57,0,11,255,173,0,0,0,0,0,0,0,0,0,30,17,0,0,55,1119,815,0,0,19,605,0,0,0,0,0,0,0,0,0,0,0,10,0,0,4,58
2313,turn,0,2,0,0,0,5,2,0,0,0,0,0,0,0,0,0,0,0,0,0,3,40,24,6,0,0,8,7,0,0,0,0,0,0,0,0,0,0,0,0,0,0,1,12,0,0,0,3,0,0,0,0,0,0,0,0,0,0,0,0,0,0,0,4
2063,turn,1729,7041,0,0,0,236,0,0,0,0,0,0,0,0,0,0,117,53,0,0,127,3812,24,0,0,5,2,0,0,0,0,0,0,0,0,0,0,59,7,0,0,27,30,0,0,0,0,0,0,0,0,0,0,0,0,0,0,0,0,0,0,0,5,10
1167,turn,1,3,227,0,0,7,463,0,0,0,0,0,0,0,0,0,0,0,0,0,6,32,214,0,0,0,12,2,0,0,0,0,0,0,0,0,0,75,2,0,0,157,290,42,0,0,10,14,0,0,0,0,0,0,0,0,0,35,106,0,0,0,9,1
1426,turn,0,0,0,0,0,0,99,248,0,0,19,1894,0,0,0,0,0,0,0,0,28,80,23,3,0,2,69,53,0,0,0,0,0,0,0,0,2,55,0,0,0,132,292,129,0,0,5,125,0,0,0,0,0,0,0,0,0,0,15,0,0,0,25,860
45,turn,18,509,1724,0,0,78,98,0,0,0,0,0,0,0,0,0,49,10,0,0,12,325,316,1,0,0,60,7,0,0,0,0,0,0,0,0,0,20,6,0,0,5,830,12,0,0,0,0,0,0,0,0,0,0,0,0,0,0,9,2,0,0,7,118
2058,turn,162,20,119,0,5,20,802,79,0,0,0,0,0,0,0,0,3,0,0,0,21,93,99,3,0,4,98,37,0,0,0,0,0,0,0,0,0,0,0,0,0,10,223,2,0,0,0,2,0,0,0,0,0,0,0,0,0,0,0,0,0,0,0,4
548,turn,123,73,215,0,0,32,63,0,0,0,0,0,0,0,0,0,4,0,0,0,0,60,65,1,0,0,34,5,0,0,0,0,0,0,0,0,0,3,1,0,0,2,94,9,0,0,0,0,0,0,0,0,0,0,0,0,0,0,6,0,0,0,7,43
2105,turn,39,83,1,0,0,12,2,0,0,0,0,0,0,0,0,0,5,1,0,0,5,23,7,0,0,0,2,0,0,0,0,0,0,0,0,0,0,0,0,0,0,0,0,0,0,0,0,0,0,0,0,0,0,0,0,0,0,0,0,0,0,0,0,0
1662,turn,104,136,42,0,5,368,1517,0,0,0,0,0,0,0,0,0,0,4,0,0,0,288,529,1,0,3,172,25,0,0,0,0,0,0,0,0,0,4,2,0,0,62,550,31,0,0,0,0,0,0,0,0,0,0,0,0,0,0,0,0,0,0,0,0
2215,turn,0,0,0,0,0,0,388,754,0,0,0,1,0,0,0,0,0,0,0,0,0,37,368,83,0,1,255,277,0,0,0,0,0,0,0,0,0,0,1,0,0,9,430,391,0,0,6,36,0,0,0,0,0,0,0,0,0,0,3,0,0,0,0,40
1907,turn,10,16,0,0,0,5,68,705,0,0,0,0,0,0,0,0,6,7,0,0,2,563,1303,813,0,1,255,181,0,0,0,0,0,0,0,0,0,34,22,0,0,18,1420,206,0,0,13,24,0,0,0,0,0,0,0,0,0,7,68,10,0,0,49,654
1583,turn,4,0,0,0,0,0,1651,0,0,0,0,0,0,0,0,0,28,0,0,0,46,270,3001,0,0,3,541,18,0,0,0,0,0,0,0,0,0,148,8,0,0,233,1844,84,0,0,5,15,0,0,0,0,0,0,0,0,0,0,156,1,0,0,148,684
1583,turn,0,0,0,0,0,0,0,0,0,0,0,0,0,0,0,0,0,0,0,0,0,0,0,0,0,0,0,0,0,0,0,0,0,0,0,0,0,0,0,0,0,0,3,39,0,0,0,144,0,0,0,0,0,0,0,0,0,0,0,0,0,0,0,222
2702,turn,15,1013,0,0,0,45,14,0,0,0,0,0,0,0,0,0,0,2,0,0,0,125,105,0,0,0,24,0,0,0,0,0,0,0,0,0,0,19,4,0,0,80,455,0,0,0,0,0,0,0,0,0,0,0,0,0,0,0,0,0,0,0,0,3
3110,turn,33,4,0,0,10,8,168,360,0,0,0,0,0,0,0,0,9,1,0,0,64,59,38,10,0,0,37,32,0,0,0,0,0,0,0,0,0,5,0,0,0,57,51,88,0,0,0,15,0,0,0,0,0,0,0,0,0,3,3,1,0,0,0,0
1057,turn,0,0,0,0,0,0,0,0,0,0,0,0,0,0,0,0,3,1,0,0,24,437,0,0,0,0,0,3816,0,0,0,2479,0,0,0,0,0,58,2,0,0,18,78,167,0,0,0,398,0,0,0,0,0,0,0,0,0,0,36,3,0,0,99,4189
1580,turn,14,14,0,0,5,17,1,0,0,0,0,0,0,0,0,0,1,0,0,0,7,65,15,4,0,1,66,35,0,0,0,0,0,0,0,0,0,0,0,0,0,1,45,13,0,0,2,0,0,0,0,0,0,0,0,0,0,0,0,0,0,0,0,0
2412,turn,593,2445,1,0,0,231,59,0,0,0,0,0,0,0,0,0,0,0,0,0,19,324,582,0,0,0,4,0,0,0,0,0,0,0,0,0,0,6,0,0,0,18,89,0,0,0,0,0,0,0,0,0,0,0,0,0,0,0,0,0,0,0,0,0
3130,turn,77,1257,0,0,3,25,1,0,0,0,0,0,0,0,0,0,68,0,0,0,79,183,37,0,0,8,37,0,0,0,0,0,0,0,0,0,0,30,1,0,0,34,322,0,0,0,0,0,0,0,0,0,0,0,0,0,0,0,0,0,0,0,0,0
2238,turn,0,0,2,0,1,8,261,0,0,0,0,0,0,0,0,0,0,0,0,0,1,14,40,0,0,6,38,1,0,0,0,0,0,0,0,0,1,2,0,0,0,23,118,3,0,0,5,0,0,0,0,0,0,0,0,0,10,3,3,0,0,0,16,44
738,turn,0,1,11,0,0,10,514,0,0,0,0,0,0,0,0,0,0,0,0,0,0,11,61,0,0,0,33,2,0,0,0,0,0,0,0,0,0,0,0,0,1,20,147,6,0,1,2,1,0,0,0,0,0,0,0,0,0,7,3,0,0,23,33,105
608,turn,0,17,24,0,0,57,189,0,0,0,0,0,0,0,0,0,0,3,0,0,0,238,257,0,0,0,26,0,0,0,0,0,0,0,0,0,0,0,1,0,0,0,85,3,0,0,0,0,0,0,0,0,0,0,0,0,0,0,0,0,0,0,0,0
2360,turn,0,0,0,0,0,0,0,0,0,0,0,0,0,0,0,0,0,0,0,0,0,0,0,0,0,0,0,68,0,0,0,0,0,0,0,0,0,0,0,0,0,0,14,30,0,0,0,23,0,0,0,0,0,0,0,0,0,0,4,0,0,0,4,67
2345,turn,1,115,791,0,2,21,63,1,0,0,0,0,0,0,0,0,7,0,0,0,102,181,73,15,0,2,43,23,0,0,0,0,0,0,0,0,3,31,1,0,0,79,253,41,0,0,0,0,0,0,0,0,0,0,0,0,0,0,1,0,0,0,0,0
1229,turn,1,88,0,0,0,1655,3914,0,0,0,0,0,0,0,0,0,0,0,0,0,180,2303,1588,0,0,9,116,0,0,0,0,0,0,0,0,0,40,259,4,0,0,1468,901,9,0,0,1,25,0,0,0,0,0,0,0,0,0,12,215,6,0,0,302,2000
80,turn,156,911,4,0,0,53,5,0,0,0,0,0,0,0,0,0,23,1,0,0,35,255,61,0,0,2,14,0,0,0,0,0,0,0,0,0,0,24,9,0,0,12,34,0,0,0,0,0,0,0,0,0,0,0,0,0,0,0,0,0,0,0,0,0
1623,turn,0,221,373,0,0,131,536,0,0,0,0,0,0,0,0,0,0,0,0,0,11,57,81,0,0,0,50,0,0,0,0,0,0,0,0,0,0,43,0,0,0,183,487,5,0,0,0,0,0,0,0,0,0,0,0,0,0,2,70,0,0,0,0,0
1655,turn,227,171,190,0,0,172,10683,16,0,0,0,0,0,0,0,0,73,1,0,0,304,209,536,19,0,1,471,180,0,0,0,0,0,0,0,0,4,173,11,0,0,750,3170,176,0,0,0,0,0,0,0,0,0,0,0,0,0,0,1865,0,0,0,2,0
3163,turn,103,5,25,0,2,10,1241,14,0,0,0,0,0,0,0,0,19,4,0,0,26,165,182,0,0,0,73,0,0,0,0,0,0,0,0,0,0,19,3,0,0,43,377,1,0,0,2,0,0,0,0,0,0,0,0,0,0,0,14,0,0,0,4,0
2781,turn,4464,81,71,0,317,322,23604,45,0,0,0,0,0,0,0,0,118,8,0,0,1962,1759,417,37,0,85,297,183,0,0,0,0,5,0,0,0,7,102,1,0,0,271,5865,838,0,0,475,410,0,0,0,0,0,11,0,0,0,0,116,12,0,0,70,23
1187,turn,31,22,0,0,1,3,0,0,0,0,0,0,0,0,0,0,3,9,0,0,6,299,0,0,0,0,0,1531,0,0,0,162,0,0,0,0,0,169,10,0,0,51,63,45,0,0,0,203,0,0,0,0,0,0,0,0,0,0,22,4,0,0,5,709
1083,turn,3,15,135,1,1,13,31,0,0,0,0,0,0,0,0,0,0,0,0,0,2,22,19,3,0,0,4,4,0,0,0,0,0,0,0,0,0,0,0,0,0,0,13,23,0,0,0,0,0,0,0,0,0,0,0,0,0,0,0,0,0,0,0,0
2548,turn,32,7,0,0,9,10,112,276,0,0,0,0,0,0,0,0,9,8,0,0,49,89,48,17,0,0,63,51,0,0,0,0,0,0,0,0,0,0,0,0,0,1,34,56,0,0,6,22,0,0,0,0,0,0,0,0,0,0,0,0,0,0,0,0
1708,turn,100,19,0,0,0,6,0,0,0,0,0,0,0,0,0,0,11,5,0,0,1,81,3,0,0,0,4,0,0,0,0,0,0,0,0,0,0,11,0,0,0,2,9,0,0,0,0,0,0,0,0,0,0,0,0,0,0,0,0,0,0,0,0,0
1846,turn,62,8,0,0,0,3,1,721,0,0,0,238,0,0,0,0,13,6,0,0,22,142,7,13,0,1,5,79,0,0,0,0,0,0,0,0,1,20,3,0,0,27,99,60,0,0,2,61,0,0,0,0,0,0,0,0,0,1,6,0,0,0,5,256
3096,turn,0,0,0,0,0,3,208,0,0,0,0,0,0,0,0,0,0,0,0,0,0,23,138,0,0,0,10,0,0,0,0,0,0,0,0,0,0,37,5,0,0,14,162,1,0,0,0,0,0,0,0,0,0,2,0,0,0,0,22,0,0,0,0,0
2328,turn,1,71,8,0,3,7,5,0,0,0,0,0,0,0,0,0,0,0,0,0,6,45,15,0,0,1,1,0,0,0,0,0,4,0,0,0,1,14,0,0,0,0,20,2,0,0,0,0,0,0,0,0,0,0,0,0,0,0,0,0,0,0,0,0
593,turn,218,856,1187,0,1,38,91,0,0,0,0,0,0,0,0,0,89,4,0,0,126,322,291,0,0,16,291,0,0,0,0,0,0,0,0,0,0,43,21,0,0,52,314,0,0,0,0,0,0,0,0,0,0,0,0,0,0,0,62,0,0,0,36,23
3168,turn,0,0,5,0,0,10,72,0,0,0,0,0,0,0,0,0,3,3,0,0,0,90,85,0,0,0,11,0,0,0,0,0,0,0,0,0,0,19,3,0,0,2,37,1,0,0,0,0,0,0,0,0,0,0,0,0,0,0,0,0,0,0,0,1
1691,turn,0,3,161,0,0,40,6439,0,0,0,0,0,0,0,0,0,0,0,0,0,13,189,317,0,0,19,361,53,0,0,0,0,0,0,0,0,2,28,0,0,0,894,2188,62,0,1,2,0,0,0,0,0,0,0,0,0,0,113,576,0,0,3,613,1
394,turn,0,0,0,0,0,0,0,0,0,0,0,0,0,0,0,0,0,0,0,0,0,122,27,0,0,6,719,0,0,0,0,0,0,0,0,0,0,1,5,0,0,2,1022,21,0,0,8,149,0,0,0,0,0,0,0,0,0,0,2,5,0,0,3,1044
2246,turn,0,63,25,0,0,189,2368,15,0,0,0,0,0,0,0,0,0,13,0,0,1,914,650,17,0,17,328,47,0,0,0,0,0,0,0,0,0,19,0,0,0,12,212,1,0,0,0,0,0,0,0,0,0,0,0,0,0,0,0,0,0,0,0,0
3141,turn,35,0,4,0,20,11,82,337,0,0,0,0,0,0,0,0,0,0,0,0,5,48,16,6,0,0,33,31,0,0,0,0,0,0,0,0,0,1,1,0,0,1,28,58,0,0,4,33,0,0,0,0,0,0,1,0,0,0,1,0,0,0,0,0
699,turn,601,9,3,0,32,24,3460,275,0,0,0,0,0,0,0,0,6,0,0,0,88,373,110,27,0,19,56,345,0,0,0,0,0,0,0,0,0,12,0,0,0,19,338,384,0,0,2,222,0,0,0,0,0,0,0,0,0,11,113,0,0,0,18,797
1757,turn,1,0,0,0,0,0,7,2166,0,0,0,2,0,0,0,0,10,0,0,0,5,5,15,845,0,0,14,181,0,0,0,0,0,0,0,0,0,21,1,0,0,52,166,179,0,0,10,107,0,0,0,0,0,0,0,0,0,1,112,0,0,0,99,1468
1463,turn,2,344,2006,0,1,274,564,0,0,0,0,0,0,0,0,0,3,2,0,0,60,564,266,0,0,12,71,0,0,0,0,0,0,0,0,0,10,217,17,0,3,842,1290,0,0,0,0,0,0,0,0,0,0,0,0,0,0,143,653,0,0,0,343,57
2305,turn,10,0,3,2,0,0,37,623,0,0,0,0,0,0,0,0,5,0,0,0,22,39,21,11,0,0,11,53,0,0,0,0,0,0,0,0,1,43,0,0,0,65,116,66,0,0,0,17,0,0,0,0,0,0,0,0,0,0,10,0,0,0,25,185
255,turn,0,0,0,0,0,0,6,0,0,0,0,0,0,0,0,0,0,0,0,0,0,5,17,0,0,0,3,4,0,0,0,0,0,0,0,0,0,0,0,0,0,0,13,10,0,0,0,0,0,0,0,0,0,0,0,0,0,0,1,0,0,0,2,3
1363,turn,2034,41,0,0,206,616,0,0,0,0,0,0,0,0,0,0,443,7,0,0,199,1557,37,0,0,0,6,0,0,0,0,0,0,0,0,0,0,17,3,0,0,9,4,0,0,0,0,0,0,0,0,0,0,0,0,0,0,0,4,0,0,0,0,0
3101,turn,1,2,67,137,0,0,14,0,0,0,0,0,0,0,0,0,0,0,0,0,1,4,31,10,0,0,0,10,0,0,0,0,0,0,0,0,0,63,6,1,0,5,47,32,0,0,0,3,0,0,0,0,0,11,0,0,0,0,7,1,0,0,2,5
2118,turn,99,17,360,5,2,38,163,323,0,0,0,0,0,0,0,0,3,6,0,0,7,213,93,31,0,0,81,287,0,0,0,0,0,0,0,0,0,16,0,0,0,7,230,41,0,0,0,38,0,0,0,0,0,0,0,0,0,0,0,0,0,0,2,100
1000,turn,25,2,3,0,0,13,226,0,0,0,0,0,0,0,0,0,8,0,0,0,19,113,528,0,0,0,16,1,0,0,0,0,0,0,0,0,0,62,28,0,0,21,220,18,0,0,0,1,0,0,0,0,0,0,0,0,0,1,219,1,0,0,57,2
935,turn,0,23,24,0,0,13,55,0,0,0,0,0,0,0,0,0,0,0,0,0,1,76,70,1,0,1,7,2,0,0,0,0,0,0,0,0,0,15,6,0,0,10,28,23,0,0,0,1,0,0,0,0,0,0,0,0,0,0,3,1,0,0,0,0
66,turn,0,0,3,0,0,78,1606,0,0,0,0,0,0,0,0,0,0,0,0,0,1,451,504,0,0,1,71,8,0,0,0,0,0,0,0,0,0,104,4,0,0,255,1203,30,0,0,0,0,0,0,0,0,0,0,0,0,0,0,101,2,0,0,66,286
2277,turn,1,0,181,0,0,2,94,3,0,0,0,0,0,0,0,0,0,0,0,0,22,26,40,0,0,2,17,1,0,0,0,0,0,0,0,0,0,1,0,0,0,32,82,5,0,0,1,0,0,0,0,0,0,0,0,0,0,0,1,0,0,0,15,2
1588,turn,0,0,0,0,0,0,0,0,0,0,0,0,0,0,0,0,0,0,0,0,4,19,0,0,0,2,1,224,0,0,0,0,0,0,0,0,0,0,0,0,0,1,6,42,0,0,0,22,0,0,0,0,0,0,0,0,0,0,5,0,0,0,14,59
1588,turn,0,0,0,0,0,1,13,1,0,0,0,0,0,0,0,0,0,0,0,0,0,1,15,0,0,0,3,0,0,0,0,0,0,0,0,0,0,0,1,0,0,0,9,3,0,0,0,0,0,0,0,0,0,0,0,0,0,1,1,0,0,0,0,0
1949,turn,160,1671,1052,0,0,98,215,0,0,0,0,0,0,0,0,0,244,0,0,0,433,539,69,0,0,4,29,0,0,0,0,0,0,0,0,0,0,78,1,0,0,709,295,0,0,0,0,0,0,0,0,0,0,0,0,0,0,0,3,0,0,0,0,0
1186,turn,0,0,0,0,0,0,0,0,0,0,0,0,0,0,0,0,0,0,0,0,1,31,0,0,2,6,0,35,0,0,0,26,0,0,0,0,0,8,1,0,0,32,19,14,0,0,3,218,0,0,0,0,0,0,0,0,0,0,2,0,0,0,1,177
1524,turn,0,0,0,0,0,16,50,0,0,0,0,0,0,0,0,0,0,0,0,0,1,68,143,0,0,0,9,0,0,0,0,0,0,0,0,0,0,0,0,0,0,0,55,0,0,0,0,0,0,0,0,0,0,0,0,0,0,0,0,0,0,0,0,0
1764,turn,696,1365,132,0,7,57,63,0,0,0,0,0,0,0,0,0,60,0,0,0,90,445,24,0,0,9,12,1,0,0,0,0,0,0,0,0,0,65,0,0,0,144,112,4,0,0,0,0,0,0,0,0,0,0,0,0,0,7,22,1,0,0,12,27
74,turn,507,1164,1366,0,0,224,851,1,0,0,0,0,0,0,0,0,11,17,1,0,9,872,882,3,0,2,196,0,0,0,0,0,0,0,0,0,0,62,15,0,0,77,530,0,0,0,0,0,0,0,0,0,0,0,0,0,0,0,0,0,0,0,0,0
1092,turn,269,22,24,7,90,12,28,209,0,0,0,24,0,0,0,0,1,5,0,0,408,319,42,2106,87,74,19,3387,0,0,0,0,0,0,0,0,0,20,8,0,32,350,452,230,0,17,20,167,0,0,0,0,0,640,9,0,0,25,182,20,0,2,135,3212
2916,turn,669,1300,0,0,1,80,8,0,0,0,0,0,0,0,0,0,28,5,0,0,57,406,113,0,0,9,10,0,0,0,0,0,0,0,0,0,0,2,0,0,0,0,0,0,0,0,0,0,0,0,0,0,0,0,0,0,0,0,0,0,0,0,0,0
828,turn,112,78,0,0,1,61,382,0,0,0,0,0,0,0,0,0,5,2,0,0,0,91,218,1,0,0,26,5,0,0,0,0,0,0,0,0,0,10,2,0,0,0,87,11,0,0,0,0,0,0,0,0,0,0,0,0,0,0,0,0,0,0,0,0
612,turn,0,20,0,0,0,12,0,0,0,0,0,0,0,0,0,0,0,0,0,0,0,48,8,0,0,0,0,0,0,0,0,0,0,0,0,0,0,0,0,0,0,0,2,0,0,0,0,0,0,0,0,0,0,0,0,0,0,0,0,0,0,0,0,0
634,turn,1265,10643,0,0,10,733,4,0,0,0,0,0,0,0,0,0,47,15,0,0,28,3095,1441,0,0,3,100,0,0,0,0,0,0,0,0,0,0,16,9,0,0,12,1641,11,0,0,0,2,0,0,0,0,0,0,0,0,0,0,24,4,0,0,14,235
1646,turn,0,22,0,0,0,16,42,0,0,0,0,0,0,0,0,0,0,0,0,0,0,21,13,0,0,0,3,0,0,0,0,0,0,0,0,0,0,8,0,0,0,7,16,2,0,0,0,0,0,0,0,0,0,0,0,0,0,0,0,0,0,0,0,0
586,turn,903,264,0,0,8,11,1431,1977,0,0,0,0,0,0,0,0,80,157,0,0,35,805,1243,676,0,5,126,98,0,0,0,0,0,0,0,0,0,84,21,1,0,105,1753,462,0,0,37,35,0,0,0,0,0,0,0,0,0,0,1059,12,0,0,160,6
3134,turn,194,89,15,0,96,308,8834,68,0,0,0,0,0,0,0,0,6,2,0,0,89,776,219,3,0,28,164,61,0,0,0,0,0,0,0,0,0,215,2,0,0,1481,2953,448,0,0,8,29,0,0,0,0,0,0,0,0,0,0,19,7,0,0,3,8
2528,turn,0,0,0,0,0,0,0,39,0,0,0,69,0,0,0,0,0,0,0,0,10,293,18,3,0,0,4,6413,0,0,0,2,0,0,0,0,0,66,9,0,0,65,2108,136,0,0,7,189,0,0,0,0,0,0,0,0,0,0,20,6,0,0,14,2144
2463,turn,0,4,0,0,0,2416,593,0,0,0,0,0,0,0,0,0,0,0,0,0,0,1606,823,0,0,0,56,0,0,0,0,0,0,0,0,0,0,238,273,0,0,0,1355,2,0,0,0,0,0,0,0,0,0,0,0,0,0,0,432,1,0,0,3,18
2705,turn,0,12,84,0,0,19,2686,0,0,0,0,0,0,0,0,0,28,2,0,0,39,119,633,5,0,0,93,18,0,0,0,0,5,0,0,0,220,325,29,0,0,106,902,201,0,0,13,11,0,0,0,0,0,48,0,0,0,36,125,5,0,0,10,1
3060,turn,1,17,0,0,1,6,0,0,0,0,0,0,0,0,0,0,0,1,0,0,6,15,4,0,0,0,0,0,0,0,0,0,0,0,0,0,0,2,1,0,0,4,4,0,0,0,0,0,0,0,0,0,0,0,0,0,0,0,1,0,0,0,0,0
3159,turn,2,580,0,0,0,488,14,0,0,0,0,0,0,0,0,0,0,0,0,0,0,167,127,0,0,2,54,0,0,0,0,0,0,0,0,0,0,57,0,0,0,18,229,23,0,0,0,0,0,0,0,0,0,0,0,0,0,0,0,0,0,0,1,86
540,turn,0,0,0,0,0,0,0,0,0,0,0,2,0,0,0,0,0,0,0,0,0,0,0,0,0,0,5,1195,0,0,0,0,0,0,0,0,0,0,0,0,0,0,5,58,0,0,0,89,0,0,0,0,0,0,0,0,0,0,0,0,0,0,0,1006
2911,turn,31,406,42,0,0,23,7,0,0,0,0,0,0,0,0,0,4,1,0,0,8,82,64,0,0,0,9,0,0,0,0,0,0,0,0,0,0,4,2,0,0,3,111,1,0,0,0,0,0,0,0,0,0,0,0,0,0,0,0,0,0,0,0,0
2500,turn,80,381,0,0,0,6,0,0,0,0,0,0,0,0,0,0,1,5,0,0,6,118,6,0,0,0,1,0,0,0,0,0,0,0,0,0,0,57,0,0,0,38,81,0,0,0,0,0,0,0,0,0,0,0,0,0,0,0,0,0,0,0,0,0
2377,turn,1497,195,18,0,0,58,8344,0,0,0,0,0,0,0,0,0,16,77,0,0,0,1188,631,0,0,3,190,4,0,0,0,0,0,0,0,0,0,32,22,0,0,28,1514,256,0,0,16,13,0,0,0,0,0,0,0,0,0,0,1181,19,0,0,425,21
174,turn,5,0,2,0,0,25,496,20,0,0,0,0,0,0,0,0,10,14,0,0,4,213,195,13,0,0,22,32,0,0,0,0,0,0,0,0,0,0,0,0,0,0,68,42,0,0,0,0,0,0,0,0,0,0,0,0,0,0,0,0,0,0,0,0
2167,turn,369,868,98,0,2,101,35,0,0,0,0,0,0,0,0,0,0,2,0,0,3,206,190,0,0,7,68,0,0,0,0,0,0,0,0,0,0,0,0,0,0,2,25,0,0,0,0,0,0,0,0,0,0,0,0,0,0,0,0,0,0,0,0,0
2185,turn,192,6,0,0,37,11,1485,67,0,0,0,0,0,0,0,0,0,0,0,0,81,383,156,9,0,13,179,54,0,0,0,0,0,0,0,0,0,1,0,0,0,3,327,114,0,0,46,22,0,0,0,0,0,0,0,0,0,0,3,2,0,0,1,0
344,turn,90,2482,5,0,0,79,10,0,0,0,0,0,0,0,0,0,4,12,0,0,12,1094,268,0,0,11,137,0,0,0,0,0,0,0,0,0,0,14,0,0,0,25,109,0,0,0,0,0,0,0,0,0,0,0,0,0,0,0,0,0,0,0,0,0
2936,turn,50,5,0,0,0,54,1175,0,0,0,0,0,0,0,0,0,28,1,0,0,14,273,172,0,0,0,48,0,0,0,0,0,0,0,0,0,0,26,0,0,0,57,385,0,0,0,0,0,0,0,0,0,0,0,0,0,0,0,4,0,0,0,10,1
1690,turn,16,117,0,0,1,8,0,0,0,0,0,0,0,0,0,0,0,0,0,0,1,24,4,0,0,3,14,0,0,0,0,0,0,0,0,0,0,11,0,0,0,9,2,0,0,0,0,0,0,0,0,0,0,0,0,0,0,0,0,0,0,0,0,0
874,turn,12,57,180,0,0,53,690,14,0,0,0,0,0,0,0,0,0,1,0,0,0,247,131,2,0,2,47,13,0,0,0,0,0,0,0,0,0,1,1,0,0,1,142,40,0,0,0,0,0,0,0,0,0,0,0,0,0,0,0,0,0,0,0,0
874,turn,0,81,8,0,0,18,16,0,0,0,0,0,0,0,0,0,0,3,0,0,0,47,33,0,0,0,11,1,0,0,0,0,0,0,0,0,0,11,1,0,0,2,52,6,0,0,0,0,0,0,0,0,0,0,0,0,0,1,3,0,0,0,0,0
1232,turn,0,0,0,0,0,0,0,0,0,0,0,0,0,0,0,0,0,0,0,0,1,6,3,0,0,0,1,47,0,0,0,74,0,0,0,0,0,2,0,0,0,1,9,8,0,0,0,31,0,0,0,0,0,0,0,0,0,0,4,0,0,0,0,69
1295,turn,0,0,0,0,0,0,3,176,0,0,0,5,0,0,0,0,0,0,0,0,0,57,4,12,0,1,3,30,0,0,0,0,0,0,0,0,0,1,0,0,0,0,29,28,0,0,0,24,0,0,0,0,0,0,0,0,0,0,0,0,0,0,0,47
833,turn,136,20,0,0,1,100,556,0,0,0,0,0,0,0,0,0,1,6,0,0,0,168,73,0,0,1,33,0,0,0,0,0,0,0,0,0,0,1,0,0,0,2,177,1,0,0,0,1,0,0,0,0,0,0,0,0,0,0,0,0,0,0,0,15
3103,turn,57,2024,0,0,1,80,0,0,0,0,0,0,0,0,0,0,2,6,0,0,1,804,8,0,0,0,2,0,0,0,0,0,0,0,0,0,0,20,1,0,0,16,209,0,0,0,0,0,0,0,0,0,0,0,0,0,0,0,25,0,0,0,73,388
1350,turn,8,840,216,0,0,22,4,0,0,0,0,0,0,0,0,0,3,2,0,0,1,415,57,0,0,0,9,0,0,0,0,0,0,0,0,0,0,16,5,0,0,15,348,0,0,0,0,0,0,0,0,0,0,0,0,0,0,0,0,0,0,0,0,0
789,turn,0,0,0,0,0,0,2,58,0,0,0,101,0,0,0,0,0,0,0,0,0,0,0,16,0,0,0,72,0,0,0,0,0,0,0,0,0,0,0,0,0,0,1,18,0,0,0,29,0,0,0,0,0,0,0,0,0,0,2,0,0,0,3,138
1478,turn,575,2374,0,0,3,146,10,0,0,0,0,0,0,0,0,0,183,0,0,0,75,534,100,0,0,28,33,0,0,0,0,0,0,0,0,0,0,101,1,0,0,125,2,0,0,0,0,0,0,0,0,0,0,0,0,0,0,0,0,0,0,0,0,0
2945,turn,121,24,10,0,4,5,329,1250,0,0,0,0,0,0,0,0,29,2,0,0,46,169,53,4,0,3,90,37,0,0,0,0,85,0,0,0,0,28,0,0,0,64,477,11,0,0,0,0,0,0,0,0,0,0,0,0,0,0,10,1,0,0,0,0
2948,turn,374,245,4396,0,23,83,175,0,0,0,0,0,0,0,0,0,7,2,0,0,373,917,221,2,0,15,260,15,0,0,0,0,0,0,0,0,2,59,0,0,22,58,1208,3,0,0,0,0,0,0,0,0,0,0,0,0,0,0,0,0,0,0,0,0
1581,turn,220,2191,0,0,14,87,0,62,0,0,0,0,0,0,0,0,18,9,0,0,200,458,36,104,0,7,4,1,0,0,0,0,0,0,0,0,65,373,5,0,0,98,212,3,0,0,5,3,0,0,0,0,0,0,0,0,0,0,118,1,0,0,313,85
539,turn,17,2,4,8,0,3,8,645,0,0,0,3,0,0,0,0,10,2,0,0,16,75,25,197,2,25,19,243,0,0,0,0,0,0,0,0,0,4,2,0,13,135,89,70,0,4,4,47,0,0,0,0,0,0,0,0,0,16,21,0,0,30,33,253
2838,turn,7,30,0,0,0,29,1305,1029,0,0,0,46,0,0,0,0,1,0,0,0,6,397,243,125,0,2,255,509,0,0,0,0,0,0,0,0,0,61,2,0,0,101,1175,5,0,0,0,0,0,0,0,0,0,0,0,0,0,0,0,0,0,0,0,0
212,turn,0,0,8,41,0,0,90,775,0,0,0,0,0,0,0,0,0,0,0,0,0,0,36,26,0,0,17,27,0,0,0,0,0,0,0,0,0,0,0,0,0,0,13,46,0,0,0,40,0,0,0,0,0,0,0,0,0,0,0,0,0,0,0,601
2604,turn,0,0,58,0,0,0,662,39,0,0,0,0,0,0,0,0,0,0,0,0,3,9,54,10,0,1,23,45,0,0,0,0,0,0,0,0,0,2,2,0,0,34,259,202,0,0,0,1,0,0,0,0,0,0,0,0,0,0,1,0,0,0,0,1
2055,turn,35,157,43,17,2,79,141,105,0,0,0,0,0,0,0,0,0,1,0,0,0,131,103,163,0,0,42,1065,0,0,0,3,0,0,0,0,0,0,0,0,0,0,129,337,0,0,3,324,0,0,0,0,0,0,0,0,0,0,25,4,0,0,130,579
604,turn,235,98,2238,0,3,35,211,0,0,0,0,0,0,0,0,0,132,25,0,0,57,375,143,9,0,1,116,46,0,0,0,0,0,0,0,0,0,56,0,0,0,73,786,91,0,0,0,0,0,0,0,0,0,0,0,0,0,0,0,0,0,0,0,0
186,turn,104,467,0,0,0,31,4159,478,0,0,0,0,0,0,0,0,18,555,0,0,9,1522,2466,166,0,0,62,5,0,0,0,0,0,0,0,0,0,45,11,0,0,52,2379,134,0,0,2,0,0,0,0,0,0,0,0,0,0,0,73,7,0,0,7,8
379,turn,77,1952,6,0,0,268,32,0,0,0,0,0,0,0,0,0,9,2,0,0,40,392,90,0,0,7,29,0,0,0,0,0,0,0,0,0,0,173,1,0,0,330,624,0,0,0,0,0,0,0,0,0,0,0,0,0,0,0,0,0,0,0,0,0
122,turn,85,15,1,0,1,25,695,197,0,0,0,0,0,0,0,0,11,1,0,0,0,125,150,8,0,1,76,31,0,0,0,0,16,8,0,0,0,15,5,0,0,4,246,39,0,0,0,0,0,0,0,0,0,0,0,0,0,0,0,0,0,0,0,0
2047,turn,9,9,0,0,118,5,19,62,0,0,0,1014,0,0,0,0,1,3,0,0,174,301,26,27,45,100,24,2099,0,0,0,0,0,0,0,0,3,30,0,0,62,785,719,130,0,133,66,187,0,0,0,0,0,0,0,0,0,85,220,3,0,250,763,1278
3126,turn,2,22,52,0,0,17,17,0,0,0,0,0,0,0,0,0,0,0,0,0,0,5,14,0,0,0,0,6,0,0,0,0,0,0,0,0,0,0,0,0,0,0,0,15,0,0,0,0,0,0,0,0,0,0,0,0,0,0,0,0,0,0,0,0
1101,turn,251,24,0,0,4,60,5663,108,0,0,2,0,0,0,0,0,195,0,0,0,139,926,109,0,0,10,194,36,0,0,0,0,0,0,0,0,0,209,1,0,0,126,1873,104,0,0,42,131,0,0,0,0,0,0,0,0,0,0,25,0,0,0,27,64
2390,turn,742,2296,3842,0,15,109,141,0,0,0,0,0,0,0,0,0,74,7,0,0,108,869,150,0,0,4,78,0,0,0,0,0,0,0,0,0,0,141,2,0,0,411,1794,2,0,0,0,0,0,0,0,0,0,0,0,0,0,1,24,0,0,0,0,0
2379,turn,22,366,5,0,0,69,1,0,0,0,0,0,0,0,0,0,5,3,0,0,6,219,73,0,0,0,14,0,0,0,0,0,0,0,0,0,0,5,1,0,0,2,164,3,0,0,0,0,0,0,0,0,0,0,0,0,0,0,2,0,0,0,0,0
2379,turn,264,1106,3,0,7,64,7,0,0,0,0,0,0,0,0,0,0,3,0,0,0,983,93,0,0,25,39,0,0,0,0,0,0,0,0,0,0,2,1,0,0,26,180,2,0,0,0,0,0,0,0,0,0,0,0,0,0,0,0,0,0,0,0,0
2738,turn,0,0,0,0,0,1,352,119,0,0,0,0,0,0,0,0,0,0,0,0,15,80,46,3,0,10,32,9,0,0,0,532,0,0,0,0,2,13,0,0,0,303,422,10,0,7,25,1363,0,0,0,0,0,0,0,0,0,5,23,0,0,2,79,1876
791,turn,131,46,0,0,0,0,0,3234,0,0,0,0,0,0,0,0,261,61,0,0,84,567,63,485,0,0,193,177,0,0,0,0,0,0,0,0,1,469,11,0,0,139,172,441,0,0,0,82,0,0,0,0,0,0,0,0,0,0,13,10,0,0,30,1430
2023,turn,0,1496,585,0,0,31,20,0,0,0,0,0,0,0,0,0,0,0,0,0,0,148,353,0,0,0,252,1,0,0,0,0,0,0,0,0,0,7,5,0,0,41,267,6,0,0,0,0,0,0,0,0,0,0,0,0,0,0,128,1,0,0,113,263
528,turn,4,2,0,0,0,0,0,0,0,0,0,0,0,0,0,0,1,0,0,0,0,2,0,0,0,0,2,42,0,0,0,0,0,0,0,0,0,1,0,0,0,0,14,41,0,0,1,1,0,0,0,0,0,0,0,0,0,0,2,0,0,0,1,29
1155,turn,4,214,1352,0,0,47,266,1156,0,0,0,7,0,0,0,0,28,7,0,0,177,1015,230,71,0,5,152,623,0,0,0,0,0,0,0,0,121,675,0,0,0,57,265,83,0,0,8,28,0,0,0,0,0,0,0,0,0,2,250,0,0,0,205,224
3156,turn,551,2575,0,0,3,69,0,0,0,0,0,0,0,0,0,0,14,2,0,0,14,538,66,0,0,2,41,0,0,0,0,0,0,0,0,0,0,91,4,0,0,154,893,0,0,0,0,0,0,0,0,0,0,0,0,0,0,0,86,0,0,0,0,0
296,turn,5,1,0,0,5,0,16,658,0,0,0,65,0,0,0,0,0,0,0,0,15,127,23,54,0,1,11,305,0,0,0,0,0,0,0,0,0,3,1,0,0,14,53,50,0,0,3,45,0,0,0,0,0,0,0,0,0,0,10,0,0,0,22,563
1686,turn,1894,399,0,0,0,32,0,0,0,0,0,0,0,0,0,0,5,68,0,0,1,666,1,0,0,0,0,0,0,0,0,0,0,0,0,0,0,0,0,0,0,0,0,0,0,0,0,0,0,0,0,0,0,0,0,0,0,0,0,0,0,0,0,0
73,turn,4,155,28,0,0,4,83,72,0,0,0,14,0,0,0,0,2,1,0,0,6,31,18,102,0,1,6,503,0,0,0,0,0,0,0,0,0,8,1,0,0,32,168,118,0,0,0,80,0,0,0,0,0,0,0,0,0,0,120,0,0,0,123,632
333,turn,98,456,7,0,0,7,0,0,0,0,0,0,0,0,0,0,12,2,0,0,15,187,15,0,0,0,15,0,0,0,0,0,0,0,0,0,0,24,0,0,0,32,87,0,0,0,0,0,0,0,0,0,0,0,0,0,0,0,0,0,0,0,0,0
3004,turn,280,2436,1,0,1,40,2,0,0,0,0,0,0,0,0,0,8,1,0,0,10,534,454,0,0,5,74,0,0,0,0,0,0,0,0,0,0,36,3,0,0,13,85,1,0,0,0,0,0,0,0,0,0,0,0,0,0,0,44,0,0,0,2,0
1700,turn,1,1399,1,0,0,158,1,0,0,0,0,0,0,0,0,0,0,0,0,0,0,296,71,0,0,12,58,0,0,0,0,0,0,0,0,0,0,44,1,0,0,76,80,1,0,0,0,0,0,0,0,0,0,0,0,0,0,0,40,0,0,0,327,138
973,turn,32,216,22,1,31,59,32,13805,0,0,0,0,0,0,0,0,1,5,1,0,183,463,244,110,2,27,89,286,0,0,0,0,0,0,0,0,0,70,3,0,4,1151,2830,214,0,1,6,245,0,0,0,0,0,0,0,0,0,0,125,1,0,2,169,4762
533,turn,0,0,0,0,0,0,0,10,0,0,0,1321,0,0,0,0,0,0,0,0,2,14,22,2,0,0,6,9475,0,0,0,3,0,0,0,0,0,52,9,0,0,201,3125,159,0,0,20,310,0,0,0,0,0,0,0,0,0,122,914,12,0,0,135,3670
1983,turn,0,22,1,0,0,110,206,0,0,0,0,0,0,0,0,0,18,18,0,0,0,172,48,0,0,0,39,0,0,0,0,0,0,0,0,0,0,0,0,0,0,0,16,0,0,0,0,0,0,0,0,0,0,0,0,0,0,0,0,0,0,0,0,0
1003,turn,32,607,9058,110,3,728,8963,3296,0,0,0,0,0,0,0,0,130,103,0,0,39,6742,1180,183,0,17,673,712,0,0,0,0,36,0,0,0,0,12,11,0,0,0,568,5275,0,0,0,0,0,0,0,0,0,0,0,0,0,0,0,0,0,0,0,0
1624,turn,1006,46,40,62,4,62,827,8044,0,0,0,7,0,0,0,0,70,6,0,0,178,1770,170,18,0,14,49,55,0,0,0,0,0,0,0,0,0,239,7,0,0,619,1682,103,0,0,36,105,0,0,0,0,0,0,0,0,0,0,578,17,0,0,1089,302
1013,turn,837,318,34,0,2,119,2837,583,0,0,0,0,0,0,0,0,0,0,0,0,0,203,292,39,0,1,346,214,0,0,0,0,0,0,0,0,0,0,0,0,0,1,410,75,0,0,0,0,0,0,0,0,0,0,0,0,0,0,0,0,0,0,1,2
2057,turn,36,457,615,0,3,31,45,0,0,0,0,0,0,0,0,0,16,2,0,0,44,147,278,0,1,3,18,0,0,0,0,0,0,0,0,0,2,22,0,0,0,87,32,0,0,1,1,0,0,0,0,0,0,0,0,0,0,2,16,0,0,1,20,10
953,turn,0,6,2,53,0,9,20,1127,0,0,0,0,0,0,0,0,0,0,0,0,0,61,79,24,0,0,276,167,0,0,0,0,0,0,0,0,0,0,0,0,0,0,32,290,0,0,0,0,0,0,0,0,0,0,0,0,0,0,0,0,0,0,0,0
1647,turn,25,0,0,0,0,6,2382,220,0,0,0,0,0,0,0,0,169,0,0,0,194,115,253,0,0,2,147,8,0,0,0,0,0,0,0,0,34,273,1,0,0,106,929,35,0,0,0,0,0,0,0,0,0,0,0,0,0,0,0,0,0,0,0,0
3069,turn,164,205,1396,0,1,16,58,2,0,0,0,0,0,0,0,0,14,9,0,0,19,330,88,6,0,0,50,6,0,0,0,0,2,0,0,0,0,79,0,0,0,27,416,27,0,0,0,0,0,0,0,0,0,1,0,0,0,0,0,0,0,0,0,0
757,turn,13,0,0,0,1,3,1627,3,0,0,0,0,0,0,0,0,317,1,0,0,201,88,64,0,1,0,53,11,0,0,0,0,0,0,0,0,7,56,1,0,2,91,541,41,0,0,1,3,0,0,0,0,0,0,0,0,0,1,58,0,0,1,4,0
832,turn,121,524,18,0,0,75,58,0,0,0,0,0,0,0,0,0,0,0,0,0,0,246,86,0,0,2,25,0,0,0,0,0,0,0,0,0,0,0,0,0,0,0,0,0,0,0,0,0,0,0,0,0,0,0,0,0,0,0,0,0,0,0,0,0
613,turn,0,14,230,59,0,10,729,181,0,0,0,0,0,0,0,0,0,0,0,0,0,9,105,11,0,3,28,18,0,0,0,0,0,0,0,0,0,66,12,0,0,63,455,104,0,0,1,10,0,0,0,0,0,0,0,0,0,0,135,3,0,0,82,24
2282,turn,16,195,1,0,1,38,5,0,0,0,0,0,0,0,0,0,12,0,0,0,23,153,34,0,0,2,25,0,0,0,0,0,0,0,0,0,0,29,0,0,0,23,19,0,0,0,0,0,0,0,0,0,0,0,0,0,0,0,0,0,0,0,0,0
1705,turn,156,411,0,0,1,2470,64,0,0,0,0,0,0,0,0,0,93,0,0,0,181,634,45,0,0,2,46,0,0,0,0,0,0,0,0,0,0,229,0,0,0,489,531,0,0,0,0,0,0,0,0,0,0,0,0,0,0,0,6,0,0,0,2,0
2253,turn,99,51,101,12,12,19,85,622,0,0,0,0,0,0,0,0,1,3,0,0,3,75,69,86,0,3,32,47,0,0,0,0,13,0,0,0,5,8,0,0,0,33,251,64,0,0,4,20,7,0,0,0,5,14,0,0,0,1,11,0,0,0,37,185
773,turn,0,12,166,0,2,3,106,0,0,0,0,0,0,0,0,0,0,0,0,0,8,66,44,0,0,3,51,2,0,0,0,0,0,0,0,0,0,2,0,0,0,3,23,1,0,0,0,0,0,0,0,0,0,0,0,0,0,0,9,0,0,0,2,3
1240,turn,1165,456,0,0,101,27,0,0,0,0,0,0,0,0,0,0,5,1,0,0,105,341,32,0,0,7,33,0,0,0,0,0,0,0,0,0,0,9,0,0,0,42,323,0,0,0,0,0,0,0,0,0,0,0,0,0,0,0,5,0,0,0,0,0
956,turn,294,65,0,0,28,180,10,2022,0,0,0,10,0,0,0,0,0,0,0,0,6,181,91,3,0,0,95,202,0,0,0,0,0,0,0,0,0,0,0,0,0,1,22,512,0,0,0,86,0,0,0,0,0,0,0,0,0,0,0,0,0,0,0,0
2664,turn,0,0,0,0,0,3,22,0,0,0,0,0,0,0,0,0,2,0,0,0,75,1785,1860,0,0,0,48,0,0,0,0,0,0,0,0,0,0,115,12,0,0,9,790,36,0,0,0,0,0,0,0,0,0,0,0,0,0,0,201,0,0,0,0,0
1475,turn,1376,2297,6849,0,1,193,106,0,0,0,0,0,0,0,0,0,162,59,0,0,219,1731,803,0,0,46,388,1,0,0,0,0,47,10,0,0,127,508,131,0,19,263,946,6,0,0,0,3,0,0,0,0,2,2,0,0,0,44,242,1,0,0,130,368
1242,turn,55,17,411,5,1,31,287,11,0,0,0,0,0,0,0,0,2,0,0,0,99,82,68,8,0,1,39,15,0,0,0,0,0,0,0,0,28,24,0,0,0,7,127,3,0,0,0,0,0,0,0,0,0,0,0,0,0,5,0,0,0,3,3,0
2723,turn,225,47,29,0,0,95,1103,0,0,0,0,0,0,0,0,0,40,2,0,0,20,347,164,0,0,0,21,0,0,0,0,0,0,0,0,0,0,166,2,0,0,150,469,10,0,0,6,4,0,0,0,0,0,0,0,0,0,0,31,0,0,0,3,3
2770,turn,0,93,48,0,0,18,16,0,0,0,0,0,0,0,0,0,0,0,0,0,0,34,29,0,0,3,14,3,0,0,0,0,0,0,0,0,0,1,0,0,0,2,48,4,0,1,0,0,0,0,0,0,0,0,0,0,0,0,1,1,0,0,6,1
2644,turn,3,0,0,0,0,0,1,1,0,0,1,1,0,0,0,0,0,0,0,0,27,18,8,0,0,25,75,205,0,0,0,429,0,0,0,0,1,9,0,0,16,497,407,136,0,1,125,1210,0,0,0,0,0,0,0,0,0,37,66,1,0,92,1597,2837
1512,turn,14,391,745,94,0,14,343,34,0,0,0,0,0,0,0,0,1,11,0,0,0,261,213,2,0,0,34,3,0,0,0,0,0,0,0,0,0,16,105,0,0,4,653,18,0,0,0,0,0,0,0,0,0,0,0,0,0,0,1,0,0,0,4,63
1692,turn,146,8,22,0,28,72,987,3367,0,0,1,5,0,0,0,0,82,0,0,0,1370,671,187,13,0,30,332,43,0,0,0,0,5,0,0,0,12,308,3,0,0,164,2214,50,0,0,70,43,177,0,0,0,7,7,0,0,0,5,15,0,0,0,19,1
1596,turn,39,4,0,0,2,9,2376,0,0,0,0,0,0,0,0,0,4,0,0,0,20,179,109,0,0,31,123,16,0,0,0,0,0,0,0,0,202,171,0,0,0,273,967,51,0,0,2,3,0,0,0,0,0,0,0,0,0,19,12,0,0,0,3,0
702,turn,861,2103,0,0,3,40,9,0,0,0,0,0,0,0,0,0,3,0,0,0,3,127,90,0,0,2,276,0,0,0,0,0,0,0,0,0,0,1,0,0,0,3,231,0,0,0,0,0,0,0,0,0,0,0,0,0,0,0,0,0,0,0,0,0
1001,turn,0,45,856,0,0,24,24915,0,0,0,0,0,0,0,0,0,0,0,0,0,0,5215,4314,4,0,0,1018,136,0,0,0,0,0,0,0,0,0,133,1267,0,0,2,8733,210,0,0,0,0,0,0,0,0,0,0,0,0,0,0,0,0,0,0,0,0
2726,turn,39,990,0,0,1,183,5,0,0,0,0,0,0,0,0,0,32,0,0,0,282,890,69,0,0,3,22,0,0,0,0,0,0,0,0,0,0,109,2,0,0,281,224,0,0,0,0,0,0,0,0,0,0,0,0,0,0,0,0,0,0,0,0,0
1446,turn,198,1616,0,0,1,606,10,0,0,0,0,0,0,0,0,0,24,0,0,0,52,506,55,0,0,4,33,0,0,0,0,0,0,0,0,0,0,188,2,0,0,517,392,0,0,0,0,0,0,0,0,0,0,0,0,0,0,10,75,0,0,0,50,1
1175,turn,248,29,722,239,1,37,1379,6964,0,0,0,0,0,0,0,0,502,5,0,0,138,775,89,43,0,4,41,53,0,0,0,0,0,0,0,0,0,106,4,0,0,298,1674,178,0,0,19,43,0,0,0,0,0,0,0,0,0,0,602,16,0,0,1242,422
945,turn,0,0,0,0,0,0,62,259,0,0,0,0,0,0,0,0,0,0,0,0,2,6,26,8,0,0,11,14,0,0,0,0,0,0,0,0,0,0,0,0,0,0,64,70,0,0,2,16,0,0,0,0,0,0,0,0,0,0,42,2,0,0,34,7
524,turn,60,8,0,0,15,27,10,1609,0,0,0,0,0,0,0,0,10,0,0,0,146,231,47,111,1,11,31,106,0,0,0,0,0,0,0,0,1,37,0,0,19,153,64,119,1,31,15,141,0,0,0,0,0,0,0,0,0,1,4,0,0,49,15,446
1748,turn,0,0,0,0,0,0,22,1323,0,0,0,290,0,0,0,0,0,0,0,0,0,8,13,8,0,0,18,201,0,0,0,0,0,0,0,0,0,4,2,0,0,4,642,162,0,0,3,163,0,0,0,0,0,0,0,0,0,0,19,1,0,0,1,194
2735,turn,24,19,202,0,7,33,17,3,0,0,0,0,0,0,0,0,0,0,0,0,18,31,25,6,2,11,15,6,0,0,0,0,0,0,0,0,1,0,0,0,0,25,27,0,0,0,1,2,0,0,0,0,0,0,0,0,0,0,0,0,0,3,3,3
13,turn,25,339,77,0,1,29,2,0,0,0,0,0,0,0,0,0,6,2,0,0,8,257,47,0,0,1,13,0,0,0,0,0,0,0,0,0,2,21,0,0,0,27,79,0,0,0,0,0,0,0,0,0,0,0,0,0,0,0,0,0,0,0,0,0
1041,turn,0,29,750,0,0,31,1113,0,0,0,0,0,0,0,0,0,0,5,0,0,0,163,620,20,0,0,49,38,0,0,0,0,0,0,0,0,0,557,35,0,0,0,317,55,0,0,0,0,0,0,0,0,0,0,0,0,0,0,0,0,0,0,0,0
780,turn,59,18,0,0,14,3,0,0,0,0,0,0,0,0,0,0,0,1,0,0,30,81,7,12,1,9,1,612,0,0,0,0,0,0,0,0,0,4,0,0,0,29,28,47,0,0,3,29,0,0,0,0,0,0,0,0,0,0,0,0,0,0,2,234
974,turn,12,42,0,1,16,14,5,3142,0,0,0,0,0,0,0,0,0,2,0,0,35,134,34,48,0,4,20,91,0,0,0,0,0,0,0,0,0,10,3,0,1,306,718,115,0,1,6,121,0,0,0,0,0,0,0,0,0,0,16,0,0,1,38,1027
2883,turn,1,11,0,0,0,16,21,0,0,0,0,0,0,0,0,0,0,1,0,0,0,55,48,0,0,1,3,4011,0,0,0,0,0,0,0,0,0,28,9,0,0,17,157,236,0,0,1,181,0,0,0,0,0,4,3,0,0,2,72,1,0,0,44,2043
653,turn,442,118,2,0,8,48,142,71,0,0,0,70,0,0,0,0,13,43,0,0,7,1002,201,32,0,26,27,2496,0,0,0,22,0,0,0,0,0,52,19,0,0,37,514,321,0,0,29,430,0,0,0,0,0,0,0,0,0,0,94,2,0,0,212,1239
3091,turn,858,4002,0,0,24,565,0,0,0,0,0,0,0,0,0,0,0,0,0,0,31,1605,323,0,0,14,204,0,0,0,0,0,0,0,0,0,0,1,0,0,0,35,1490,11,0,0,2,2,0,0,0,0,0,0,0,0,0,0,0,0,0,0,0,0
2610,turn,202,3261,15025,0,52,490,2714,0,0,0,0,0,0,0,0,0,1,7,0,0,182,1184,546,8,0,36,434,84,0,0,0,0,0,0,0,0,0,2,1,0,0,46,10871,786,0,0,133,258,0,0,0,0,0,0,0,0,0,0,14,7,0,0,359,3091
2382,turn,152,2540,7582,0,19,230,3876,5255,0,0,0,26,0,0,0,0,18,74,0,0,357,3480,604,171,0,26,378,5147,0,0,0,0,0,0,0,0,0,57,16,0,0,215,3697,646,0,0,60,510,0,0,0,0,0,0,0,0,0,0,236,10,0,0,799,5219
2470,turn,36,39,0,0,2,15,288,15,0,0,0,0,0,0,0,0,2,16,0,0,5,95,325,37,0,0,75,1,0,0,0,0,0,0,0,0,0,0,0,0,0,0,145,25,0,0,0,0,0,0,0,0,0,0,0,0,0,0,0,0,0,0,0,0
1364,turn,0,22,10,0,0,238,2572,0,0,0,0,0,0,0,0,0,0,0,0,0,48,801,700,1,2,118,134,13,0,0,0,0,0,0,0,0,0,215,18,0,0,419,1031,126,0,0,0,0,0,0,0,0,0,0,0,0,0,0,0,0,0,0,0,0
1233,turn,115,1,0,0,0,0,0,0,0,0,0,239,0,0,0,0,58,19,0,0,46,245,1,0,0,0,0,3323,0,0,0,0,0,0,0,0,0,78,2,0,0,105,207,241,0,0,0,136,0,0,0,0,0,0,0,0,0,0,20,2,0,0,290,1112
3112,turn,15,17,704,0,2,8,530,0,0,0,0,0,0,0,0,0,2,0,0,0,173,207,72,1,3,8,83,8,0,0,0,0,0,0,0,0,0,0,0,0,0,0,390,13,0,0,0,0,0,0,0,0,0,0,0,0,0,0,7,0,0,0,13,0
2381,turn,17,920,360,0,0,17,53,0,0,0,0,0,0,0,0,0,56,6,0,0,2,213,48,1,0,0,28,4,0,0,0,0,0,0,0,0,0,37,15,0,0,15,411,40,0,0,2,0,0,0,0,0,0,0,0,0,0,0,50,1,0,0,1,3
940,turn,0,0,12,4,0,0,68,29,0,0,0,0,0,0,0,0,0,2,0,0,0,4,27,14,0,0,4,4,0,0,0,0,0,0,0,0,0,1,4,0,0,0,27,18,0,0,0,0,0,0,0,0,0,0,0,0,0,1,6,0,0,0,0,0
980,turn,4,43,4,0,0,12,3,0,0,0,0,0,0,0,0,0,0,1,0,0,0,21,13,0,0,0,4,0,0,0,0,0,0,0,0,0,0,0,0,0,0,1,8,0,0,0,0,0,0,0,0,0,0,0,0,0,0,0,0,0,0,0,0,0
2247,turn,111,9,2,0,3,24,191,649,0,0,0,0,0,0,0,0,10,2,0,0,5,235,91,12,0,0,38,33,0,0,0,0,0,0,0,0,0,0,0,0,0,0,160,9,0,0,0,0,0,0,0,0,0,0,0,0,0,0,0,0,0,0,0,0
1138,turn,0,0,7,0,1,0,430,3,0,0,0,0,0,0,0,0,1,0,0,0,20,21,35,1,0,1,16,6,0,0,0,0,0,0,0,0,0,4,0,0,0,5,128,30,0,0,2,2,0,0,0,0,0,0,0,0,0,0,8,0,0,0,21,42
1252,turn,0,0,0,0,0,3,1127,193,0,0,0,0,0,0,0,0,0,0,0,0,3,42,48,7,0,0,19,19,0,0,0,0,0,0,0,0,11,160,1,0,0,267,388,100,0,0,0,2,0,0,0,0,0,0,0,0,0,16,30,0,0,0,0,0
1525,turn,205,108,17,0,0,543,2051,1254,0,0,0,0,0,0,0,0,0,0,0,0,0,128,516,40,0,0,242,328,0,0,0,0,0,0,0,0,0,0,0,0,0,0,495,76,0,0,0,0,0,0,0,0,0,0,0,0,0,0,0,0,0,0,0,0
434,turn,0,0,0,0,0,0,0,0,0,0,0,0,0,0,0,0,0,0,0,0,1,4,1,0,0,0,1,8,0,0,0,63,0,0,0,0,0,0,0,0,0,11,28,4,0,0,0,288,0,0,0,0,0,0,0,0,0,0,26,0,0,0,8,313
2743,turn,11,1,4,0,3,72,63,776,0,0,0,265,0,0,0,0,22,1,0,0,28,106,55,24,0,1,24,155,0,0,0,0,1,1,0,0,25,55,0,0,0,109,147,82,0,0,0,61,0,0,0,0,0,4,3,0,0,55,69,2,0,0,90,2569
72,turn,8,410,53,2,1,36,61,384,0,0,0,8,0,0,0,0,9,4,0,0,21,238,87,144,0,1,19,213,0,0,0,0,0,0,0,0,0,33,4,0,0,72,289,173,0,0,1,173,0,0,0,0,0,0,0,0,0,2,112,1,0,0,130,559
2701,turn,0,0,0,0,0,0,0,0,0,0,0,0,0,0,0,0,0,0,0,0,42,11,0,0,0,0,39,905,0,0,0,11,0,0,0,0,89,2549,0,0,0,954,358,237,0,0,1,121,0,0,0,0,0,0,0,0,0,932,2914,11,0,0,836,2198
2342,turn,256,141,89,0,0,281,4014,0,0,0,0,0,0,0,0,0,0,7,0,0,0,806,717,0,0,7,364,211,0,0,0,0,0,0,0,0,0,9,0,0,0,20,3069,94,0,0,0,7,0,0,0,0,0,0,0,0,0,0,0,0,0,0,0,114
879,turn,6,38,17,0,2,7,4,0,0,0,0,0,0,0,0,0,3,0,0,0,2,22,23,0,0,0,6,0,0,0,0,0,0,0,0,0,0,4,0,0,0,5,38,4,0,0,0,0,0,0,0,0,0,0,0,0,0,1,0,0,0,0,0,0
478,turn,64,84,284,0,0,76,710,0,0,0,0,0,0,0,0,0,0,0,0,0,8,573,51,0,0,0,0,0,0,0,0,0,0,0,0,0,0,0,0,0,0,0,0,0,0,0,0,0,0,0,0,0,0,0,0,0,0,0,0,0,0,0,0,0
2278,turn,2,11,0,0,0,6,0,0,0,0,0,0,0,0,0,0,0,1,0,0,0,45,4,0,0,0,2,0,0,0,0,0,0,0,0,0,0,1,0,0,0,0,0,0,0,0,0,0,0,0,0,0,0,0,0,0,0,0,0,0,0,0,0,0
2660,turn,15,1340,586,0,0,49,19,0,0,0,0,0,0,0,0,0,62,0,0,0,66,121,72,0,0,0,15,0,0,0,0,0,0,0,0,0,0,4,1,0,0,37,963,25,0,0,2,3,0,0,0,0,0,0,0,0,0,0,94,0,0,0,2,0
2436,turn,0,0,0,0,0,0,0,0,0,0,0,0,0,0,0,0,0,0,0,0,0,0,0,0,0,0,0,4,0,0,0,36,0,0,0,0,0,1,0,0,0,10,11,2,0,0,0,69,0,0,0,0,0,0,0,0,0,0,5,1,0,0,7,79
794,turn,3,814,471,0,0,3,6,0,0,0,0,0,0,0,0,0,14,24,1,0,5,175,193,2,0,0,1,0,0,0,0,0,0,0,0,0,0,92,64,0,0,38,480,9,0,0,0,0,0,0,0,0,0,0,0,0,0,3,3,0,0,0,0,0
1673,turn,76,178,1082,0,33,89,154,0,0,0,0,0,0,0,0,0,2,0,0,0,51,261,163,0,0,19,43,0,0,0,0,0,0,0,0,0,0,8,0,0,0,145,293,0,0,0,0,0,0,0,0,0,0,0,0,0,0,0,0,0,0,0,0,0
2341,turn,36,4166,54,0,4,202,75,0,0,0,0,0,0,0,0,0,99,15,0,0,40,1119,534,0,0,10,395,0,0,0,0,0,65,39,0,0,5,120,8,0,0,48,430,0,0,0,4,0,0,0,0,0,0,0,0,0,0,0,108,2,0,0,6,151
2284,turn,7,9,119,22,1,9,616,596,0,0,0,0,0,0,0,0,0,1,0,0,2,55,85,38,0,8,45,69,0,0,0,0,0,0,0,0,0,48,2,0,0,68,318,304,0,1,1,9,0,0,0,0,0,0,0,0,0,3,12,1,0,0,50,245
623,turn,685,143,3307,123,2,68,154,45,0,0,0,0,0,0,0,0,111,11,0,0,197,402,141,70,0,0,166,156,0,0,0,0,0,0,0,0,3,27,0,0,1,71,849,107,0,0,0,5,0,0,0,0,0,0,0,0,0,0,4,0,0,0,4,21
1585,turn,103,2,0,0,1,26,382,256,0,0,0,22,0,0,0,0,9,0,0,0,180,152,192,65,0,2,84,103,0,0,0,0,0,0,0,0,0,35,0,0,0,25,133,43,0,0,5,9,0,0,0,0,0,0,0,0,0,0,51,1,0,0,64,35
3127,turn,1351,490,7204,0,15,322,383,0,0,0,0,0,0,0,0,0,0,0,0,0,4,936,706,40,0,12,344,160,0,0,0,0,0,0,0,0,0,0,0,0,0,0,36,1829,0,0,0,0,0,0,0,0,0,0,0,0,0,0,0,0,0,0,0,0
2504,turn,249,477,1395,0,5,26,15,0,0,0,0,0,0,0,0,0,16,0,0,0,20,146,73,0,0,2,24,0,0,0,0,0,0,0,0,0,0,55,8,0,1,92,523,4,0,0,0,0,0,0,0,0,0,0,0,0,0,2,15,0,0,0,10,10
