id,longitude,latitude,zoom,heading,tilt,width,height
0,15.0973903,37.5054332,21.2,305.8,88.12,200.0,200.0
1,15.0972528,37.5052878,75.0,61.11,77.84,200.0,200.0
2,15.0972528,37.5052878,48.4,268.37,79.56,200.0,200.0
3,15.0971918,37.505222,33.3,279.81,84.9,200.0,200.0
4,15.0967686,37.5048037,75.0,286.23,76.79,200.0,200.0
5,15.0961727,37.5042437,20.7,299.5,87.27,200.0,200.0
6,15.0956941,37.504007,48.2,281.18,82.98,200.0,200.0
7,15.0953409,37.503666,48.9,230.55,79.83,200.0,200.0
8,15.095109,37.5036122,90.0,225.17,72.37,200.0,200.0
9,15.095109,37.5036122,64.3,198.84,71.88,200.0,200.0
10,15.0945301,37.5035509,75.0,214.49,78.0,200.0,200.0
11,15.094417,37.5035389,75.0,204.58,75.3,200.0,200.0
12,15.0943479,37.5035333,75.0,118.32,79.12,200.0,200.0
13,15.0943479,37.5035333,75.0,139.36,74.18,200.0,200.0
14,15.0940066,37.5034946,75.0,219.3,75.65,200.0,200.0
15,15.093417,37.5034207,75.0,104.52,74.29,200.0,200.0
16,15.0934921,37.5034552,49.2,243.74,80.12,200.0,200.0
17,15.0934921,37.5034552,49.2,310.13,75.18,200.0,200.0
18,15.093417,37.5034207,49.0,21.28,79.67,200.0,200.0
19,15.0934221,37.5036239,40.9,263.21,83.19,200.0,200.0
20,15.0934221,37.5036239,40.9,247.89,85.1,200.0,200.0
21,15.0934248,37.5038126,75.0,38.55,78.66,200.0,200.0
22,15.0934356,37.5039884,47.5,9.42,81.8,200.0,200.0
23,15.0934356,37.5039884,47.5,103.16,83.73,200.0,200.0
24,15.0934356,37.5039884,48.9,282.51,81.47,200.0,200.0
25,15.0933892,37.5043932,49.3,9.45,82.66,200.0,200.0
26,15.0933892,37.5043932,49.3,249.63,80.53,200.0,200.0
27,15.0933892,37.5043932,50.2,70.35,82.54,200.0,200.0
28,15.0933892,37.5043932,50.2,117.9,83.11,200.0,200.0
29,15.0933183,37.503418,75.0,199.6,80.46,200.0,200.0
30,15.0928555,37.5033726,75.0,241.99,73.51,200.0,200.0
31,15.0923937,37.5033231,75.0,167.77,77.17,200.0,200.0
32,15.0923937,37.5033231,75.0,242.05,75.7,200.0,200.0
33,15.0919455,37.503283,75.0,231.07,73.98,200.0,200.0
34,15.0919455,37.503283,75.0,203.52,77.65,200.0,200.0
35,15.0919455,37.503283,75.0,139.18,76.35,200.0,200.0
36,15.0912274,37.5031983,75.0,233.76,74.49,200.0,200.0
37,15.091055,37.5031787,50.3,230.7,80.79,200.0,200.0
38,15.0909401,37.503167,64.2,306.69,77.39,200.0,200.0
39,15.0909401,37.503167,64.2,239.43,77.97,200.0,200.0
40,15.0909401,37.503167,64.2,246.85,77.13,200.0,200.0
41,15.0908442,37.5031572,75.0,133.41,80.25,200.0,200.0
42,15.0908442,37.5031572,90.0,207.82,72.25,200.0,200.0
43,15.0907107,37.5031414,75.0,205.84,77.42,200.0,200.0
44,15.0896748,37.5030223,75.0,324.43,77.56,200.0,200.0
45,15.0899035,37.5030533,25.0,276.76,86.94,200.0,200.0
46,15.0897926,37.5030415,75.0,165.17,74.09,200.0,200.0
47,15.0897926,37.5030415,75.0,120.49,75.6,200.0,200.0
48,15.0896748,37.5030223,47.7,238.67,81.77,200.0,200.0
49,15.0895661,37.5030169,75.0,40.25,79.17,200.0,200.0
50,15.0895517,37.503179,75.0,187.89,78.29,200.0,200.0
51,15.0893065,37.5030115,47.7,160.61,83.56,200.0,200.0
52,15.0893065,37.5030115,47.7,199.21,83.56,200.0,200.0
53,15.0889148,37.5029606,75.0,289.13,79.28,200.0,200.0
54,15.0888611,37.5029532,19.1,191.12,86.69,200.0,200.0
55,15.0888611,37.5029532,52.3,175.22,81.2,200.0,200.0
56,15.0888611,37.5029532,49.8,20.24,82.4,200.0,200.0
57,15.0887536,37.5029381,75.0,114.93,76.86,200.0,200.0
58,15.0886463,37.5029261,47.1,208.07,78.35,200.0,200.0
59,15.0879633,37.5028517,75.0,292.24,75.48,200.0,200.0
60,15.0879633,37.5028517,75.0,355.97,81.14,200.0,200.0
61,15.0879633,37.5028517,75.0,122.44,75.19,200.0,200.0
62,15.0873845,37.5028259,48.9,351.14,84.74,200.0,200.0
63,15.0936498,37.5019531,48.5,115.66,84.26,200.0,200.0
64,15.0937072,37.5016248,48.7,207.25,82.63,200.0,200.0
65,15.0937072,37.5016248,75.0,114.67,75.14,200.0,200.0
66,15.0937072,37.5016248,24.1,191.75,83.83,200.0,200.0
67,15.0937072,37.5016248,24.1,175.33,85.21,200.0,200.0
68,15.0929636,37.501224,75.0,346.04,73.08,200.0,200.0
69,15.0916249,37.5012799,47.9,306.83,79.96,200.0,200.0
70,15.0915132,37.5012911,49.0,54.42,78.58,200.0,200.0
71,15.0915132,37.5012911,75.7,31.92,79.71,200.0,200.0
72,15.0915132,37.5012911,24.2,13.1,89.77,200.0,200.0
73,15.0914772,37.5014633,48.8,67.91,82.87,200.0,200.0
74,15.0914772,37.5014633,25.7,239.85,81.22,200.0,200.0
75,15.0914772,37.5014633,49.8,307.15,80.76,200.0,200.0
76,15.0914772,37.5014633,74.4,326.41,78.96,200.0,200.0
77,15.0915177,37.5015494,48.5,336.24,82.87,200.0,200.0
78,15.0915177,37.5015494,21.0,105.82,84.54,200.0,200.0
79,15.0915177,37.5015494,45.4,141.11,83.71,200.0,200.0
80,15.0914597,37.5015677,48.7,315.24,84.02,200.0,200.0
81,15.0912824,37.5016739,90.0,39.63,72.38,200.0,200.0
82,15.0913484,37.5018061,75.0,59.02,80.17,200.0,200.0
83,15.0914964,37.5020494,90.0,57.46,73.57,200.0,200.0
84,15.0915359,37.502109,75.0,127.48,76.72,200.0,200.0
85,15.0897202,37.5020041,72.3,217.89,76.13,200.0,200.0
86,15.0897029,37.5017925,48.4,310.58,82.19,200.0,200.0
87,15.0892704,37.5017085,75.0,298.87,83.4,200.0,200.0
88,15.0892378,37.5016534,75.0,53.81,84.46,200.0,200.0
89,15.0890571,37.5018143,50.1,154.28,81.5,200.0,200.0
90,15.0890124,37.50185,90.0,219.43,74.39,200.0,200.0
91,15.0890124,37.50185,39.3,179.19,83.98,200.0,200.0
92,15.0889473,37.5019784,48.0,308.59,85.07,200.0,200.0
93,15.0889473,37.5019784,48.0,254.53,84.36,200.0,200.0
94,15.0889473,37.5019784,48.0,224.12,83.59,200.0,200.0
95,15.0889473,37.5019784,48.0,283.64,84.74,200.0,200.0
96,15.0884035,37.5019284,51.0,263.64,80.5,200.0,200.0
97,15.0883072,37.5018906,75.0,306.18,78.67,200.0,200.0
98,15.0877846,37.5016587,51.2,192.25,82.37,200.0,200.0
99,15.087683,37.5016164,48.9,269.82,83.7,200.0,200.0
100,15.0872475,37.5010712,46.9,94.49,81.91,200.0,200.0
101,15.087348,37.5009134,75.0,104.21,82.86,200.0,200.0
102,15.087348,37.5009134,75.0,225.08,77.03,200.0,200.0
103,15.0875695,37.5006804,48.9,109.92,82.45,200.0,200.0
104,15.0875695,37.5006804,48.9,186.45,82.4,200.0,200.0
105,15.0877575,37.5004778,75.0,37.73,73.69,200.0,200.0
106,15.0878483,37.5004144,48.9,343.97,80.37,200.0,200.0
107,15.0878483,37.5004144,24.9,274.05,86.53,200.0,200.0
108,15.0881955,37.5001076,75.0,333.47,79.3,200.0,200.0
109,15.0883143,37.5001527,75.0,263.44,82.21,200.0,200.0
110,15.0884085,37.4998394,48.4,192.52,83.0,200.0,200.0
111,15.0884085,37.4998394,27.6,124.11,85.12,200.0,200.0
112,15.0885979,37.4997226,90.0,83.75,79.67,200.0,200.0
113,15.0887319,37.4995047,75.0,70.78,42.75,200.0,200.0
114,15.0887319,37.4995047,48.5,116.79,80.78,200.0,200.0
115,15.0889703,37.4992546,48.8,114.92,81.04,200.0,200.0
116,15.0889703,37.4992546,48.8,183.21,87.52,200.0,200.0
117,15.0891915,37.4992616,75.0,260.27,77.39,200.0,200.0
118,15.0892829,37.4988313,47.4,223.12,86.29,200.0,200.0
119,15.089228,37.4989097,49.1,173.33,81.89,200.0,200.0
120,15.0893915,37.4986734,48.7,39.18,82.16,200.0,200.0
121,15.089445,37.498594,46.9,93.03,82.21,200.0,200.0
122,15.0897725,37.4986429,47.9,241.57,81.61,200.0,200.0
123,15.0899928,37.497759,17.1,6.25,86.58,200.0,200.0
124,15.0901069,37.4975946,75.0,221.33,80.58,200.0,200.0
125,15.0902098,37.4962351,75.0,10.5,80.41,200.0,200.0
126,15.0888048,37.49632,75.0,14.76,78.8,200.0,200.0
127,15.0887952,37.4964553,69.9,213.74,78.36,200.0,200.0
128,15.0879809,37.4964271,48.9,203.94,88.49,200.0,200.0
129,15.0880979,37.4964129,51.4,259.61,84.07,200.0,200.0
130,15.0875386,37.4964837,75.0,310.12,80.72,200.0,200.0
131,15.0874253,37.4964998,75.0,140.42,76.61,200.0,200.0
132,15.0874253,37.4964998,75.0,173.75,78.48,200.0,200.0
133,15.0873818,37.4963757,75.0,43.18,75.65,200.0,200.0
134,15.0873818,37.4963757,75.0,100.95,84.46,200.0,200.0
135,15.087294,37.4959998,48.9,166.49,81.42,200.0,200.0
136,15.0872252,37.495751,75.0,246.22,78.95,200.0,200.0
137,15.0869765,37.4947429,75.0,68.29,73.17,200.0,200.0
138,15.0869356,37.4945904,24.6,30.49,86.64,200.0,200.0
139,15.0868937,37.494421,46.9,34.88,82.29,200.0,200.0
140,15.0853812,37.4930334,47.6,149.99,82.63,200.0,200.0
141,15.0852313,37.4930648,48.9,266.05,75.99,200.0,200.0
142,15.0850077,37.4932101,25.4,346.77,87.82,200.0,200.0
143,15.0850701,37.4936056,20.5,20.17,87.08,200.0,200.0
144,15.0850701,37.4936056,47.1,49.5,84.47,200.0,200.0
145,15.0850267,37.4933907,75.0,247.1,79.43,200.0,200.0
146,15.0826782,37.4933514,46.9,332.91,84.46,200.0,200.0
147,15.0822353,37.4934013,51.3,21.85,84.59,200.0,200.0
148,15.0811976,37.4935097,48.2,252.94,82.33,200.0,200.0
149,15.0803865,37.4936272,24.6,311.21,88.84,200.0,200.0
150,15.0630982,37.4904836,48.9,322.0,85.52,200.0,200.0
151,15.0624273,37.4909446,24.2,241.14,87.88,200.0,200.0
152,15.0616611,37.4913246,48.9,158.98,79.41,200.0,200.0
153,15.0590306,37.4920156,75.0,348.42,71.0,200.0,200.0
155,15.0590306,37.4920156,28.3,250.11,85.34,512.0,512.0
157,15.0587954,37.4921219,18.1,213.7,86.23,512.0,512.0
158,15.0585192,37.492226,48.9,236.0,96.7,512.0,512.0
159,15.0562969,37.4930155,23.4,330.74,97.31,512.0,512.0
160,15.0559022,37.4931964,15.0,281.57,94.57,512.0,512.0
161,15.0543402,37.4936563,15.6,269.92,99.14,512.0,512.0
162,15.0543402,37.4936563,72.2,208.6,92.86,512.0,512.0
163,15.0543631,37.4949998,48.9,36.06,82.9,512.0,512.0
164,15.0543319,37.495283,24.1,194.37,98.54,512.0,512.0
165,15.0516361,37.4957746,25.2,232.99,94.31,512.0,512.0
166,15.051069,37.4957486,75.0,268.91,89.39,512.0,512.0
167,15.0505414,37.4957335,22.8,328.16,86.23,512.0,512.0
168,15.0500988,37.4958436,48.9,294.08,80.57,512.0,512.0
169,15.0500988,37.4958436,89.7,165.29,95.64,512.0,512.0
170,15.0499959,37.4959883,35.9,287.66,81.68,512.0,512.0
171,15.0496187,37.4964666,48.8,21.05,74.43,512.0,512.0
172,15.0489586,37.4970762,24.7,130.05,91.02,512.0,512.0
173,15.0491262,37.497057,25.9,298.9,88.9,512.0,512.0
174,15.048976,37.4974081,15.0,171.51,91.71,512.0,512.0
175,15.0482712,37.4970715,15.0,180.07,91.21,512.0,512.0
176,15.048209,37.4970091,48.9,283.73,91.45,512.0,512.0
177,15.0471045,37.495983,25.2,201.49,83.51,512.0,512.0
178,15.0471036,37.4957928,75.0,308.83,70.69,512.0,512.0
179,15.0471089,37.4951642,15.0,68.54,84.81,512.0,512.0
180,15.0462678,37.4933621,75.0,260.56,90.35,512.0,512.0
181,15.0464689,37.4930213,75.0,292.05,89.76,512.0,512.0
182,15.046715,37.4931612,48.9,257.69,91.05,512.0,512.0
183,15.0465344,37.4930265,75.0,229.79,92.17,512.0,512.0
184,15.046254,37.4928222,72.1,181.96,90.6,512.0,512.0
185,15.0454565,37.4924858,75.0,299.39,83.73,512.0,512.0
186,15.045402,37.4925591,48.9,178.24,94.51,512.0,512.0
187,15.0445855,37.492173,43.7,215.84,86.6,512.0,512.0
188,15.044161,37.4920775,25.4,359.39,83.08,512.0,512.0
189,15.043637,37.4919549,23.1,267.59,90.34,512.0,512.0
190,15.0434988,37.4919798,23.3,132.6,84.78,512.0,512.0
191,15.0426688,37.4920889,75.0,293.36,87.99,512.0,512.0
192,15.0426688,37.4920889,75.0,253.15,87.73,512.0,512.0
193,15.0596886,37.4807272,24.3,129.83,86.45,512.0,512.0
194,15.0596886,37.4807272,24.3,168.07,86.29,512.0,512.0
195,15.0595943,37.4805951,25.6,263.89,90.45,512.0,512.0
196,15.0592994,37.48046,53.6,212.12,88.24,512.0,512.0
197,15.0592994,37.48046,29.3,267.25,88.49,512.0,512.0
198,15.0655273,37.4738942,75.0,107.28,88.08,512.0,512.0
199,15.0660186,37.473698,47.2,177.84,87.65,512.0,512.0
200,15.0660376,37.4734642,75.0,184.28,87.84,512.0,512.0
201,15.0660313,37.4732314,48.4,188.5,90.0,512.0,512.0
202,15.0660286,37.4729587,75.0,205.07,88.88,512.0,512.0
203,15.0660229,37.4726788,53.7,184.38,89.7,512.0,512.0
204,15.0660202,37.472587,19.3,177.5,90.58,512.0,512.0
205,15.0660438,37.4723044,90.0,185.14,91.84,512.0,512.0
206,15.0658711,37.4721759,82.5,238.29,91.78,512.0,512.0
207,15.0657563,37.4720174,90.0,223.89,93.34,512.0,512.0
208,15.0656657,37.471951,42.8,272.22,95.01,512.0,512.0
209,15.0656657,37.471951,20.3,258.98,88.02,512.0,512.0
210,15.0657674,37.4721235,24.7,214.84,89.28,512.0,512.0
211,15.0657674,37.4721235,24.7,255.42,93.17,512.0,512.0
212,15.0649251,37.4717447,48.7,251.21,89.41,512.0,512.0
213,15.0646128,37.4715167,49.3,193.79,88.8,512.0,512.0
214,15.0647255,37.471373,47.7,155.96,90.01,512.0,512.0
215,15.0650089,37.4712432,48.9,110.83,90.23,512.0,512.0
216,15.0650089,37.4712432,24.9,77.36,94.45,512.0,512.0
217,15.0651679,37.4711309,55.0,178.07,91.58,512.0,512.0
218,15.0653384,37.471077,25.6,121.78,91.07,512.0,512.0
219,15.0653384,37.471077,15.0,99.88,91.22,512.0,512.0
220,15.0653384,37.471077,40.7,87.36,87.77,512.0,512.0
221,15.0654529,37.4710634,46.9,78.0,89.99,512.0,512.0
222,15.0659434,37.4711592,48.9,102.79,86.97,512.0,512.0
223,15.0662969,37.4711652,75.0,106.19,88.92,512.0,512.0
224,15.0664118,37.4711599,75.0,50.85,94.9,512.0,512.0
225,15.0665248,37.4711573,75.0,14.38,92.79,512.0,512.0
226,15.0668739,37.4711516,49.0,98.94,88.83,512.0,512.0
227,15.0668739,37.4711516,49.0,125.85,85.35,512.0,512.0
228,15.0669546,37.4709641,48.7,99.4,89.33,512.0,512.0
229,15.0672942,37.4710052,66.6,93.47,90.57,512.0,512.0
230,15.0675506,37.4710189,75.0,97.55,90.75,512.0,512.0
232,15.0675506,37.4710189,24.7,49.08,86.81,512.0,512.0
233,15.0675506,37.4710189,24.7,49.08,86.81,512.0,512.0
234,15.0675506,37.4710189,24.7,49.08,86.81,512.0,512.0
235,15.0481909,37.4670098,75.0,234.95,81.13,512.0,512.0
236,15.0068558,37.5178719,73.7,104.91,83.35,512.0,512.0
237,15.0069561,37.5178621,75.0,29.72,80.89,512.0,512.0
238,15.0069854,37.5178118,72.9,216.85,83.64,512.0,512.0
239,15.0069212,37.5174491,48.6,210.61,86.07,512.0,512.0
240,15.0068777,37.5172625,46.9,120.33,82.37,512.0,512.0
241,15.0073105,37.5171778,75.0,101.48,82.18,512.0,512.0
242,15.0074386,37.5171621,75.0,117.35,79.29,512.0,512.0
243,15.007544,37.5171493,75.0,132.72,76.61,512.0,512.0
244,15.0076382,37.5171204,75.0,338.81,83.06,512.0,512.0
245,15.00773,37.5175262,75.0,1.27,80.88,512.0,512.0
246,15.0077478,37.5176121,46.5,1.78,85.86,512.0,512.0
247,15.007695,37.5177767,75.0,94.36,86.08,512.0,512.0
248,15.007695,37.5177767,75.0,135.48,85.34,512.0,512.0
249,15.0080546,37.5177305,75.0,133.52,75.42,512.0,512.0
250,15.0082084,37.5177099,75.0,110.77,77.01,512.0,512.0
251,15.008494,37.517672,75.0,170.43,74.84,512.0,512.0
252,15.008494,37.517672,75.0,14.29,117.27,512.0,512.0
253,15.0085405,37.5176352,75.0,16.68,84.67,512.0,512.0
254,15.0092984,37.5175507,75.0,170.04,92.78,512.0,512.0
255,15.0091472,37.5175743,48.9,99.34,82.86,512.0,512.0
256,15.0093605,37.517529,75.0,228.52,78.22,512.0,512.0
257,15.0093323,37.5174164,47.9,16.69,87.54,512.0,512.0
258,15.0093812,37.5176331,75.0,33.45,87.63,512.0,512.0
259,15.0094671,37.5178954,47.7,21.85,85.78,512.0,512.0
260,15.0095007,37.5180052,75.0,313.72,85.48,512.0,512.0
261,15.0097999,37.5174726,75.0,97.39,69.95,512.0,512.0
262,15.0099523,37.517451,90.0,89.25,83.48,512.0,512.0
263,15.0118759,37.5186289,90.0,26.89,84.64,512.0,512.0
264,15.0118088,37.5186908,75.0,147.22,82.64,512.0,512.0
265,15.0118088,37.5186908,75.0,118.09,94.51,512.0,512.0
266,15.01201,37.5187925,49.8,215.9,87.84,512.0,512.0
267,15.0118199,37.5185476,75.0,256.58,78.12,512.0,512.0
268,15.0116038,37.5182947,75.0,208.93,82.46,512.0,512.0
269,15.0116038,37.5182947,48.5,126.58,84.66,512.0,512.0
270,15.0116038,37.5182947,48.5,50.37,82.07,512.0,512.0
271,15.0104793,37.5191043,24.2,303.32,96.79,512.0,512.0
272,15.0098717,37.5192855,75.0,132.65,79.44,512.0,512.0
273,15.0098595,37.5191702,75.0,15.71,78.83,512.0,512.0
274,15.0097158,37.5192997,49.0,112.75,80.56,512.0,512.0
275,15.009605,37.5193287,75.0,246.24,68.08,512.0,512.0
276,15.0090485,37.5194659,75.0,356.43,96.74,512.0,512.0
277,15.0089495,37.519183,21.7,255.19,82.07,512.0,512.0
278,15.0088963,37.5189735,75.0,205.13,78.8,512.0,512.0
279,15.0088642,37.5188861,75.0,194.58,79.46,512.0,512.0
280,15.0085881,37.5189388,75.0,290.11,82.39,512.0,512.0
281,15.0082691,37.5190278,75.0,290.11,82.39,512.0,512.0
282,15.0080463,37.5190943,75.0,269.37,80.92,512.0,512.0
283,15.0080067,37.5190136,75.0,31.41,79.12,512.0,512.0
284,15.0080067,37.5190136,75.0,7.76,79.6,512.0,512.0
285,15.0080279,37.5190912,75.0,290.25,78.55,512.0,512.0
286,15.0080705,37.5196196,75.0,4.23,77.76,512.0,512.0
287,15.0080844,37.5198095,75.0,295.93,88.33,512.0,512.0
288,15.0080791,37.5198605,75.0,356.48,76.84,512.0,512.0
289,15.0080927,37.5201468,75.0,19.21,85.41,512.0,512.0
290,15.0083557,37.5206991,75.0,84.54,76.56,512.0,512.0
291,15.0089222,37.5208105,75.0,94.34,80.26,512.0,512.0
292,15.0091498,37.5208016,75.0,94.34,80.26,512.0,512.0
293,15.0092938,37.5207952,75.0,128.87,79.68,512.0,512.0
294,15.009349,37.5207736,42.3,17.18,90.89,512.0,512.0
295,15.0095574,37.5207818,75.0,83.31,85.77,512.0,512.0
296,15.0099633,37.5206401,48.9,4.64,85.63,512.0,512.0
297,15.0102827,37.5207779,75.0,303.54,87.23,512.0,512.0
298,15.0102827,37.5207779,75.0,52.63,108.56,512.0,512.0
299,15.0106926,37.5205794,46.9,215.32,79.2,512.0,512.0
301,15.0110389,37.5205145,75.0,108.96,81.34,512.0,512.0
302,15.0112383,37.5204425,90.0,14.35,83.07,512.0,512.0
303,15.0150112,37.5203026,75.0,337.0,83.91,512.0,512.0
304,15.0150297,37.5206852,75.0,50.67,82.5,512.0,512.0
305,15.0150297,37.5206852,75.0,350.65,84.11,512.0,512.0
306,15.014947,37.5209085,49.0,42.63,82.67,512.0,512.0
307,15.014947,37.5209085,49.0,267.91,80.79,512.0,512.0
308,15.0146302,37.5209647,75.0,279.95,82.25,512.0,512.0
309,15.0145134,37.5209885,75.0,300.64,86.89,512.0,512.0
310,15.0142358,37.5210094,75.0,255.3,78.71,512.0,512.0
311,15.01397,37.5210414,75.0,212.81,78.04,512.0,512.0
312,15.0137318,37.5210702,75.0,252.77,87.72,512.0,512.0
313,15.0136199,37.5210794,75.0,269.18,85.83,512.0,512.0
314,15.0135102,37.5210915,75.0,272.54,85.28,512.0,512.0
315,15.0132844,37.5211159,75.0,161.83,82.53,512.0,512.0
316,15.0132737,37.5209839,75.0,358.21,87.32,512.0,512.0
317,15.0129981,37.521147,75.0,279.32,86.56,512.0,512.0
318,15.0127868,37.5211686,75.0,282.72,83.7,512.0,512.0
319,15.0116805,37.5212912,50.1,315.67,92.6,512.0,512.0
320,15.0115886,37.5212704,75.0,342.57,81.2,512.0,512.0
321,15.0116105,37.5213716,75.0,222.8,87.23,512.0,512.0
322,15.0115886,37.5212704,65.5,30.31,85.42,512.0,512.0
323,15.0115886,37.5212704,15.0,116.5,87.58,512.0,512.0
324,15.0106272,37.5214093,75.0,278.69,83.84,512.0,512.0
325,15.010475,37.5214244,75.0,168.13,94.84,512.0,512.0
326,15.0104285,37.5212921,75.0,14.75,82.43,512.0,512.0
327,15.009569,37.5215269,75.0,276.29,86.26,512.0,512.0
328,15.009569,37.5215269,75.0,13.34,96.2,512.0,512.0
329,15.0087249,37.5216122,75.0,317.94,82.96,512.0,512.0
330,15.008618,37.5216242,75.0,21.08,83.51,512.0,512.0
331,15.0086355,37.5217569,75.0,203.54,84.38,512.0,512.0
332,15.0085983,37.5216469,75.0,164.69,90.35,512.0,512.0
333,15.0085562,37.5214606,75.0,12.29,87.89,512.0,512.0
334,15.0078139,37.5217212,75.0,277.75,86.43,512.0,512.0
335,15.0077204,37.52173,75.0,277.75,86.43,512.0,512.0
336,15.00765,37.521609,75.0,18.3,83.42,512.0,512.0
337,15.0076801,37.5218871,46.9,359.85,84.17,512.0,512.0
338,15.0077269,37.5221546,75.0,21.32,83.7,512.0,512.0
339,15.0077668,37.522365,75.0,199.12,83.33,512.0,512.0
340,15.0077668,37.522365,75.0,1.03,84.7,512.0,512.0
341,15.0078291,37.5227314,75.0,18.47,81.88,512.0,512.0
342,15.0078137,37.5228856,75.0,289.95,91.99,512.0,512.0
343,15.0078137,37.5228856,75.0,107.35,85.62,512.0,512.0
344,15.0080422,37.522858,75.0,287.29,83.1,512.0,512.0
345,15.0078797,37.5230501,75.0,324.84,85.43,512.0,512.0
346,15.0078938,37.5231377,75.0,22.31,84.02,512.0,512.0
347,15.0079417,37.5233439,75.0,54.89,81.68,512.0,512.0
348,15.0079417,37.5233439,75.0,256.13,87.78,512.0,512.0
349,15.0079094,37.5234009,75.0,299.47,77.66,512.0,512.0
350,15.0083123,37.5233275,75.0,108.88,74.98,512.0,512.0
351,15.0079318,37.5233952,15.0,73.59,89.12,512.0,512.0
352,15.0088223,37.5233055,75.0,106.62,81.17,512.0,512.0
353,15.0088223,37.5233055,49.7,78.38,83.08,512.0,512.0
354,15.0089847,37.5233441,75.0,264.86,86.9,512.0,512.0
355,15.0090524,37.5236133,75.0,9.74,81.03,512.0,512.0
356,15.0090678,37.5237041,75.0,23.04,81.94,512.0,512.0
357,15.0090865,37.5237654,75.0,205.12,87.13,512.0,512.0
358,15.0090865,37.5237654,75.0,110.26,87.79,512.0,512.0
359,15.0090865,37.5237654,75.0,43.22,86.66,512.0,512.0
360,15.0092878,37.5237764,90.0,283.07,83.47,512.0,512.0
361,15.0092878,37.5237764,90.0,247.53,83.96,512.0,512.0
362,15.0092878,37.5237764,90.0,348.84,71.35,512.0,512.0
363,15.010026,37.5237022,75.0,259.07,82.69,512.0,512.0
364,15.0116589,37.5242367,75.0,244.17,78.2,512.0,512.0
365,15.0119894,37.5245742,75.0,131.78,81.43,512.0,512.0
366,15.0128254,37.5238211,75.0,260.85,75.31,512.0,512.0
367,15.0111694,37.5159521,75.0,143.33,75.24,512.0,512.0
368,15.0113113,37.5158298,51.9,116.64,80.4,512.0,512.0
369,15.0116032,37.5158546,48.9,314.58,83.85,512.0,512.0
370,15.0114072,37.5158127,75.0,24.1,75.05,512.0,512.0
371,15.0099776,37.5161983,48.9,280.13,92.06,512.0,512.0
372,15.0098627,37.516215,47.2,277.38,93.09,512.0,512.0
373,15.0096775,37.5156834,75.0,195.06,83.3,512.0,512.0
374,15.0096891,37.5155946,72.9,164.57,87.32,512.0,512.0
375,15.0096891,37.5155946,72.7,119.78,84.95,512.0,512.0
376,15.0098188,37.5154669,48.9,82.2,85.91,512.0,512.0
377,15.0102097,37.5156377,48.9,57.54,83.57,512.0,512.0
378,15.0104872,37.5157891,75.0,62.36,84.96,512.0,512.0
379,15.0086977,37.5152609,75.0,152.68,89.81,512.0,512.0
380,15.0086977,37.5152609,75.0,112.95,73.41,512.0,512.0
381,15.0086977,37.5152609,75.0,223.5,83.16,512.0,512.0
382,15.0088155,37.5146135,75.0,261.62,93.85,512.0,512.0
383,15.0081123,37.514634,75.0,281.59,86.27,512.0,512.0
384,15.007354,37.5146667,75.0,223.45,87.88,512.0,512.0
385,15.0065202,37.5147933,49.0,284.58,90.26,512.0,512.0
386,15.0065202,37.5147933,49.0,216.9,92.05,512.0,512.0
387,15.0063442,37.5148953,75.0,253.96,80.94,512.0,512.0
388,15.0058671,37.514819,48.9,283.44,83.68,512.0,512.0
389,15.0056878,37.5148501,75.0,255.3,83.86,512.0,512.0
390,15.0054779,37.5147148,47.3,349.69,89.11,512.0,512.0
391,15.0051963,37.515021,75.0,300.04,82.38,512.0,512.0
392,15.0050935,37.5150621,75.0,312.54,87.96,512.0,512.0
393,15.0048144,37.5152174,48.0,313.98,86.95,512.0,512.0
394,15.0043563,37.5155933,23.8,238.77,91.7,512.0,512.0
395,15.118773,37.5733722,38.7,355.3,86.41,512.0,512.0
396,15.1185156,37.573898,75.0,351.02,80.38,512.0,512.0
397,15.1181253,37.5746961,75.0,266.36,82.53,512.0,512.0
398,15.1194059,37.5752327,48.7,71.82,80.12,512.0,512.0
399,15.1198189,37.575388,75.0,69.17,79.37,512.0,512.0
400,15.1200458,37.5754539,75.0,98.26,87.01,512.0,512.0
401,15.1147644,37.5712657,75.0,117.96,73.62,512.0,512.0
402,15.1147343,37.5711783,51.0,25.65,84.87,512.0,512.0
403,15.1147343,37.5711783,51.0,194.8,85.2,512.0,512.0
404,15.114641,37.5707268,75.0,240.28,84.64,512.0,512.0
405,15.1146086,37.570771,75.0,221.72,80.7,512.0,512.0
406,15.1147014,37.5707361,75.0,111.85,82.67,512.0,512.0
407,15.1149372,37.5706732,75.0,294.49,84.43,512.0,512.0
408,15.1150472,37.5706472,75.0,150.6,80.06,512.0,512.0
409,15.1151601,37.5706243,75.0,107.19,78.28,512.0,512.0
410,15.1153943,37.5705796,75.0,181.36,81.59,512.0,512.0
411,15.112204,37.572731,75.0,245.38,83.55,512.0,512.0
412,15.1120062,37.5726656,75.0,232.16,80.9,512.0,512.0
413,15.1120062,37.5726656,75.0,297.42,77.11,512.0,512.0
414,15.1117845,37.5726247,90.0,181.41,73.82,512.0,512.0
415,15.1116146,37.5728442,48.9,166.06,82.86,512.0,512.0
416,15.1117311,37.5726045,75.0,227.17,81.91,512.0,512.0
417,15.1114588,37.5724134,75.0,88.34,84.32,512.0,512.0
418,15.1122345,37.5721719,75.0,313.16,80.68,512.0,512.0
419,15.1121273,37.5722055,48.8,314.1,83.64,512.0,512.0
420,15.1119443,37.572354,75.0,331.92,79.27,512.0,512.0
421,15.1115598,37.5724663,75.0,245.76,82.84,512.0,512.0
422,15.1099733,37.571545,75.0,235.78,84.54,512.0,512.0
423,15.1099733,37.571545,75.0,174.37,83.6,512.0,512.0
424,15.1096611,37.5712793,75.0,197.55,80.66,512.0,512.0
425,15.1093485,37.5710141,71.8,79.99,87.64,512.0,512.0
426,15.1092724,37.5709449,75.0,224.62,84.11,512.0,512.0
427,15.1093253,37.5706936,75.0,355.94,82.55,512.0,512.0
428,15.1093253,37.5706936,25.7,279.75,85.53,512.0,512.0
429,15.1090894,37.5707692,59.4,149.1,85.39,512.0,512.0
430,15.1086569,37.5702875,48.9,52.94,85.62,512.0,512.0
431,15.1085237,37.5701427,25.4,117.9,83.19,512.0,512.0
432,15.1085237,37.5701427,25.4,90.53,85.25,512.0,512.0
433,15.1080903,37.5696608,75.0,215.85,80.94,512.0,512.0
434,15.1081925,37.569441,75.0,322.95,83.06,512.0,512.0
435,15.108125,37.5694908,26.2,8.61,89.5,512.0,512.0
436,15.1079949,37.569563,75.0,246.19,83.17,512.0,512.0
437,15.107863,37.5694149,72.4,63.45,82.03,512.0,512.0
438,15.1076621,37.5691941,48.8,234.53,82.03,512.0,512.0
439,15.1073305,37.5688304,75.0,231.23,98.55,512.0,512.0
440,15.1073305,37.5688304,16.5,185.1,87.85,512.0,512.0
441,15.1070382,37.5685077,55.1,61.87,87.09,512.0,512.0
442,15.1068071,37.5682545,75.0,225.28,82.86,512.0,512.0
443,15.1065963,37.5680333,75.0,222.92,82.86,512.0,512.0
444,15.1065238,37.5679725,75.0,247.26,83.21,512.0,512.0
445,15.1065955,37.5679672,75.0,55.43,89.4,512.0,512.0
446,15.1065238,37.5679725,75.0,67.59,71.97,512.0,512.0
447,15.1063258,37.5678195,51.7,224.65,81.48,512.0,512.0
448,15.1058596,37.5679697,49.3,151.35,79.32,512.0,512.0
449,15.1060825,37.5678005,48.9,132.39,82.26,512.0,512.0
450,15.1060825,37.5678005,15.0,194.44,90.08,512.0,512.0
451,15.1060502,37.5675152,47.5,217.53,83.48,512.0,512.0
452,15.1057404,37.5667625,90.0,236.42,66.43,512.0,512.0
453,15.1057092,37.5666775,73.8,199.77,85.26,512.0,512.0
454,15.1057092,37.5666775,45.7,174.2,88.06,512.0,512.0
455,15.1056534,37.5665011,23.9,206.44,84.62,512.0,512.0
456,15.1056028,37.566091,23.1,152.48,85.99,512.0,512.0
457,15.105646,37.5657337,74.3,23.42,85.9,512.0,512.0
458,15.105646,37.5657337,15.0,6.57,88.6,512.0,512.0
459,15.1057001,37.5655578,75.0,160.14,73.26,512.0,512.0
460,15.1058174,37.5652999,75.0,203.16,77.44,512.0,512.0
461,15.1061251,37.5647148,75.0,171.25,77.92,512.0,512.0
462,15.1061732,37.5646311,46.9,205.75,84.39,512.0,512.0
463,15.1062623,37.5644693,75.0,20.42,73.61,512.0,512.0
464,15.1064553,37.5641714,48.7,86.33,84.33,512.0,512.0
465,15.1066441,37.5642172,90.0,100.54,86.77,512.0,512.0
466,15.1079154,37.5645977,48.0,95.35,86.34,512.0,512.0
467,15.1081305,37.5646528,75.0,121.87,79.59,512.0,512.0
468,15.1081305,37.5646528,75.0,8.06,82.05,512.0,512.0
469,15.1082315,37.5646954,48.8,75.15,85.17,512.0,512.0
470,15.1084274,37.5647918,47.4,63.94,87.96,512.0,512.0
471,15.1084274,37.5647918,47.4,40.43,88.07,512.0,512.0
472,15.1084274,37.5647918,47.4,332.56,90.43,512.0,512.0
473,15.108291,37.564938,48.5,127.75,89.95,512.0,512.0
474,15.108291,37.564938,23.8,108.16,89.45,512.0,512.0
475,15.1085546,37.564875,51.8,62.19,89.85,512.0,512.0
476,15.1087051,37.565017,49.3,19.44,89.44,512.0,512.0
477,15.1089894,37.5653047,46.9,27.01,89.43,512.0,512.0
478,15.1092521,37.5656061,75.0,357.49,87.5,512.0,512.0
479,15.1093826,37.565759,75.0,119.55,84.9,512.0,512.0
480,15.109416,37.5657968,75.0,275.99,91.88,512.0,512.0
481,15.1097061,37.5661885,74.4,289.3,81.27,512.0,512.0
482,15.1097061,37.5661885,74.4,227.02,93.86,512.0,512.0
483,15.1097518,37.5661555,66.4,156.9,82.64,512.0,512.0
484,15.1097518,37.5661555,39.0,88.17,87.76,512.0,512.0
485,15.1098614,37.566273,48.7,39.87,88.83,512.0,512.0
486,15.110181,37.5662516,49.7,100.68,89.44,512.0,512.0
487,15.1105318,37.5662392,75.0,112.52,84.34,512.0,512.0
488,15.1108658,37.5661562,26.0,121.06,90.54,512.0,512.0
489,15.1109812,37.5660126,47.1,11.35,90.07,512.0,512.0
490,15.1110163,37.5662009,90.0,268.42,91.0,512.0,512.0
491,15.1110873,37.5662718,86.1,209.65,82.46,512.0,512.0
492,15.1114184,37.5660497,48.8,311.02,81.47,512.0,512.0
493,15.1121719,37.5660094,23.3,78.04,79.33,512.0,512.0
494,15.1122857,37.5659938,75.0,220.75,83.2,512.0,512.0
495,15.0665797,37.5995182,75.0,189.63,81.72,512.0,512.0
496,15.0662241,37.6003837,51.0,272.76,85.37,512.0,512.0
497,15.0661877,37.6004697,27.3,15.07,86.68,512.0,512.0
498,15.0661877,37.6004697,27.3,319.92,87.9,512.0,512.0
499,15.0659744,37.6009884,48.9,350.05,86.53,512.0,512.0
500,15.0656886,37.6016753,48.9,296.12,84.7,512.0,512.0
501,15.0656517,37.6017612,24.3,311.62,87.59,512.0,512.0
502,15.0655791,37.6019316,75.0,0.54,87.1,512.0,512.0
503,15.0655445,37.6020169,75.0,341.0,88.12,512.0,512.0
504,15.0654463,37.60227,73.4,342.54,88.14,512.0,512.0
505,15.0653812,37.6024341,73.6,314.79,87.22,512.0,512.0
506,15.0653074,37.6024458,46.9,251.09,83.99,512.0,512.0
507,15.0651908,37.6024429,75.0,222.55,78.32,512.0,512.0
508,15.0650558,37.602258,75.0,41.33,83.21,512.0,512.0
509,15.0651651,37.6023629,75.0,108.41,83.02,512.0,512.0
510,15.0651651,37.6023629,48.5,19.16,87.29,512.0,512.0
511,15.065315,37.6025438,75.0,251.19,78.61,512.0,512.0
512,15.065315,37.6025438,75.0,321.63,81.74,512.0,512.0
513,15.065155,37.6029365,50.1,175.84,84.53,512.0,512.0
514,15.0650305,37.603194,22.3,167.86,86.22,512.0,512.0
515,15.0647448,37.6032862,75.0,80.56,85.94,512.0,512.0
516,15.064327,37.603151,75.0,299.15,79.63,512.0,512.0
517,15.063877,37.6032492,48.1,306.88,86.06,512.0,512.0
518,15.0635873,37.6033686,48.9,251.74,66.68,512.0,512.0
519,15.0635124,37.6035056,75.0,214.54,78.01,512.0,512.0
520,15.0635124,37.6035056,90.0,192.28,78.78,512.0,512.0
521,15.0633597,37.6032189,75.0,63.15,78.07,512.0,512.0
522,15.0635689,37.6033124,48.9,324.3,64.52,512.0,512.0
523,15.0645238,37.6045938,47.8,3.04,86.48,512.0,512.0
524,15.0644819,37.6048674,48.9,215.86,85.71,512.0,512.0
525,15.0644591,37.6053157,48.9,216.27,86.52,512.0,512.0
526,15.0644914,37.6054977,75.0,8.72,85.84,512.0,512.0
527,15.0647616,37.607141,48.9,46.26,84.54,512.0,512.0
528,15.0649677,37.6082403,75.0,31.86,86.29,512.0,512.0
529,15.0649816,37.6083841,75.0,45.02,85.93,512.0,512.0
530,15.065087,37.6084,48.9,31.48,87.14,512.0,512.0
531,15.065087,37.6084,74.8,339.54,86.18,512.0,512.0
532,15.0651445,37.6085499,49.9,21.04,87.39,512.0,512.0
533,15.0651491,37.6086434,47.9,307.38,74.86,512.0,512.0
534,15.0650164,37.6085662,24.9,231.63,80.98,512.0,512.0
535,15.0647184,37.6085099,47.6,108.05,86.14,512.0,512.0
536,15.0650164,37.6085662,18.2,60.38,88.6,512.0,512.0
537,15.0653195,37.6089813,48.9,42.63,82.34,512.0,512.0
538,15.065591,37.6092176,48.9,230.18,81.13,512.0,512.0
539,15.0653795,37.6091066,60.9,256.58,82.82,512.0,512.0
540,15.0652592,37.6091446,48.9,296.32,79.64,512.0,512.0
541,15.0651424,37.6095765,25.0,183.09,88.39,512.0,512.0
542,15.0634912,37.6130283,46.9,348.89,89.57,512.0,512.0
543,15.0634912,37.6130283,23.3,67.83,88.47,512.0,512.0
544,15.063243,37.6134912,75.0,17.63,85.18,512.0,512.0
545,15.0633687,37.6133355,46.9,138.88,82.85,512.0,512.0
546,15.0636533,37.6131749,24.9,119.87,84.91,512.0,512.0
547,15.0639982,37.6132731,24.1,243.44,86.76,512.0,512.0
548,15.0668963,37.6147357,47.5,242.46,78.55,512.0,512.0
549,15.0667065,37.6147607,46.4,192.24,82.8,512.0,512.0
550,15.0665305,37.6154798,75.0,304.28,81.79,512.0,512.0
551,15.0662908,37.6155384,79.9,108.98,87.1,512.0,512.0
552,15.0661619,37.6155526,75.0,302.85,78.27,512.0,512.0
553,15.0658374,37.6157455,75.0,291.62,83.49,512.0,512.0
554,15.0654414,37.6157868,75.0,295.56,84.15,512.0,512.0
555,15.065212,37.6159394,16.5,219.13,89.8,512.0,512.0
556,15.0654414,37.6157868,50.7,111.67,86.54,512.0,512.0
557,15.0661619,37.6155526,75.0,113.35,91.18,512.0,512.0
558,15.06613,37.6172806,75.0,344.08,85.99,512.0,512.0
559,15.0660742,37.6175435,75.0,6.38,86.84,512.0,512.0
560,15.0660742,37.6175435,75.0,316.82,86.65,512.0,512.0
561,15.0660075,37.6176779,48.1,322.03,86.92,512.0,512.0
562,15.0660453,37.6177598,75.0,354.63,88.85,512.0,512.0
563,15.0661244,37.6178735,75.0,78.69,81.81,512.0,512.0
564,15.0661244,37.6178735,75.0,351.23,86.89,512.0,512.0
565,15.0661244,37.6178735,75.0,279.28,84.33,512.0,512.0
566,15.0661662,37.6179207,47.6,316.87,85.06,512.0,512.0
567,15.0659757,37.6180617,25.3,187.49,87.07,512.0,512.0
568,15.0659757,37.6180617,25.3,172.91,87.35,512.0,512.0
569,15.0659757,37.6180617,25.3,152.76,78.78,512.0,512.0
570,15.0655762,37.6186495,75.0,39.65,86.52,512.0,512.0
571,15.065605,37.6183942,90.0,172.5,78.22,512.0,512.0
572,15.0656063,37.6182713,75.0,125.78,72.64,512.0,512.0
573,15.0655695,37.6181963,75.0,151.21,80.93,512.0,512.0
574,15.0655695,37.6181963,26.5,124.92,86.1,512.0,512.0
575,15.0654049,37.6182485,75.0,298.69,80.91,512.0,512.0
576,15.0648593,37.6184534,47.9,256.52,81.61,512.0,512.0
577,15.0647157,37.6183157,46.9,48.69,83.41,512.0,512.0
578,15.0645741,37.6185429,47.9,262.79,86.14,512.0,512.0
579,15.0644077,37.6186037,46.9,322.48,90.14,512.0,512.0
580,15.0653835,37.6188407,49.7,271.89,84.15,512.0,512.0
581,15.058595,37.6197755,47.6,69.04,81.81,512.0,512.0
582,15.058595,37.6197755,73.2,356.58,87.55,512.0,512.0
583,15.0581616,37.620039,48.1,137.16,81.62,512.0,512.0
584,15.0581616,37.620039,48.1,319.19,85.49,512.0,512.0
585,15.0581616,37.620039,48.1,14.43,86.48,512.0,512.0
586,15.0581881,37.6201844,23.6,216.74,88.93,512.0,512.0
587,15.058213,37.6206601,48.2,151.93,78.94,512.0,512.0
588,15.0713496,37.6174865,47.6,33.28,80.45,512.0,512.0
589,15.0729815,37.6172615,75.0,95.49,77.85,512.0,512.0
590,15.0731504,37.6170624,41.6,183.79,84.93,512.0,512.0
591,15.0731294,37.616422,48.3,185.58,86.34,512.0,512.0
592,15.0732901,37.6167993,49.1,287.87,90.26,512.0,512.0
593,15.0733191,37.6173479,48.9,119.97,82.78,512.0,512.0
594,15.0733191,37.6173479,48.9,79.8,86.31,512.0,512.0
595,15.0734752,37.6176073,48.9,236.19,88.88,512.0,512.0
596,15.0731678,37.6178098,25.2,91.77,87.7,512.0,512.0
597,15.0735131,37.6182204,47.6,19.9,88.35,512.0,512.0
598,15.0737736,37.6192131,75.0,359.68,86.91,512.0,512.0
599,15.073796,37.6194761,61.5,339.46,65.68,512.0,512.0
600,15.0726661,37.6162525,47.8,104.97,85.11,512.0,512.0
601,15.0730035,37.6162444,48.9,77.55,82.52,512.0,512.0
602,15.0732846,37.6162382,25.3,103.02,85.52,512.0,512.0
603,15.0737779,37.6162305,48.0,114.45,86.29,512.0,512.0
604,15.0741011,37.6162008,48.9,326.84,90.7,512.0,512.0
605,15.0745141,37.6160514,46.9,359.81,86.31,512.0,512.0
606,15.0751268,37.6162006,75.0,13.88,82.81,512.0,512.0
607,15.0751268,37.6162006,75.0,312.31,84.13,512.0,512.0
608,15.0748469,37.6162039,15.0,274.05,91.31,512.0,512.0
609,15.0750995,37.6162942,75.0,196.86,80.07,512.0,512.0
610,15.0763631,37.6161796,24.4,108.27,86.18,512.0,512.0
611,15.0765847,37.6161749,75.0,44.38,82.72,512.0,512.0
612,15.0766177,37.6163581,46.9,189.26,79.77,512.0,512.0
613,15.0766147,37.6158188,46.9,192.17,81.63,512.0,512.0
614,15.0777093,37.6161519,48.9,109.04,83.72,512.0,512.0
615,15.0779307,37.6161461,43.4,129.55,85.95,512.0,512.0
616,15.0783749,37.6161301,24.3,101.41,86.96,512.0,512.0
617,15.078633,37.6161251,48.0,68.54,82.57,512.0,512.0
618,15.0787609,37.6163123,46.9,186.44,88.47,512.0,512.0
619,15.0787232,37.6166873,75.0,177.84,90.3,512.0,512.0
620,15.0787893,37.6167014,47.6,103.24,85.32,512.0,512.0
621,15.0787893,37.6167014,28.5,49.41,86.39,512.0,512.0
622,15.0787893,37.6167014,54.8,14.18,85.26,512.0,512.0
623,15.0788956,37.6167974,47.1,349.7,88.25,512.0,512.0
624,15.0785812,37.6170053,24.9,114.53,84.48,512.0,512.0
625,15.0783336,37.6170265,49.6,293.34,88.74,512.0,512.0
626,15.0788032,37.6169843,25.2,22.94,88.67,512.0,512.0
627,15.0788488,37.617825,48.8,37.47,83.9,512.0,512.0
628,15.0790467,37.6216135,75.0,45.27,80.2,512.0,512.0
629,15.0790587,37.621891,48.9,79.09,86.66,512.0,512.0
630,15.0790587,37.621891,48.9,124.37,90.87,512.0,512.0
631,15.079569,37.6224222,75.0,66.18,80.62,512.0,512.0
632,15.0798586,37.6223987,23.3,106.93,87.57,512.0,512.0
633,15.0798586,37.6223987,23.3,88.87,87.45,512.0,512.0
634,15.0800858,37.6224043,24.3,153.01,87.12,512.0,512.0
635,15.0801995,37.621727,75.0,189.81,79.41,512.0,512.0
636,15.0802289,37.6215243,75.0,197.28,85.88,512.0,512.0
637,15.0803405,37.6215186,48.9,85.94,82.45,512.0,512.0
638,15.0805414,37.6215974,75.0,86.89,83.78,512.0,512.0
639,15.0806569,37.6214895,75.0,358.06,86.18,512.0,512.0
640,15.0806569,37.6214895,47.7,175.71,76.59,512.0,512.0
641,15.0807455,37.6213071,48.4,32.59,89.47,512.0,512.0
642,15.0803562,37.6222905,15.0,302.69,89.87,512.0,512.0
643,15.0803412,37.6224759,75.0,103.12,82.38,512.0,512.0
644,15.0833545,37.6161643,75.0,125.36,76.14,512.0,512.0
645,15.0834896,37.6162521,48.9,326.8,90.75,512.0,512.0
646,15.0834517,37.6153453,75.0,84.95,76.26,512.0,512.0
647,15.083661,37.6151339,75.0,180.51,82.37,512.0,512.0
648,15.0848077,37.6158829,48.9,115.79,79.43,512.0,512.0
649,15.0845952,37.6158551,75.0,84.27,74.5,512.0,512.0
650,15.0872177,37.6158701,49.0,83.39,78.44,512.0,512.0
651,15.0873263,37.6159048,75.0,109.28,72.88,512.0,512.0
652,15.0875978,37.6157128,48.3,323.93,88.95,512.0,512.0
653,15.0875089,37.6158095,20.1,18.6,86.91,512.0,512.0
654,15.0881203,37.6165019,47.8,210.78,90.62,512.0,512.0
655,15.0882769,37.6164381,48.4,124.07,81.67,512.0,512.0
656,15.0936131,37.6131669,47.7,136.73,81.89,512.0,512.0
657,15.0939302,37.6129654,75.0,133.59,79.0,512.0,512.0
658,15.093844,37.6128365,49.9,244.65,86.81,512.0,512.0
659,15.0931809,37.6123019,49.2,161.01,74.66,512.0,512.0
660,15.0926557,37.6120431,75.0,328.93,74.98,512.0,512.0
661,15.0920711,37.6123923,41.2,303.39,83.92,512.0,512.0
662,15.096075,37.6087334,37.1,29.9,86.23,512.0,512.0
663,15.0962531,37.6091537,75.0,67.7,86.71,512.0,512.0
664,15.096164,37.6095288,72.8,170.14,86.13,512.0,512.0
665,15.0965206,37.6097965,25.4,53.71,86.61,512.0,512.0
666,15.0968972,37.6102545,48.9,27.96,80.59,512.0,512.0
667,15.0969467,37.6103304,48.9,50.46,85.04,512.0,512.0
668,15.0970185,37.6103606,75.0,157.54,77.4,512.0,512.0
669,15.0970185,37.6103606,75.0,214.41,78.25,512.0,512.0
670,15.097322,37.6085596,27.1,19.16,88.66,512.0,512.0
671,15.0973473,37.6086443,46.9,253.54,86.52,512.0,512.0
672,15.0970809,37.608758,48.9,144.83,84.12,512.0,512.0
673,15.097175,37.6080341,48.8,217.65,85.6,512.0,512.0
674,15.0970873,37.6076745,75.0,143.52,86.09,512.0,512.0
675,15.096671,37.6061272,47.8,265.66,85.73,512.0,512.0
676,15.0966412,37.6059009,41.2,219.24,85.57,512.0,512.0
677,15.0967525,37.60509,48.9,226.29,89.02,512.0,512.0
678,15.0969789,37.6042829,48.1,183.48,86.53,512.0,512.0
679,15.0970326,37.6041179,46.9,190.93,88.75,512.0,512.0
680,15.0972119,37.6008694,46.9,202.38,87.72,512.0,512.0
681,15.0971733,37.6002405,48.5,204.01,88.42,512.0,512.0
682,15.0971344,37.5995982,48.9,198.82,83.45,512.0,512.0
683,15.0971288,37.5995039,22.5,191.9,85.92,512.0,512.0
684,15.0970684,37.5993944,75.0,167.53,88.21,512.0,512.0
685,15.0970684,37.5993944,75.0,211.52,76.44,512.0,512.0
686,15.0969877,37.5993398,75.4,181.85,58.97,512.0,512.0
687,15.0969877,37.5993398,75.4,295.57,71.37,512.0,512.0
688,15.0968476,37.5992256,48.9,155.16,80.64,512.0,512.0
689,15.0968983,37.598971,75.0,123.73,71.46,512.0,512.0
690,15.0970495,37.5982487,23.7,6.49,88.52,512.0,512.0
691,15.0970884,37.5988455,47.2,5.27,88.61,512.0,512.0
692,15.097067,37.5977119,47.7,46.29,87.69,512.0,512.0
693,15.0970669,37.597624,20.4,197.07,83.34,512.0,512.0
694,15.0970634,37.5970119,75.0,209.44,80.88,512.0,512.0
695,15.0968248,37.5957956,46.9,194.23,80.02,512.0,512.0
697,15.0967859,37.5951337,75.0,246.81,78.82,512.0,512.0
698,15.0966571,37.5943223,75.0,35.61,65.35,512.0,512.0
699,15.0954844,37.5935742,49.6,292.02,91.8,512.0,512.0
700,15.0949067,37.5935601,23.2,95.53,90.15,512.0,512.0
701,15.0941866,37.5935608,18.4,271.45,86.9,512.0,512.0
702,15.0941866,37.5935608,72.1,159.38,81.85,512.0,512.0
703,15.0888798,37.5878709,75.0,189.07,84.02,512.0,512.0
704,15.0890666,37.5875439,24.5,164.07,87.8,512.0,512.0
705,15.0895328,37.5870412,51.0,299.93,86.08,512.0,512.0
706,15.0896401,37.58653,54.3,45.91,87.61,512.0,512.0
707,15.0898771,37.5861397,75.0,173.39,80.72,512.0,512.0
708,15.0881719,37.5851862,75.0,306.34,80.75,512.0,512.0
709,15.092164,37.5835847,75.0,174.23,79.91,512.0,512.0
710,15.0922184,37.583412,75.0,254.48,94.62,512.0,512.0
711,15.0922314,37.5833678,37.6,72.83,89.53,512.0,512.0
712,15.0923445,37.5829961,47.5,181.25,86.8,512.0,512.0
713,15.0923887,37.5829044,90.0,27.15,84.07,512.0,512.0
714,15.0923432,37.5828397,46.9,144.8,73.77,512.0,512.0
715,15.0924456,37.5825611,75.0,188.19,87.81,512.0,512.0
716,15.0925228,37.5822869,48.6,184.37,86.16,512.0,512.0
717,15.0926257,37.5820423,47.9,164.76,85.58,512.0,512.0
718,15.092672,37.58196,47.6,111.42,86.96,512.0,512.0
719,15.0928669,37.5819225,22.4,296.42,89.75,512.0,512.0
720,15.0924797,37.5825771,75.3,0.3,86.08,512.0,512.0
721,15.0924819,37.5827302,46.9,276.57,74.46,512.0,512.0
722,15.0924819,37.5827302,46.9,323.25,76.88,512.0,512.0
723,15.0926676,37.5828413,47.4,84.05,85.54,512.0,512.0
724,15.0932273,37.5831007,23.3,84.68,85.43,512.0,512.0
725,15.0936401,37.5832729,47.3,323.62,91.04,512.0,512.0
726,15.0939558,37.5834071,75.0,101.12,81.19,512.0,512.0
727,15.094115,37.5834899,75.0,37.41,82.04,512.0,512.0
728,15.0940456,37.5836425,48.9,160.87,84.08,512.0,512.0
729,15.0942116,37.583256,24.8,350.62,90.9,512.0,512.0
730,15.0943302,37.5830791,75.0,221.27,80.4,512.0,512.0
731,15.0992849,37.5808365,48.9,108.74,85.42,512.0,512.0
732,15.0995143,37.5807849,34.3,91.8,85.9,512.0,512.0
733,15.0995143,37.5807849,34.3,136.4,85.85,512.0,512.0
734,15.0998217,37.5807833,75.0,101.26,89.67,512.0,512.0
735,15.0999473,37.5807755,75.0,326.44,77.44,512.0,512.0
736,15.1032418,37.592676,75.0,292.26,86.81,512.0,512.0
737,15.1042827,37.5927525,23.3,63.06,87.52,512.0,512.0
738,15.1045635,37.592966,75.0,194.85,72.08,512.0,512.0
739,15.10458,37.5930498,75.0,226.94,71.48,512.0,512.0
740,15.1046059,37.5931369,75.0,127.97,65.3,512.0,512.0
741,15.1047018,37.5933915,23.5,28.08,89.4,512.0,512.0
742,15.1047587,37.5936729,46.9,21.93,85.75,512.0,512.0
743,15.1050075,37.594895,46.9,19.29,85.82,512.0,512.0
744,15.1061952,37.5964246,47.6,82.03,77.87,512.0,512.0
745,15.1061952,37.5964246,47.6,165.16,84.37,512.0,512.0
746,15.106402,37.5957387,48.9,217.83,83.89,512.0,512.0
747,15.1066374,37.5953223,48.7,92.19,84.56,512.0,512.0
748,15.1066374,37.5953223,15.0,343.48,91.35,512.0,512.0
749,15.1077127,37.59572,75.0,82.66,81.95,512.0,512.0
750,15.1079959,37.5958468,48.7,92.27,84.83,512.0,512.0
751,15.1089973,37.5960714,49.1,77.43,84.31,512.0,512.0
752,15.1091424,37.5961141,90.0,137.12,87.15,512.0,512.0
753,15.1091959,37.5962006,48.0,346.9,87.25,512.0,512.0
754,15.1090697,37.5963187,75.0,168.47,83.41,512.0,512.0
755,15.1097096,37.5952652,75.0,177.9,85.3,512.0,512.0
756,15.1088162,37.5948903,75.0,265.25,85.02,512.0,512.0
757,15.1086949,37.5949598,75.0,170.24,83.4,512.0,512.0
758,15.1081102,37.5945444,75.0,269.81,86.24,512.0,512.0
759,15.108026,37.5944991,75.0,175.8,82.71,512.0,512.0
760,15.1142313,37.5886051,46.9,70.89,89.3,512.0,512.0
761,15.1144659,37.5887124,47.7,352.46,79.26,512.0,512.0
762,15.1143689,37.5889499,75.0,166.76,83.62,512.0,512.0
763,15.1252265,37.588973,48.8,90.23,79.76,512.0,512.0
764,15.1306386,37.5895102,48.3,216.27,89.5,512.0,512.0
765,15.1309862,37.5891541,75.0,260.49,80.66,512.0,512.0
766,15.1309516,37.589109,75.0,160.73,82.28,512.0,512.0
768,15.1313142,37.5885125,46.9,98.21,86.03,512.0,512.0
769,15.1314894,37.588318,46.9,14.43,85.52,512.0,512.0
770,15.1314894,37.588318,46.9,178.24,86.44,512.0,512.0
771,15.1320545,37.5872191,75.0,43.65,81.78,512.0,512.0
772,15.1319526,37.5860422,75.0,230.95,77.1,512.0,512.0
773,15.1369242,37.5889228,75.0,152.09,82.08,512.0,512.0
774,15.1369406,37.5887407,75.0,109.99,76.14,512.0,512.0
775,15.1370646,37.5886143,63.6,307.81,83.02,512.0,512.0
776,15.1370646,37.5886143,17.7,355.62,91.01,512.0,512.0
777,15.1370646,37.5886143,57.3,207.04,73.2,512.0,512.0
778,15.1369436,37.5883715,46.9,28.03,78.01,512.0,512.0
779,15.1370076,37.5884438,75.0,340.29,63.01,512.0,512.0
780,15.1370076,37.5884438,75.0,31.43,70.76,512.0,512.0
781,15.1388294,37.5878164,75.0,33.59,84.77,512.0,512.0
782,15.1388294,37.5878164,47.7,209.03,83.2,512.0,512.0
783,15.1388084,37.5879043,75.0,250.76,90.26,512.0,512.0
784,15.1388084,37.5879043,75.0,142.03,85.05,512.0,512.0
785,15.1389528,37.587787,75.0,305.2,86.95,512.0,512.0
786,15.1406348,37.5874857,75.0,280.29,84.86,512.0,512.0
787,15.1406348,37.5874857,75.0,57.2,87.36,512.0,512.0
788,15.140831,37.5873765,75.0,83.45,84.7,512.0,512.0
789,15.141375,37.5866295,75.0,81.65,77.93,512.0,512.0
790,15.1417059,37.5860933,75.0,172.31,80.65,512.0,512.0
791,15.1419376,37.5861162,23.7,283.06,90.54,512.0,512.0
792,15.1417242,37.5860223,75.0,84.64,82.56,512.0,512.0
793,15.1417715,37.5858425,75.0,202.95,83.79,512.0,512.0
794,15.1413842,37.5856979,24.9,84.54,83.37,512.0,512.0
795,15.1419427,37.5852707,46.9,195.93,82.19,512.0,512.0
796,15.1420967,37.5847372,47.9,189.01,85.54,512.0,512.0
797,15.1421824,37.5843679,17.3,249.24,86.77,512.0,512.0
798,15.1422696,37.5840648,75.0,197.95,87.61,512.0,512.0
799,15.1422147,37.5839341,75.0,218.77,87.33,512.0,512.0
800,15.1421889,37.5838521,48.9,172.02,82.29,512.0,512.0
801,15.1421889,37.5838521,23.6,239.88,94.47,512.0,512.0
802,15.1420451,37.5837359,75.0,175.04,67.57,512.0,512.0
803,15.1420691,37.5836275,75.0,75.73,75.82,512.0,512.0
804,15.1422163,37.5836062,75.0,57.88,70.43,512.0,512.0
805,15.1423832,37.5836678,75.0,64.11,79.23,512.0,512.0
806,15.1423832,37.5836678,75.0,30.36,77.34,512.0,512.0
807,15.1424897,37.5837759,23.5,330.67,87.29,512.0,512.0
808,15.1424897,37.5837759,23.5,60.68,79.94,512.0,512.0
809,15.1421218,37.5835011,25.7,72.03,87.18,512.0,512.0
810,15.1420691,37.5836275,48.9,343.71,80.2,512.0,512.0
811,15.1418958,37.583231,75.0,222.21,81.55,512.0,512.0
812,15.1418586,37.5831435,75.0,131.21,83.8,512.0,512.0
813,15.1416488,37.5826571,75.0,244.96,82.84,512.0,512.0
814,15.1415707,37.5824827,48.9,64.86,85.35,512.0,512.0
815,15.141494,37.5823117,46.1,223.01,86.76,512.0,512.0
816,15.1410745,37.5813655,75.0,241.36,85.44,512.0,512.0
817,15.1409994,37.5811951,35.9,55.36,84.62,512.0,512.0
818,15.1409242,37.5810225,48.9,221.98,83.16,512.0,512.0
819,15.1408516,37.5808495,36.1,310.52,70.24,512.0,512.0
820,15.1408516,37.5808495,36.1,258.04,80.38,512.0,512.0
821,15.139825,37.5809396,39.4,104.81,85.0,512.0,512.0
822,15.1405845,37.580853,75.0,132.29,75.75,512.0,512.0
823,15.1407189,37.5808979,15.1,165.86,86.78,512.0,512.0
824,15.1407966,37.5807186,75.0,277.95,78.24,512.0,512.0
825,15.1407584,37.5806314,48.0,228.68,87.42,512.0,512.0
826,15.1406066,37.5802968,50.0,248.07,85.04,512.0,512.0
827,15.1405155,37.5801001,35.9,223.57,91.33,512.0,512.0
828,15.1404428,37.5799376,24.0,212.24,90.56,512.0,512.0
829,15.1402426,37.579763,75.0,180.28,72.83,512.0,512.0
830,15.1402426,37.579763,75.0,124.46,77.68,512.0,512.0
831,15.1397206,37.5798191,75.0,93.69,78.96,512.0,512.0
832,15.1401131,37.579816,48.2,117.35,80.36,512.0,512.0
833,15.1402426,37.579763,75.0,175.82,76.24,512.0,512.0
834,15.1401231,37.5792332,75.0,233.57,87.18,512.0,512.0
835,15.1394733,37.5784372,75.0,223.79,75.68,512.0,512.0
836,15.1394684,37.5778511,75.0,150.49,76.88,512.0,512.0
837,15.1398001,37.5777544,75.0,126.28,79.49,512.0,512.0
838,15.1390726,37.5777345,75.0,217.92,79.79,512.0,512.0
839,15.1389768,37.577578,48.1,176.58,79.71,512.0,512.0
840,15.1387766,37.5773793,49.2,191.67,75.16,512.0,512.0
841,15.1385689,37.5772238,36.3,70.38,78.08,512.0,512.0
842,15.1387054,37.5771055,37.6,101.59,71.27,512.0,512.0
843,15.1390487,37.576333,75.0,314.73,82.93,512.0,512.0
844,15.1386956,37.5760226,47.9,206.91,87.44,512.0,512.0
845,15.1386236,37.5752808,23.1,46.72,94.86,512.0,512.0
846,15.1383884,37.5752056,75.0,104.44,72.83,512.0,512.0
847,15.1384485,37.5751256,75.0,126.31,63.49,512.0,512.0
848,15.1385695,37.5747113,24.9,189.54,82.99,512.0,512.0
849,15.1385526,37.5743822,21.3,204.96,85.22,512.0,512.0
850,15.138528,37.5742762,48.0,35.29,75.38,512.0,512.0
851,15.1384818,37.5742191,48.4,158.69,76.43,512.0,512.0
852,15.1384539,37.5740161,75.0,189.76,78.62,512.0,512.0
853,15.1384981,37.5738336,69.7,10.77,81.99,512.0,512.0
854,15.138123,37.5689058,23.8,25.05,86.96,512.0,512.0
855,15.1372253,37.5668084,75.0,269.1,67.18,512.0,512.0
856,15.1379945,37.5664831,17.8,303.08,94.25,512.0,512.0
857,15.1378949,37.5663123,75.0,52.86,78.84,512.0,512.0
858,15.140269,37.5656695,75.0,164.04,77.72,512.0,512.0
859,15.1408184,37.565785,75.0,68.76,72.63,512.0,512.0
860,15.1477978,37.5701318,75.0,71.22,78.02,512.0,512.0
861,15.1479569,37.5701717,48.0,103.89,83.14,512.0,512.0
862,15.1504974,37.5694359,75.0,183.3,80.68,512.0,512.0
863,15.1504974,37.5694359,28.6,211.8,83.11,512.0,512.0
864,15.1503162,37.5691513,37.6,244.38,84.32,512.0,512.0
865,15.1504003,37.5692048,75.0,51.79,88.75,512.0,512.0
866,15.1504928,37.5692627,47.9,133.22,87.6,512.0,512.0
867,15.1540703,37.5666373,75.0,167.42,76.83,512.0,512.0
868,15.1514499,37.5632625,22.4,265.73,88.37,512.0,512.0
869,15.1514383,37.5634484,24.6,18.52,94.78,512.0,512.0
870,15.1513955,37.563364,20.5,225.83,83.19,512.0,512.0
871,15.1499127,37.560719,46.9,195.48,81.79,512.0,512.0
872,15.1500869,37.5604145,75.0,198.82,69.54,512.0,512.0
873,15.1488923,37.5599247,46.9,235.21,76.31,512.0,512.0
874,15.1483207,37.5586909,48.2,195.84,79.74,512.0,512.0
875,15.1482776,37.5585145,24.9,203.86,72.8,512.0,512.0
876,15.1480427,37.557982,49.4,162.62,76.38,512.0,512.0
877,15.147006,37.5570954,75.0,254.47,78.24,512.0,512.0
878,15.1463562,37.5568249,46.6,248.05,87.45,512.0,512.0
879,15.1462564,37.5567824,47.4,158.09,82.59,512.0,512.0
880,15.1158848,37.6069967,50.3,120.55,86.42,512.0,512.0
881,15.1160208,37.6069765,48.4,61.83,75.73,512.0,512.0
882,15.1164325,37.6067926,75.0,328.4,79.11,512.0,512.0
883,15.1163322,37.6069425,75.0,334.28,78.07,512.0,512.0
884,15.1162048,37.6073112,66.7,191.5,70.24,512.0,512.0
885,15.1165113,37.6069934,49.1,113.21,81.89,512.0,512.0
886,15.1167234,37.6069822,23.4,282.36,86.76,512.0,512.0
887,15.1169444,37.6069658,75.0,30.6,79.68,512.0,512.0
888,15.1178516,37.6068857,49.1,128.1,74.57,512.0,512.0
889,15.1181985,37.6068671,62.3,209.71,83.51,512.0,512.0
890,15.1184332,37.6068584,75.0,100.13,81.05,512.0,512.0
891,15.1185166,37.606854,75.0,131.5,81.05,512.0,512.0
892,15.118589,37.6069598,75.0,249.44,85.1,512.0,512.0
893,15.1185851,37.6070593,47.2,324.74,80.67,512.0,512.0
894,15.1191643,37.6069345,25.4,117.69,77.14,512.0,512.0
895,15.1207124,37.6072603,22.6,182.29,81.22,512.0,512.0
896,15.1229283,37.6065046,17.3,60.03,80.58,512.0,512.0
897,15.1236393,37.6064189,21.9,112.71,87.28,512.0,512.0
898,15.1236393,37.6064189,73.3,357.57,85.41,512.0,512.0
899,15.1235864,37.606526,75.0,209.68,82.98,512.0,512.0
900,15.1233856,37.6068642,46.9,10.4,89.45,512.0,512.0
901,15.123557,37.6069059,51.9,279.43,88.54,512.0,512.0
902,15.1229011,37.6074586,75.0,326.75,72.72,512.0,512.0
903,15.1228341,37.6075324,25.3,352.0,100.12,512.0,512.0
904,15.1226931,37.6076813,48.9,211.94,89.37,512.0,512.0
905,15.1226205,37.607756,49.1,155.02,81.87,512.0,512.0
906,15.1224785,37.6079081,48.9,328.88,81.74,512.0,512.0
907,15.1224031,37.6080869,75.0,333.75,103.35,512.0,512.0
908,15.1218979,37.6083282,75.0,282.04,85.37,512.0,512.0
909,15.1215477,37.60883,34.3,240.35,86.85,512.0,512.0
910,15.1212422,37.6088253,75.0,210.25,88.67,512.0,512.0
911,15.1211734,37.6088287,75.0,189.36,81.41,512.0,512.0
912,15.1210052,37.6092729,75.0,229.24,81.3,512.0,512.0
913,15.1209285,37.6092101,47.5,278.33,91.58,512.0,512.0
914,15.1204792,37.6094008,48.9,331.61,89.79,512.0,512.0
915,15.1202141,37.6095962,51.1,159.88,89.38,512.0,512.0
916,15.1202141,37.6095962,26.7,27.63,90.01,512.0,512.0
917,15.1201827,37.6097438,62.5,99.8,81.44,512.0,512.0
918,15.1202724,37.609797,18.8,223.07,79.23,512.0,512.0
919,15.1202724,37.609797,40.2,247.71,90.91,512.0,512.0
920,15.119904,37.6098958,48.5,176.24,80.83,512.0,512.0
921,15.1183732,37.6113392,25.4,180.61,86.28,512.0,512.0
922,15.1179675,37.6113861,20.3,98.02,85.95,512.0,512.0
923,15.118076,37.6114033,46.7,108.43,80.18,512.0,512.0
924,15.1183732,37.6113392,75.0,22.04,91.96,512.0,512.0
925,15.1184006,37.6114724,75.0,289.92,74.76,512.0,512.0
926,15.1186644,37.6115877,75.0,277.72,79.2,512.0,512.0
927,15.1181398,37.6118914,49.1,179.81,82.28,512.0,512.0
928,15.1204397,37.6118194,75.0,154.05,77.15,512.0,512.0
929,15.1205237,37.6116959,48.9,8.27,82.83,512.0,512.0
930,15.1211845,37.6118699,75.0,107.6,79.05,512.0,512.0
931,15.1214133,37.611887,75.0,106.23,78.49,512.0,512.0
932,15.1215849,37.6119001,75.0,100.06,62.06,512.0,512.0
933,15.1224994,37.6119704,75.0,337.81,63.79,512.0,512.0
934,15.1227277,37.6119877,75.0,267.48,67.43,512.0,512.0
935,15.1257923,37.6115396,24.0,307.59,87.78,512.0,512.0
936,15.1263869,37.6112114,47.5,159.12,80.17,512.0,512.0
937,15.126688,37.6106544,46.9,153.61,81.32,512.0,512.0
938,15.1264185,37.6105561,75.0,268.22,81.21,512.0,512.0
939,15.1267835,37.6105699,75.0,48.66,72.48,512.0,512.0
940,15.1267835,37.6105699,75.0,187.91,78.9,512.0,512.0
941,15.1268115,37.6104895,75.0,37.61,77.54,512.0,512.0
942,15.1272853,37.6107355,75.0,307.24,79.58,512.0,512.0
943,15.1271563,37.6108063,48.9,13.6,85.06,512.0,512.0
944,15.1303655,37.609323,75.0,168.39,73.3,512.0,512.0
945,15.1308283,37.6091674,75.0,272.39,83.52,512.0,512.0
946,15.1306146,37.6091836,75.0,352.87,83.01,512.0,512.0
947,15.129488,37.6084892,75.0,47.96,74.32,512.0,512.0
948,15.1296978,37.6080576,47.8,278.32,87.88,512.0,512.0
949,15.1302551,37.6070162,75.0,264.12,87.51,512.0,512.0
950,15.1301165,37.6069649,75.0,250.41,87.22,512.0,512.0
951,15.1298278,37.6069083,75.0,120.46,81.58,512.0,512.0
952,15.130146,37.6065025,75.0,192.21,81.02,512.0,512.0
953,15.1301552,37.6063855,75.0,206.67,82.06,512.0,512.0
954,15.1301552,37.6063855,75.0,102.77,85.49,512.0,512.0
955,15.1301611,37.6063057,75.0,68.9,79.91,512.0,512.0
956,15.1301611,37.6063057,75.0,324.11,80.27,512.0,512.0
957,15.1301505,37.6062108,75.0,202.95,85.75,512.0,512.0
958,15.1301327,37.6061277,75.0,61.61,83.57,512.0,512.0
959,15.1301327,37.6061277,41.2,120.27,87.83,512.0,512.0
960,15.1301327,37.6061277,41.2,276.8,83.89,512.0,512.0
961,15.1298928,37.6061009,15.0,105.75,86.71,512.0,512.0
962,15.1298928,37.6061009,40.5,27.93,84.14,512.0,512.0
963,15.1298928,37.6061009,19.8,289.24,91.44,512.0,512.0
964,15.1293971,37.6060797,75.0,67.53,76.62,512.0,512.0
965,15.1293971,37.6060797,23.9,213.31,96.43,512.0,512.0
966,15.1293971,37.6060797,15.0,275.26,92.76,512.0,512.0
967,15.1293959,37.6063481,48.9,198.79,88.4,512.0,512.0
968,15.128884,37.6061438,48.9,214.0,90.77,512.0,512.0
969,15.1287639,37.6061408,24.9,142.81,91.89,512.0,512.0
970,15.1287639,37.6061408,52.4,213.29,80.82,512.0,512.0
971,15.1273285,37.606163,48.9,261.76,82.63,512.0,512.0
972,15.1272148,37.606164,46.9,242.12,79.37,512.0,512.0
973,15.1272148,37.606164,46.9,316.95,86.02,512.0,512.0
974,15.1272148,37.606164,89.5,302.63,101.29,512.0,512.0
975,15.1270438,37.6061667,75.0,254.3,79.06,512.0,512.0
976,15.1268148,37.6061709,24.8,235.07,92.58,512.0,512.0
977,15.1261334,37.6062053,48.9,209.07,86.05,512.0,512.0
978,15.1261334,37.6062053,48.9,121.14,85.32,512.0,512.0
979,15.1259863,37.6062311,68.4,359.36,85.66,512.0,512.0
980,15.1259099,37.6064694,75.0,359.36,85.66,512.0,512.0
981,15.1261017,37.6066258,75.0,259.09,83.66,512.0,512.0
982,15.1259922,37.6066108,75.0,284.07,82.92,512.0,512.0
983,15.1258943,37.6066205,39.4,297.89,97.03,512.0,512.0
984,15.125925,37.6068661,90.0,37.67,76.98,512.0,512.0
985,15.1259478,37.606955,75.0,11.38,85.03,512.0,512.0
986,15.125967,37.6070399,48.9,25.01,75.52,512.0,512.0
987,15.125967,37.6070399,48.9,49.6,85.17,512.0,512.0
988,15.1259711,37.6071033,75.0,310.79,86.5,512.0,512.0
989,15.1265664,37.6070145,75.0,112.37,79.82,512.0,512.0
990,15.1267348,37.6069889,48.8,292.01,88.29,512.0,512.0
991,15.1257941,37.6058209,90.0,65.09,85.68,512.0,512.0
992,15.1258482,37.6059004,46.9,55.87,82.75,512.0,512.0
993,15.1260018,37.6061293,75.0,139.07,90.16,512.0,512.0
994,15.1254561,37.6053193,48.9,107.31,79.19,512.0,512.0
995,15.1250287,37.6047418,48.9,218.51,81.14,512.0,512.0
996,15.1249692,37.6046546,49.4,42.73,90.17,512.0,512.0
997,15.1248617,37.6046143,22.5,193.62,87.45,512.0,512.0
998,15.1248617,37.6046143,47.8,303.75,87.65,512.0,512.0
999,15.1248336,37.6042676,75.0,197.68,82.36,512.0,512.0
1000,15.1248336,37.6042676,53.0,167.6,85.09,512.0,512.0
1001,15.1247579,37.6042055,15.2,96.01,89.69,512.0,512.0
1002,15.124854,37.6038702,23.1,186.94,88.62,512.0,512.0
1003,15.1248915,37.6036897,24.9,301.64,85.73,512.0,512.0
1004,15.1248915,37.6036897,26.7,122.66,91.35,512.0,512.0
1005,15.1253779,37.6023369,48.9,23.18,89.77,512.0,512.0
1006,15.1256377,37.6023608,24.9,280.03,89.02,512.0,512.0
1007,15.126772,37.602733,49.4,195.34,90.37,512.0,512.0
1008,15.1275483,37.6026883,46.9,106.53,80.19,512.0,512.0
1009,15.1275483,37.6026883,22.9,349.22,91.26,512.0,512.0
1010,15.1275483,37.6026883,24.6,306.18,92.15,512.0,512.0
1011,15.1277776,37.6025043,75.0,195.91,82.5,512.0,512.0
1012,15.1288845,37.6028413,24.9,48.58,85.55,512.0,512.0
1013,15.1292774,37.6033503,23.5,202.15,87.34,512.0,512.0
1014,15.1298942,37.6031036,75.0,193.49,103.29,512.0,512.0
1015,15.1300376,37.6028253,46.9,190.79,82.34,512.0,512.0
1016,15.1301686,37.602202,47.1,54.31,86.26,512.0,512.0
1017,15.1303177,37.6017329,35.9,210.71,75.64,512.0,512.0
1018,15.1304888,37.6011783,48.9,9.24,89.77,512.0,512.0
1019,15.1303335,37.6007346,39.4,330.53,77.86,512.0,512.0
1020,15.1315193,37.5975626,48.0,215.49,80.91,512.0,512.0
1021,15.1311604,37.5974487,90.0,273.15,80.71,512.0,512.0
1022,15.1309375,37.5974085,47.2,225.16,82.11,512.0,512.0
1023,15.1309712,37.5953499,46.9,286.88,84.67,512.0,512.0
1024,15.1314435,37.5953116,48.7,109.08,82.31,512.0,512.0
1025,15.1315677,37.5952948,32.8,195.27,91.72,512.0,512.0
1026,15.1315677,37.5952948,16.8,43.15,93.6,512.0,512.0
1027,15.1314596,37.5948412,46.9,230.43,91.82,512.0,512.0
1028,15.1313963,37.5946611,38.8,215.34,87.12,512.0,512.0
1029,15.131384,37.5945114,24.5,193.35,89.51,512.0,512.0
1030,15.1317066,37.5929302,46.9,14.32,89.64,512.0,512.0
1031,15.1317066,37.5929302,15.0,98.26,87.53,512.0,512.0
1032,15.1317949,37.5929263,48.2,342.78,91.84,512.0,512.0
1033,15.1309138,37.5892253,48.9,177.89,98.8,512.0,512.0
1034,15.1312589,37.588623,23.4,227.23,92.82,512.0,512.0
1036,15.1314205,37.5883868,15.1,47.4,90.86,512.0,512.0
1037,15.0786951,37.6148286,75.0,224.9,76.32,512.0,512.0
1038,15.0786951,37.6148286,75.0,161.29,81.94,512.0,512.0
1039,15.0786876,37.6147359,75.0,136.39,87.8,512.0,512.0
1040,15.0786876,37.6147359,75.0,75.34,88.84,512.0,512.0
1041,15.0786876,37.6147359,16.5,122.67,92.03,512.0,512.0
1042,15.0786876,37.6147359,15.4,191.27,88.36,512.0,512.0
1043,15.0786769,37.6144133,75.0,192.51,84.58,512.0,512.0
1044,15.0786769,37.6144133,19.5,160.96,90.69,512.0,512.0
1045,15.078658,37.6141392,20.4,135.22,81.45,512.0,512.0
1046,15.0786408,37.6137704,15.0,220.91,88.34,512.0,512.0
1047,15.0786079,37.6133143,23.3,189.7,89.33,512.0,512.0
1048,15.0785831,37.6130844,23.3,41.34,92.01,512.0,512.0
1049,15.0785831,37.6130844,15.0,15.27,92.14,512.0,512.0
1050,15.0785831,37.6130844,34.9,358.78,92.79,512.0,512.0
1051,15.0791549,37.6133119,48.9,108.79,89.4,512.0,512.0
1052,15.0792901,37.6133819,75.0,202.32,79.81,512.0,512.0
1053,15.0793355,37.6131631,48.9,192.44,78.86,512.0,512.0
1054,15.0797687,37.6115281,26.2,198.35,84.9,512.0,512.0
1055,15.080047,37.6112348,90.0,232.81,76.18,512.0,512.0
1056,15.080047,37.6112348,37.8,183.98,71.9,512.0,512.0
1057,15.0802245,37.6110886,24.9,287.31,91.28,512.0,512.0
1058,15.0811892,37.6107601,22.8,147.33,82.46,512.0,512.0
1059,15.0817173,37.6126123,75.0,106.09,75.65,512.0,512.0
1060,15.0826349,37.6128038,48.9,97.16,81.48,512.0,512.0
1061,15.083146,37.6129948,24.0,134.94,86.44,512.0,512.0
1062,15.0834198,37.6132245,48.9,60.22,78.6,512.0,512.0
1063,15.0834622,37.613311,75.0,98.59,67.45,512.0,512.0
1064,15.0838398,37.6131818,17.7,340.43,90.79,512.0,512.0
1065,15.0836427,37.6135475,75.0,332.79,86.71,512.0,512.0
1066,15.0836427,37.6135475,75.0,145.47,62.07,512.0,512.0
1067,15.0835475,37.6134885,75.0,304.26,72.58,512.0,512.0
1068,15.0836427,37.6135475,48.9,251.58,77.73,512.0,512.0
1069,15.0833144,37.6136376,28.6,161.64,86.3,512.0,512.0
1070,15.0833392,37.6144119,46.9,88.23,87.44,512.0,512.0
1071,15.0833392,37.6144119,46.9,311.61,89.55,512.0,512.0
1072,15.0836335,37.6149516,48.9,56.02,92.7,512.0,512.0
1073,15.0836668,37.6153168,48.3,232.74,89.17,512.0,512.0
1074,15.0836608,37.6155007,48.9,139.53,82.13,512.0,512.0
1075,15.0836608,37.6155007,15.0,76.98,83.21,512.0,512.0
1076,15.0835254,37.6161188,75.0,352.24,87.54,512.0,512.0
1077,15.0836982,37.6161724,49.4,299.88,108.44,512.0,512.0
1078,15.083256,37.6161705,75.0,105.54,70.31,512.0,512.0
1079,15.0834653,37.6163406,49.3,302.9,94.49,512.0,512.0
1080,15.0783153,37.6100347,46.9,259.32,87.06,512.0,512.0
1081,15.0783121,37.6092393,50.4,155.33,83.33,512.0,512.0
1082,15.0783502,37.6091676,15.0,142.73,86.71,512.0,512.0
1083,15.0781467,37.609073,48.0,103.88,85.68,512.0,512.0
1084,15.0783513,37.6090025,75.0,111.53,81.41,512.0,512.0
1085,15.0786578,37.6089018,49.6,317.51,85.92,512.0,512.0
1086,15.0810739,37.609041,75.0,134.7,76.75,512.0,512.0
1087,15.0811702,37.6093705,48.7,196.35,82.24,512.0,512.0
1088,15.0813375,37.6088606,24.9,173.28,82.64,512.0,512.0
1089,15.0813611,37.6090666,49.1,327.68,92.07,512.0,512.0
1090,15.082627,37.6094482,75.0,48.87,83.63,512.0,512.0
1091,15.0827702,37.6095158,75.0,343.07,70.18,512.0,512.0
1092,15.0827702,37.6095158,25.4,85.49,85.22,512.0,512.0
1093,15.0829626,37.6098926,75.0,215.63,84.53,512.0,512.0
1094,15.0834173,37.6092986,46.9,134.12,81.59,512.0,512.0
1095,15.0842836,37.6087335,74.7,149.66,83.98,512.0,512.0
1096,15.0844041,37.6085892,75.0,69.46,68.07,512.0,512.0
1097,15.0845165,37.6085471,48.9,315.07,78.64,512.0,512.0
1098,15.0843783,37.6084288,24.8,48.4,89.74,512.0,512.0
1099,15.0837706,37.6077233,15.0,136.18,79.26,512.0,512.0
1100,15.0804281,37.6052471,90.0,180.59,68.63,512.0,512.0
1101,15.0804221,37.605176,75.0,73.69,85.06,512.0,512.0
1102,15.0805863,37.6045232,48.9,195.1,83.47,512.0,512.0
1103,15.080659,37.6043633,48.9,197.77,82.1,512.0,512.0
1104,15.0809589,37.6034847,48.9,208.82,85.44,512.0,512.0
1105,15.0805811,37.6027593,75.0,219.04,84.6,512.0,512.0
1106,15.0805132,37.6026862,48.9,260.1,92.1,512.0,512.0
1107,15.0804459,37.6026135,75.0,65.27,74.16,512.0,512.0
1108,15.0803769,37.6025337,75.0,207.11,78.57,512.0,512.0
1109,15.0803123,37.6024595,47.4,223.56,82.98,512.0,512.0
1110,15.0803123,37.6024595,23.0,127.36,88.98,512.0,512.0
1111,15.0802215,37.6015762,24.0,19.97,91.83,512.0,512.0
1112,15.0802101,37.6013053,75.0,35.24,82.19,512.0,512.0
1113,15.0802101,37.6013053,48.1,211.83,86.75,512.0,512.0
1114,15.0793557,37.6018915,48.0,168.91,79.7,512.0,512.0
1115,15.0792409,37.6029132,46.9,9.23,90.16,512.0,512.0
1116,15.0786843,37.6037576,25.1,158.85,85.37,512.0,512.0
1117,15.0785806,37.6039166,22.5,358.71,94.38,512.0,512.0
1118,15.0784141,37.6042571,48.9,187.5,85.22,512.0,512.0
1119,15.0785805,37.6052175,75.0,9.4,91.6,512.0,512.0
1120,15.0789527,37.6054416,49.2,358.52,91.01,512.0,512.0
1122,15.0784696,37.6058831,48.9,129.02,88.28,512.0,512.0
1123,15.0778636,37.6062305,48.9,131.46,86.19,512.0,512.0
1124,15.0771673,37.5864537,30.7,205.79,90.32,512.0,512.0
1125,15.0721624,37.5885196,75.0,23.95,76.93,512.0,512.0
1126,15.1386323,37.5934196,75.0,6.36,77.95,512.0,512.0
1127,15.1386323,37.5934196,47.7,98.43,81.91,512.0,512.0
1128,15.1388337,37.5934452,49.7,286.81,95.43,512.0,512.0
1129,15.1386945,37.5934369,75.0,146.52,85.86,512.0,512.0
1130,15.1384754,37.5941744,75.0,214.19,85.84,512.0,512.0
1131,15.1383745,37.5941492,48.0,245.94,96.89,512.0,512.0
1132,15.1382672,37.5941079,35.9,94.06,79.71,512.0,512.0
1133,15.1384754,37.5941744,28.7,255.51,94.09,512.0,512.0
1134,15.1385017,37.5946534,75.0,84.57,83.0,512.0,512.0
1135,15.1385017,37.5946534,46.9,126.95,77.18,512.0,512.0
1136,15.1385017,37.5946534,46.9,343.37,82.55,512.0,512.0
1137,15.1384481,37.5945698,37.6,231.5,93.18,512.0,512.0
1138,15.1382905,37.5945896,75.0,321.41,92.95,512.0,512.0
1139,15.1381873,37.5946223,75.0,335.16,91.81,512.0,512.0
1140,15.1377227,37.5952148,75.0,194.62,86.27,512.0,512.0
1141,15.1375378,37.5954279,75.0,336.57,78.72,512.0,512.0
1142,15.1374226,37.5955761,52.1,162.05,84.5,512.0,512.0
1143,15.1371867,37.5958694,48.9,44.99,88.96,512.0,512.0
1144,15.1370071,37.5962087,75.0,344.2,82.39,512.0,512.0
1145,15.1369446,37.5963418,75.0,20.58,80.97,512.0,512.0
1146,15.1367371,37.59693,75.0,19.25,82.48,512.0,512.0
1147,15.1370033,37.5982093,75.0,12.36,80.32,512.0,512.0
1148,15.1370897,37.5989187,48.0,19.59,86.56,512.0,512.0
1149,15.1370897,37.5989187,48.0,273.77,87.24,512.0,512.0
1150,15.1370633,37.5990999,75.0,6.11,82.92,512.0,512.0
1151,15.1370039,37.599291,75.0,341.02,78.39,512.0,512.0
1152,15.1369522,37.5993488,75.0,26.27,83.04,512.0,512.0
1153,15.1369522,37.5993488,45.8,82.0,85.76,512.0,512.0
1154,15.1372712,37.5994393,75.0,295.81,90.78,512.0,512.0
1155,15.1381797,37.5996287,75.0,283.58,83.11,512.0,512.0
1156,15.1384968,37.5997,23.3,140.11,86.36,512.0,512.0
1157,15.13902,37.5998163,75.0,219.15,94.75,512.0,512.0
1158,15.1392339,37.5998598,46.9,118.04,76.57,512.0,512.0
1159,15.1402656,37.600263,75.0,191.56,91.35,512.0,512.0
1160,15.1404224,37.6001245,75.0,119.36,79.05,512.0,512.0
1161,15.1406551,37.6001602,75.0,87.88,78.23,512.0,512.0
1162,15.1408651,37.6001901,75.0,115.32,80.78,512.0,512.0
1163,15.1415645,37.6003393,47.6,4.43,76.92,512.0,512.0
1164,15.1418043,37.6003962,90.0,84.8,84.02,512.0,512.0
1165,15.1419086,37.6004216,75.0,154.92,85.06,512.0,512.0
1166,15.1421661,37.6004764,75.0,102.3,91.92,512.0,512.0
1167,15.1421661,37.6004764,49.9,54.72,92.76,512.0,512.0
1168,15.1422563,37.6004788,75.0,10.97,91.66,512.0,512.0
1169,15.1428556,37.6008665,75.0,71.63,75.69,512.0,512.0
1170,15.1427714,37.6010308,15.0,33.66,88.3,512.0,512.0
1171,15.1423974,37.6012965,47.3,352.82,90.91,512.0,512.0
1172,15.142235,37.6014052,24.3,213.77,91.14,512.0,512.0
1173,15.142126,37.6014367,24.9,315.71,88.61,512.0,512.0
1174,15.1421767,37.6017521,75.0,23.22,87.49,512.0,512.0
1175,15.1422354,37.6021137,75.0,57.0,89.28,512.0,512.0
1176,15.1422354,37.6021137,21.9,15.76,89.51,512.0,512.0
1177,15.142293,37.6024641,75.0,69.33,85.56,512.0,512.0
1178,15.1423083,37.6025516,75.0,58.2,92.05,512.0,512.0
1179,15.1423309,37.6027285,75.0,318.33,83.65,512.0,512.0
1180,15.142337,37.602818,37.6,296.8,87.83,512.0,512.0
1181,15.142337,37.602818,17.2,8.82,91.84,512.0,512.0
1182,15.142337,37.603215,47.3,8.55,93.6,512.0,512.0
1183,15.1422744,37.6034896,49.2,3.86,93.56,512.0,512.0
1184,15.1421918,37.6035228,49.5,161.3,86.94,512.0,512.0
1185,15.1421918,37.6035228,23.9,115.66,86.67,512.0,512.0
1186,15.1426163,37.6033075,48.9,316.98,91.63,512.0,512.0
1187,15.1424252,37.6033974,75.0,310.86,89.69,512.0,512.0
1188,15.1423309,37.6036539,23.9,327.5,94.99,512.0,512.0
1189,15.1423157,37.6042675,46.9,17.3,92.04,512.0,512.0
1190,15.1423068,37.6046742,46.9,295.0,87.76,512.0,512.0
1191,15.1422961,37.6052756,46.9,113.06,83.0,512.0,512.0
1192,15.1425993,37.6053233,48.9,134.36,81.33,512.0,512.0
1193,15.1426622,37.6053915,75.0,301.52,82.43,512.0,512.0
1194,15.1429703,37.6056641,15.1,316.63,88.27,512.0,512.0
1195,15.1429703,37.6056641,15.0,227.09,87.59,512.0,512.0
1196,15.143044,37.6057318,47.3,157.08,82.11,512.0,512.0
1197,15.1431349,37.6066291,75.0,118.23,93.66,512.0,512.0
1198,15.1432239,37.6064444,19.2,165.35,91.37,512.0,512.0
1199,15.1432239,37.6064444,60.2,233.23,94.62,512.0,512.0
1200,15.1431858,37.6065433,28.6,310.98,89.48,512.0,512.0
1201,15.1431351,37.6066168,46.9,96.28,85.48,512.0,512.0
1202,15.1426196,37.6065869,75.0,298.13,87.85,512.0,512.0
1203,15.1424631,37.6065632,48.9,317.4,96.71,512.0,512.0
1204,15.1422765,37.6064665,23.5,301.82,92.95,512.0,512.0
1205,15.1422609,37.6063771,48.9,210.53,84.43,512.0,512.0
1206,15.1422609,37.6063771,48.9,163.44,82.49,512.0,512.0
1207,15.1420909,37.6064365,32.8,19.28,92.0,512.0,512.0
1208,15.1420856,37.6069431,46.9,344.44,93.73,512.0,512.0
1209,15.142045,37.6070285,90.0,306.06,89.34,512.0,512.0
1210,15.1416095,37.6073843,49.8,343.76,89.5,512.0,512.0
1211,15.1415401,37.6074582,75.0,40.05,86.08,512.0,512.0
1212,15.1415401,37.6074582,49.2,188.89,82.18,512.0,512.0
1213,15.141527,37.6074031,48.4,299.15,87.59,512.0,512.0
1214,15.1409605,37.6075044,75.0,287.35,87.77,512.0,512.0
1215,15.1409171,37.6075525,48.7,307.78,90.99,512.0,512.0
1216,15.140744,37.6076767,90.0,325.75,88.35,512.0,512.0
1217,15.1421104,37.6065748,24.3,156.42,82.72,512.0,512.0
1218,15.1422609,37.6063771,17.3,330.6,94.0,512.0,512.0
1219,15.1420762,37.6065048,23.0,263.04,87.99,512.0,512.0
1220,15.1419223,37.6064474,75.0,308.01,87.08,512.0,512.0
1221,15.1415913,37.6062487,18.6,172.6,86.32,512.0,512.0
1222,15.1413385,37.6060646,75.0,265.51,92.01,512.0,512.0
1223,15.141175,37.6059636,48.9,282.8,89.67,512.0,512.0
1224,15.1405625,37.6055984,75.0,244.62,88.29,512.0,512.0
1225,15.1401316,37.6053075,75.0,183.6,86.21,512.0,512.0
1226,15.1401316,37.6053075,31.2,224.54,87.79,512.0,512.0
1227,15.141232,37.6080811,47.5,4.58,94.21,512.0,512.0
1228,15.1411969,37.6081502,48.9,-4.62,90.68,512.0,512.0
1229,15.1411969,37.6081502,48.9,219.96,93.26,512.0,512.0
1230,15.1411969,37.6081502,17.5,96.72,87.31,512.0,512.0
1231,15.1415688,37.6081441,27.9,108.77,80.0,512.0,512.0
1232,15.1361378,37.6063295,75.0,350.57,86.09,512.0,512.0
1233,15.1361062,37.6065021,75.0,57.46,87.51,512.0,512.0
1234,15.1368399,37.6065935,75.0,49.5,79.56,512.0,512.0
1235,15.1381502,37.6068002,75.0,109.34,75.99,512.0,512.0
1236,15.1392424,37.6070575,75.0,9.12,80.02,512.0,512.0
1237,15.1394675,37.6070865,75.0,82.04,74.93,512.0,512.0
1238,15.1397006,37.6071306,24.3,80.73,89.61,512.0,512.0
1239,15.1398184,37.6071497,24.0,9.39,91.07,512.0,512.0
1240,15.1380303,37.6085206,24.9,349.56,87.58,512.0,512.0
1241,15.1376631,37.6086391,73.3,86.11,84.22,512.0,512.0
1242,15.135649,37.6065444,46.9,168.27,86.86,512.0,512.0
1243,15.135649,37.6065444,46.9,212.92,89.63,512.0,512.0
1244,15.1360184,37.606474,47.4,51.53,77.41,512.0,512.0
1245,15.1356711,37.6041374,23.8,134.91,82.98,512.0,512.0
1246,15.1356552,37.6035092,47.4,201.93,81.66,512.0,512.0
1247,15.1355142,37.6021598,75.0,263.99,87.38,512.0,512.0
1248,15.1363769,37.6019375,48.1,115.39,76.66,512.0,512.0
1249,15.1364961,37.6019393,48.4,73.18,81.86,512.0,512.0
1250,15.1368648,37.601895,24.9,16.66,106.22,512.0,512.0
1251,15.1376927,37.6018805,75.0,293.83,88.35,512.0,512.0
1252,15.1378034,37.601887,75.0,42.35,78.07,512.0,512.0
1253,15.1379741,37.6019112,24.9,61.17,87.7,512.0,512.0
1254,15.1381868,37.601955,48.5,112.23,90.7,512.0,512.0
1255,15.1370633,37.5990999,46.5,355.96,87.42,512.0,512.0
1256,15.1370633,37.5990999,21.6,22.21,90.45,512.0,512.0
1257,15.1470562,37.596735,35.9,29.47,85.36,512.0,512.0
1258,15.1468717,37.5969712,75.0,327.48,78.75,512.0,512.0
1259,15.1468316,37.5970502,75.0,276.81,80.57,512.0,512.0
1260,15.1463687,37.5970578,51.2,95.67,87.15,512.0,512.0
1261,15.1462567,37.5970609,52.9,279.07,86.3,512.0,512.0
1262,15.1458003,37.597065,51.9,287.66,87.96,512.0,512.0
1263,15.1453261,37.597076,75.0,280.54,87.67,512.0,512.0
1264,15.1448572,37.5970859,75.0,297.67,88.33,512.0,512.0
1265,15.1447445,37.5971161,90.0,322.7,88.99,512.0,512.0
1266,15.1446344,37.5972207,48.9,225.59,89.34,512.0,512.0
1267,15.1442266,37.5971063,47.9,102.55,86.63,512.0,512.0
1268,15.1440086,37.5971113,75.0,311.25,80.02,512.0,512.0
1269,15.1436817,37.597119,23.1,303.6,89.11,512.0,512.0
1270,15.1430903,37.5971311,46.9,101.01,85.95,512.0,512.0
1271,15.1427889,37.5971378,24.7,304.97,90.02,512.0,512.0
1272,15.1409688,37.5971719,48.7,125.09,86.0,512.0,512.0
1273,15.140913,37.5969963,26.8,18.63,87.92,512.0,512.0
1274,15.1409873,37.5973937,48.1,216.91,85.46,512.0,512.0
1275,15.1406816,37.5971766,48.9,299.93,87.18,512.0,512.0
1276,15.1402688,37.5970486,41.2,238.21,89.16,512.0,512.0
1277,15.1403562,37.5972548,49.7,30.15,89.33,512.0,512.0
1278,15.1406498,37.5981736,47.5,52.0,87.9,512.0,512.0
1279,15.140712,37.5985374,48.6,38.81,86.43,512.0,512.0
1280,15.140753,37.598681,24.9,126.21,85.44,512.0,512.0
1281,15.140753,37.598681,24.9,81.83,89.12,512.0,512.0
1282,15.140753,37.598681,24.9,48.34,88.78,512.0,512.0
1283,15.1408928,37.598673,75.0,338.6,84.3,512.0,512.0
1284,15.1409172,37.5989851,75.0,22.16,87.04,512.0,512.0
1285,15.1409361,37.5991332,49.3,357.76,94.6,512.0,512.0
1286,15.1409361,37.5991332,49.3,68.63,88.14,512.0,512.0
1287,15.1411248,37.599299,47.6,64.61,87.89,512.0,512.0
1288,15.1413093,37.5995711,75.0,39.86,86.66,512.0,512.0
1289,15.1417244,37.5994557,75.0,127.06,82.58,512.0,512.0
1290,15.141931,37.5993719,75.0,99.36,81.44,512.0,512.0
1291,15.141931,37.5993719,75.0,185.34,84.43,512.0,512.0
1292,15.1424638,37.5991869,44.9,291.72,87.88,512.0,512.0
1293,15.1423664,37.5994394,75.0,337.86,86.83,512.0,512.0
1294,15.1492883,37.6008936,75.0,12.71,87.95,512.0,512.0
1295,15.1500927,37.6007891,75.0,101.63,77.97,512.0,512.0
1296,15.150206,37.6007754,90.0,140.32,78.45,512.0,512.0
1297,15.1511714,37.5992125,75.0,93.7,73.75,512.0,512.0
1298,15.1514958,37.5989501,75.0,120.34,77.35,512.0,512.0
1299,15.1517122,37.5989224,75.0,200.6,80.57,512.0,512.0
1300,15.1515859,37.5987818,28.6,50.43,84.14,512.0,512.0
1301,15.1517673,37.5989252,48.9,107.54,83.96,512.0,512.0
1302,15.1521227,37.5989216,24.8,193.67,85.91,512.0,512.0
1303,15.1522139,37.5989304,43.0,43.16,85.16,512.0,512.0
1304,15.1522139,37.5989304,19.7,150.97,89.0,512.0,512.0
1305,15.1522139,37.5989304,19.7,285.78,84.7,512.0,512.0
1306,15.1522559,37.5990026,46.9,115.36,88.37,512.0,512.0
1307,15.152262,37.5990946,48.9,304.56,86.57,512.0,512.0
1308,15.1522663,37.5992776,48.9,330.99,87.53,512.0,512.0
1309,15.1523552,37.5995343,23.4,110.53,88.31,512.0,512.0
1310,15.1523552,37.5995343,35.9,314.35,89.28,512.0,512.0
1311,15.1523552,37.5995343,35.9,265.81,87.54,512.0,512.0
1312,15.1522719,37.5996446,46.5,295.86,93.75,512.0,512.0
1313,15.1522752,37.6007431,75.0,286.36,63.32,512.0,512.0
1314,15.1522756,37.6011967,46.9,358.64,85.69,512.0,512.0
1315,15.1522626,37.60147,46.9,214.15,90.26,512.0,512.0
1316,15.1522626,37.60147,46.9,287.93,82.89,512.0,512.0
1317,15.1522278,37.6019272,48.9,19.09,88.61,512.0,512.0
1318,15.151511,37.6032143,23.5,215.2,88.48,512.0,512.0
1319,15.151511,37.6032143,23.5,198.46,90.46,512.0,512.0
1320,15.1517189,37.6033279,19.8,262.25,91.56,512.0,512.0
1321,15.1517189,37.6033279,24.1,214.68,73.96,512.0,512.0
1322,15.1519456,37.6037294,52.6,22.16,85.11,512.0,512.0
1323,15.1520442,37.6039054,25.3,243.54,82.56,512.0,512.0
1324,15.1520442,37.6039054,62.7,263.83,52.57,512.0,512.0
1325,15.1522479,37.6043002,39.4,35.23,90.43,512.0,512.0
1326,15.1524062,37.6046351,49.1,154.79,87.02,512.0,512.0
1327,15.1527469,37.6052841,34.3,291.75,80.53,512.0,512.0
1328,15.1530653,37.6057544,21.0,41.35,86.61,512.0,512.0
1329,15.1535997,37.606407,48.9,109.08,82.57,512.0,512.0
1330,15.1535997,37.606407,23.4,79.36,85.86,512.0,512.0
1331,14.9159349,37.569561,71.9,359.07,84.67,512.0,512.0
1332,14.9159533,37.5696688,45.7,348.57,83.17,512.0,512.0
1333,14.9158355,37.5700826,75.0,214.74,78.41,512.0,512.0
1334,14.9157609,37.5700318,48.6,228.72,86.82,512.0,512.0
1335,14.9157609,37.5700318,48.6,192.37,83.53,512.0,512.0
1336,14.9148169,37.5696582,48.5,277.18,83.68,512.0,512.0
1337,14.9141978,37.5694433,23.3,43.16,94.22,512.0,512.0
1338,14.9143986,37.5689799,48.1,175.47,86.47,512.0,512.0
1339,14.9132606,37.5693898,75.0,253.27,71.12,512.0,512.0
1340,14.9130608,37.5693232,15.0,87.14,91.81,512.0,512.0
1341,14.9124673,37.5692609,60.3,263.69,72.09,512.0,512.0
1342,14.912274,37.5691868,48.0,218.47,76.67,512.0,512.0
1343,14.9128775,37.5699945,25.1,94.79,90.25,512.0,512.0
1344,14.9129787,37.5701571,25.7,70.77,84.26,512.0,512.0
1345,14.9131074,37.5704079,16.2,54.89,89.7,512.0,512.0
1346,14.9126291,37.5714468,36.9,95.54,88.36,512.0,512.0
1347,14.9108355,37.5709667,75.0,236.72,85.03,512.0,512.0
1348,14.9107203,37.5709529,48.9,286.83,86.46,512.0,512.0
1349,14.9101983,37.5707955,50.0,237.15,87.51,512.0,512.0
1350,14.9096274,37.5703483,75.0,269.04,83.55,512.0,512.0
1351,14.908982,37.5700987,75.0,43.44,86.91,512.0,512.0
1352,14.908982,37.5700987,75.0,230.46,78.7,512.0,512.0
1353,14.9088035,37.5700063,25.0,114.61,83.72,512.0,512.0
1354,14.9088035,37.5700063,44.5,24.71,88.01,512.0,512.0
1355,14.9088035,37.5700063,85.5,272.64,78.27,512.0,512.0
1356,14.9081609,37.5696988,26.8,133.33,94.64,512.0,512.0
1357,14.9076237,37.5693446,75.0,353.66,84.32,512.0,512.0
1358,14.9076237,37.5693446,75.0,296.91,84.13,512.0,512.0
1359,14.9074052,37.5693081,25.1,83.59,90.38,512.0,512.0
1360,14.9075981,37.569443,47.2,39.6,91.04,512.0,512.0
1361,14.9075981,37.569443,47.2,237.12,90.54,512.0,512.0
1362,14.9097276,37.5709006,16.5,139.64,84.9,512.0,512.0
1363,14.9089524,37.5707197,24.0,237.81,90.73,512.0,512.0
1364,14.909548,37.5705434,15.0,177.58,90.8,512.0,512.0
1365,14.9093556,37.5714279,27.3,137.31,84.68,512.0,512.0
1366,14.908578,37.5711533,24.1,252.64,93.17,512.0,512.0
1367,14.908578,37.5711533,24.1,219.36,90.34,512.0,512.0
1368,14.9084632,37.5710522,48.9,349.41,84.82,512.0,512.0
1369,14.9092353,37.5718429,52.2,135.38,90.1,512.0,512.0
1370,14.9092353,37.5718429,52.2,337.02,85.65,512.0,512.0
1371,14.9089322,37.5720713,48.3,5.63,89.39,512.0,512.0
1372,14.9089322,37.5720713,33.1,141.44,82.94,512.0,512.0
1373,14.9083225,37.5719265,15.0,189.64,87.21,512.0,512.0
1374,14.9080544,37.5717457,75.0,196.83,87.74,512.0,512.0
1375,14.9081292,37.5716429,48.9,160.9,85.31,512.0,512.0
1376,14.9072084,37.5718431,24.9,358.47,85.56,512.0,512.0
1377,14.9071018,37.5718097,49.0,297.39,88.8,512.0,512.0
1378,14.9069185,37.5720733,28.2,145.45,88.01,512.0,512.0
1379,14.9068801,37.5723521,75.0,4.4,87.75,512.0,512.0
1380,14.9069917,37.5724296,75.0,286.55,87.75,512.0,512.0
1381,14.9069917,37.5724296,26.4,124.86,82.89,512.0,512.0
1382,14.9075278,37.5725687,75.0,101.4,83.43,512.0,512.0
1383,14.9076488,37.5726003,48.9,213.89,89.11,512.0,512.0
1384,14.9080196,37.5723501,24.9,116.65,92.58,512.0,512.0
1385,14.9085341,37.5725444,48.4,27.62,81.9,512.0,512.0
1386,14.9089467,37.5725955,75.0,286.28,89.15,512.0,512.0
1387,14.9089241,37.5725369,48.9,253.0,90.81,512.0,512.0
1388,14.9089467,37.5725955,24.4,219.43,84.74,512.0,512.0
1389,14.9088643,37.5722841,23.5,146.5,83.96,512.0,512.0
1390,14.9075892,37.5730183,75.0,262.95,90.19,512.0,512.0
1391,14.9074039,37.5730228,75.0,164.38,86.95,512.0,512.0
1392,14.9074917,37.5728239,37.6,27.62,94.52,512.0,512.0
1393,14.907604,37.5726163,90.0,147.81,89.21,512.0,512.0
1394,14.9069917,37.5724296,75.0,294.29,88.28,512.0,512.0
1395,14.9068893,37.5724042,75.0,136.53,89.23,512.0,512.0
1396,14.9068439,37.5725404,50.0,214.27,86.13,512.0,512.0
1397,14.9067912,37.5728134,75.0,30.45,89.72,512.0,512.0
1398,14.9067266,37.5731618,75.0,258.73,88.12,512.0,512.0
1399,14.9065346,37.5731114,48.8,108.72,97.98,512.0,512.0
1400,14.9064665,37.5735724,75.0,137.11,82.36,512.0,512.0
1401,14.9067254,37.5736112,29.0,112.21,86.86,512.0,512.0
1402,14.9068495,37.5736177,39.4,162.3,85.95,512.0,512.0
1403,14.906965,37.5736253,47.6,119.8,88.94,512.0,512.0
1404,14.9072378,37.573641,31.3,279.92,86.87,512.0,512.0
1405,14.9075793,37.5736659,47.6,106.77,83.94,512.0,512.0
1406,14.9076824,37.5737059,28.8,160.46,87.79,512.0,512.0
1407,14.9078102,37.5738047,49.2,204.69,76.1,512.0,512.0
1408,14.9080252,37.5739856,75.0,233.8,75.13,512.0,512.0
1409,14.9081501,37.5741433,49.1,356.27,81.51,512.0,512.0
1410,14.908009,37.5738937,28.6,231.41,84.82,512.0,512.0
1411,14.9082411,37.5737035,75.0,269.99,76.48,512.0,512.0
1412,14.9083577,37.573713,50.0,124.18,81.32,512.0,512.0
1413,14.9084858,37.5737177,43.0,187.0,84.64,512.0,512.0
1414,14.9087328,37.5737275,18.2,178.4,85.7,512.0,512.0
1415,14.9094259,37.5737338,29.9,131.9,86.11,512.0,512.0
1416,14.9110706,37.5735898,47.7,127.0,86.71,512.0,512.0
1417,14.912366,37.5733947,75.0,18.14,73.96,512.0,512.0
1418,14.912366,37.5733947,47.6,328.03,83.99,512.0,512.0
1419,14.9119981,37.5734558,60.2,107.4,85.8,512.0,512.0
1420,14.9123385,37.5735017,48.5,245.31,78.48,512.0,512.0
1421,14.9121034,37.5737112,75.0,352.48,85.37,512.0,512.0
1422,14.9119502,37.5737928,75.0,152.49,86.13,512.0,512.0
1423,14.9119502,37.5737928,48.9,96.53,91.15,512.0,512.0
1424,14.9110417,37.5749209,39.4,239.21,86.51,512.0,512.0
1425,14.9104504,37.5756102,75.0,319.81,85.3,512.0,512.0
1426,14.9102613,37.5759291,75.0,309.03,81.92,512.0,512.0
1427,14.9100302,37.5762486,75.0,266.41,81.99,512.0,512.0
1428,14.9092709,37.5762375,75.0,24.87,90.2,512.0,512.0
1429,14.9091569,37.5762457,75.0,99.8,71.64,512.0,512.0
1430,14.9085984,37.5762907,48.9,271.17,81.72,512.0,512.0
1431,14.9085218,37.5763841,75.0,299.81,82.96,512.0,512.0
1432,14.9082975,37.5764208,75.0,97.48,81.68,512.0,512.0
1433,14.9082506,37.5763193,75.0,129.57,77.97,512.0,512.0
1434,14.9080184,37.5763386,75.0,88.96,72.98,512.0,512.0
1435,14.9072644,37.5765404,75.0,335.11,81.27,512.0,512.0
1436,14.9072868,37.5766323,75.0,88.9,84.02,512.0,512.0
1437,14.9072868,37.5766323,24.2,165.96,79.02,512.0,512.0
1438,14.9071896,37.5763979,29.9,308.7,86.57,512.0,512.0
1439,14.9068377,37.576386,38.3,222.33,83.06,512.0,512.0
1440,14.9068029,37.5762641,75.0,47.66,88.15,512.0,512.0
1441,14.9067004,37.5755739,48.3,165.74,85.78,512.0,512.0
1442,14.9076287,37.5745248,39.4,170.87,89.19,512.0,512.0
1443,14.9080638,37.5742603,75.0,60.67,86.71,512.0,512.0
1444,14.909993,37.5761843,24.9,149.48,88.64,512.0,512.0
1445,14.9059466,37.5725993,75.0,215.1,87.0,512.0,512.0
1446,14.905811,37.5725436,48.9,104.49,91.17,512.0,512.0
1447,14.906319,37.5711667,75.0,140.3,80.61,512.0,512.0
1448,14.9065324,37.5711537,29.4,270.19,93.21,512.0,512.0
1449,14.906397,37.5708322,21.2,4.86,93.94,512.0,512.0
1450,14.906397,37.5708322,21.2,339.59,93.36,512.0,512.0
1451,14.9065122,37.5704632,25.0,301.44,94.28,512.0,512.0
1452,14.9065122,37.5704632,72.6,207.97,83.45,512.0,512.0
1453,14.906564,37.5702963,30.7,4.33,91.37,512.0,512.0
1454,14.9066031,37.5701618,46.9,188.73,86.77,512.0,512.0
1455,14.9068501,37.5692416,47.8,77.78,87.19,512.0,512.0
1456,14.9069166,37.5690176,75.0,221.59,87.01,512.0,512.0
1457,14.9068129,37.5690035,75.0,99.82,90.64,512.0,512.0
1458,14.9074052,37.5693081,25.2,83.85,91.75,512.0,512.0
1459,14.9075981,37.569443,75.0,41.42,90.94,512.0,512.0
1460,14.9063872,37.5687885,48.9,250.56,88.12,512.0,512.0
1461,14.9053104,37.5680073,75.0,119.0,84.65,512.0,512.0
1462,14.9053104,37.5680073,75.0,344.59,87.78,512.0,512.0
1463,14.9052507,37.5681227,46.9,158.89,87.09,512.0,512.0
1464,14.906021,37.5681265,75.0,128.02,88.23,512.0,512.0
1465,14.906021,37.5681265,75.0,217.48,84.45,512.0,512.0
1466,14.9061734,37.5675545,48.9,230.93,96.88,512.0,512.0
1467,14.9052326,37.567142,46.9,108.77,87.28,512.0,512.0
1468,14.9046571,37.5670544,75.0,247.35,84.82,512.0,512.0
1469,14.9046155,37.5671181,75.0,165.84,82.01,512.0,512.0
1470,14.9046403,37.56705,48.9,52.11,85.7,512.0,512.0
1471,14.9046978,37.5668851,75.0,136.57,86.8,512.0,512.0
1472,14.9046978,37.5668851,75.0,194.95,86.52,512.0,512.0
1473,14.9047459,37.5667085,48.1,201.03,88.25,512.0,512.0
1474,14.9047719,37.5665725,75.0,201.03,88.25,512.0,512.0
1475,14.9048594,37.566213,49.5,206.97,83.76,512.0,512.0
1476,14.9046081,37.5657342,49.0,64.88,86.99,512.0,512.0
1477,14.9050243,37.5656559,48.1,14.42,85.61,512.0,512.0
1478,14.9049175,37.5660609,33.5,335.11,89.9,512.0,512.0
1479,14.9049175,37.5660609,60.5,10.59,88.2,512.0,512.0
1480,14.9053749,37.5658625,49.3,167.93,84.87,512.0,512.0
1481,14.9058095,37.5659432,75.0,8.44,81.94,512.0,512.0
1482,14.9057947,37.5660449,48.6,179.74,86.7,512.0,512.0
1483,14.906565,37.5660929,75.0,149.35,84.53,512.0,512.0
1484,14.9066206,37.5659621,48.9,355.24,83.07,512.0,512.0
1485,14.9064677,37.5665094,48.6,1.19,86.01,512.0,512.0
1486,14.9067569,37.5661254,51.0,107.76,87.07,512.0,512.0
1487,14.9074785,37.5662637,46.9,104.39,86.93,512.0,512.0
1488,14.9076967,37.5663058,48.1,276.61,86.83,512.0,512.0
1489,14.9076018,37.5665327,75.0,13.31,83.74,512.0,512.0
1490,14.9075311,37.5667986,75.0,13.31,83.74,512.0,512.0
1491,14.9074788,37.5669871,75.0,198.71,81.63,512.0,512.0
1492,14.9078094,37.5663276,75.0,140.06,84.82,512.0,512.0
1493,14.9080915,37.5663775,75.0,137.81,86.32,512.0,512.0
1494,14.9083526,37.5664289,49.0,46.1,86.31,512.0,512.0
1495,14.9083824,37.5665303,48.3,205.33,90.13,512.0,512.0
1496,14.9093131,37.5666064,24.2,133.03,87.01,512.0,512.0
1497,14.9096432,37.5666612,75.0,106.24,81.49,512.0,512.0
1498,14.9096432,37.5666612,48.1,48.79,87.48,512.0,512.0
1499,14.909741,37.5666872,75.0,303.78,90.78,512.0,512.0
1500,14.9097382,37.5667857,75.0,202.81,83.26,512.0,512.0
1501,14.9097382,37.5667857,47.3,150.22,89.79,512.0,512.0
1502,14.909839,37.5663603,48.9,155.29,94.41,512.0,512.0
1503,14.9098586,37.5662729,47.9,189.28,89.27,512.0,512.0
1504,14.9098586,37.5662729,47.9,310.8,90.65,512.0,512.0
1505,14.9098586,37.5662729,73.0,111.82,84.16,512.0,512.0
1506,14.9100081,37.5662518,75.0,352.76,86.86,512.0,512.0
1507,14.9100081,37.5662518,75.0,44.54,82.79,512.0,512.0
1508,14.9101074,37.5663675,75.0,71.22,80.65,512.0,512.0
1509,14.9102347,37.5665197,25.7,38.91,89.8,512.0,512.0
1510,14.9103901,37.5667091,48.9,43.75,88.34,512.0,512.0
1511,14.9105412,37.5668961,75.0,58.69,83.03,512.0,512.0
1512,14.9106848,37.5668011,49.3,318.9,83.87,512.0,512.0
1513,14.9094607,37.565649,47.7,253.67,85.99,512.0,512.0
1514,14.9092252,37.5652479,75.0,276.33,85.85,512.0,512.0
1515,14.9090605,37.5652254,49.5,260.85,80.01,512.0,512.0
1516,14.9089099,37.5652464,48.9,270.52,84.46,512.0,512.0
1517,14.9085087,37.5652361,49.1,110.81,85.8,512.0,512.0
1518,14.9087761,37.5650295,75.0,205.57,86.08,512.0,512.0
1520,14.9085291,37.5647778,49.2,199.73,77.98,512.0,512.0
1521,14.9085291,37.5647778,24.3,225.02,81.6,512.0,512.0
1522,14.908063,37.5646624,75.0,201.93,75.7,512.0,512.0
1523,14.9078988,37.5644583,47.1,9.87,86.99,512.0,512.0
1524,14.9061617,37.5641797,75.0,259.47,80.07,512.0,512.0
1525,14.905998,37.5641206,47.6,316.47,84.98,512.0,512.0
1526,14.9058879,37.5640947,24.5,166.39,86.64,512.0,512.0
1527,14.9058879,37.5640947,50.1,243.4,83.84,512.0,512.0
1528,14.9056706,37.5640005,46.9,92.66,91.12,512.0,512.0
1529,14.9055332,37.5639167,75.0,334.02,83.07,512.0,512.0
1530,14.904239,37.5637466,75.0,292.3,79.1,512.0,512.0
1531,14.9043481,37.5637546,75.0,79.26,72.44,512.0,512.0
1532,14.9041813,37.5639076,52.2,184.0,82.61,512.0,512.0
1533,14.9041896,37.5642393,75.0,127.61,89.51,512.0,512.0
1534,14.9043311,37.5642671,24.0,118.99,86.71,512.0,512.0
1535,14.904789,37.5643219,48.2,248.29,93.37,512.0,512.0
1536,14.9074632,37.5683627,48.9,276.29,88.04,512.0,512.0
1537,14.9072464,37.5683271,46.9,290.37,86.83,512.0,512.0
1538,14.9071455,37.5683119,73.4,242.44,85.17,512.0,512.0
1539,14.907099,37.5683682,48.4,302.84,87.62,512.0,512.0
1540,14.9071459,37.5681854,75.0,357.12,89.55,512.0,512.0
1541,14.9062497,37.5681555,48.9,284.66,87.26,512.0,512.0
1542,14.9059085,37.5681123,46.9,102.64,86.51,512.0,512.0
1543,14.9054628,37.5680388,75.0,278.76,83.83,512.0,512.0
1544,14.9053104,37.5680073,75.0,124.04,83.96,512.0,512.0
1545,14.9053104,37.5680073,75.0,228.97,81.36,512.0,512.0
1546,14.9053104,37.5680073,75.0,354.98,80.92,512.0,512.0
1547,14.9019533,37.5674455,18.1,234.46,86.61,512.0,512.0
1548,14.9014683,37.5673515,48.2,281.19,86.92,512.0,512.0
1549,14.901355,37.5673324,75.0,153.41,87.14,512.0,512.0
1550,14.9011697,37.5672277,48.9,147.25,83.34,512.0,512.0
1551,14.9011697,37.5672277,48.9,237.83,82.82,512.0,512.0
1552,14.9010245,37.5672573,37.4,175.52,88.65,512.0,512.0
1553,14.9010245,37.5672573,37.4,287.23,89.31,512.0,512.0
1554,14.9010052,37.5682,46.9,22.88,88.77,512.0,512.0
1555,14.9010052,37.5682,87.3,219.33,86.51,512.0,512.0
1556,14.9009662,37.5685247,48.9,22.99,88.42,512.0,512.0
1557,14.9010654,37.5686151,75.0,279.55,81.86,512.0,512.0
1558,14.9009453,37.5687469,49.7,316.55,89.76,512.0,512.0
1559,14.9009323,37.5688164,49.4,276.86,85.83,512.0,512.0
1560,14.9008864,37.5692456,48.9,11.28,87.79,512.0,512.0
1561,14.9008766,37.5693385,48.9,60.04,88.44,512.0,512.0
1562,14.9008632,37.5694336,47.2,75.67,88.64,512.0,512.0
1563,14.9007797,37.5695237,46.9,320.58,87.19,512.0,512.0
1564,14.900858,37.5696288,75.0,280.21,89.53,512.0,512.0
1565,14.9008468,37.56972,46.9,104.31,89.16,512.0,512.0
1566,14.9008358,37.5698081,46.9,338.6,91.0,512.0,512.0
1567,14.9008358,37.5698081,46.9,15.66,89.62,512.0,512.0
1568,14.9008358,37.5698081,46.9,62.83,89.41,512.0,512.0
1569,14.9007063,37.5709659,47.8,51.46,87.61,512.0,512.0
1570,14.9007237,37.5716611,38.0,66.5,85.37,512.0,512.0
1571,14.9006739,37.5717168,15.0,35.55,90.31,512.0,512.0
1572,14.9007901,37.5719206,50.0,336.98,88.01,512.0,512.0
1573,14.9014423,37.5721194,48.9,132.73,87.98,512.0,512.0
1574,14.9011687,37.5724225,47.7,88.96,84.66,512.0,512.0
1575,14.9012814,37.5725739,25.2,228.44,88.48,512.0,512.0
1576,14.9015154,37.5728609,48.9,60.49,79.58,512.0,512.0
1577,14.9016721,37.5729387,48.9,45.45,78.8,512.0,512.0
1578,14.9026151,37.5731705,48.9,76.17,87.72,512.0,512.0
1579,14.902493,37.5732015,75.0,51.46,79.32,512.0,512.0
1580,14.9030325,37.5733685,47.3,283.03,76.05,512.0,512.0
1581,14.9003173,37.5737965,48.9,191.0,85.93,512.0,512.0
1582,14.9000435,37.5737176,75.0,286.94,86.48,512.0,512.0
1583,14.8971183,37.5749011,23.1,280.79,86.94,512.0,512.0
1584,14.8967132,37.5749277,75.0,341.61,77.8,512.0,512.0
1585,14.8966226,37.5749798,46.9,264.6,79.29,512.0,512.0
1587,14.896257,37.574886,75.0,325.48,72.91,512.0,512.0
1588,14.8960977,37.5748011,75.0,55.72,80.61,512.0,512.0
1589,14.8961504,37.5751762,75.0,174.1,75.11,512.0,512.0
1590,14.8962015,37.5753749,23.3,14.91,88.51,512.0,512.0
1591,14.8962963,37.5752592,49.2,38.06,89.01,512.0,512.0
1592,14.8965475,37.575245,24.2,298.62,88.97,512.0,512.0
1593,14.8965771,37.5757545,48.9,203.27,75.41,512.0,512.0
1594,14.9015393,37.5715102,23.4,57.55,87.21,512.0,512.0
1595,14.9017477,37.5718298,49.6,25.93,88.19,512.0,512.0
1596,14.9031885,37.5720743,46.9,90.23,89.24,512.0,512.0
1597,14.9034043,37.5718192,75.0,186.98,86.1,512.0,512.0
1598,14.9034254,37.5715452,75.0,29.0,86.58,512.0,512.0
1599,14.9036613,37.5715714,24.2,272.24,87.6,512.0,512.0
1600,14.9035324,37.5711882,24.9,108.45,87.19,512.0,512.0
1601,14.9035324,37.5711882,77.5,334.06,99.15,512.0,512.0
1602,14.9040413,37.5712701,48.9,91.24,84.93,512.0,512.0
1603,14.9042582,37.5713003,46.9,299.01,88.81,512.0,512.0
1604,14.9042154,37.5716191,75.0,41.96,89.11,512.0,512.0
1605,14.904194,37.5718973,75.0,34.4,90.59,512.0,512.0
1606,14.9041833,37.5721268,75.3,15.44,89.65,512.0,512.0
1607,14.9041811,37.5722766,24.7,356.31,90.79,512.0,512.0
1608,14.9041811,37.5722766,43.2,219.77,91.91,512.0,512.0
1609,14.9055059,37.5715095,75.0,310.94,88.59,512.0,512.0
1610,14.9054645,37.5716527,71.6,217.51,85.22,512.0,512.0
1611,14.9042081,37.5717131,75.0,122.9,91.23,512.0,512.0
1612,14.9042081,37.5717131,37.8,216.65,86.13,512.0,512.0
1613,14.9042583,37.5709023,49.1,187.93,85.78,512.0,512.0
1614,14.9042612,37.5705345,75.0,125.74,80.32,512.0,512.0
1615,14.9042991,37.5702707,35.9,5.47,90.6,512.0,512.0
1616,14.9042991,37.5702707,35.9,198.93,83.57,512.0,512.0
1617,14.904142,37.5701212,35.9,103.36,85.59,512.0,512.0
1618,14.9061135,37.5696971,47.8,243.3,85.34,512.0,512.0
1619,14.9050892,37.569654,47.2,231.41,89.34,512.0,512.0
1620,14.9047532,37.5696373,25.2,296.49,91.48,512.0,512.0
1621,14.9040163,37.5696212,72.7,224.73,90.68,512.0,512.0
1622,14.9036208,37.5696043,75.0,302.42,83.05,512.0,512.0
1623,14.9035576,37.5697872,48.9,197.17,87.17,512.0,512.0
1624,14.9029146,37.5695007,75.0,71.0,85.84,512.0,512.0
1625,14.9029146,37.5695007,46.9,247.06,85.24,512.0,512.0
1626,14.9026189,37.5695665,19.2,291.36,89.75,512.0,512.0
1627,14.9022776,37.5695548,46.9,160.52,86.63,512.0,512.0
1628,14.9011864,37.5666904,75.0,230.54,84.1,512.0,512.0
1629,14.9012514,37.5661039,47.6,41.86,90.79,512.0,512.0
1630,14.9013905,37.5662096,75.0,265.68,86.35,512.0,512.0
1631,14.9013905,37.5662096,75.0,150.03,88.87,512.0,512.0
1632,14.901366,37.5651224,43.3,14.55,86.68,512.0,512.0
1633,14.9016144,37.5644282,24.9,297.84,83.88,512.0,512.0
1634,14.9014996,37.5639453,50.4,312.59,94.6,512.0,512.0
1635,14.9014472,37.5644007,39.4,344.29,88.8,512.0,512.0
1636,14.9014693,37.5642158,75.0,64.16,82.56,512.0,512.0
1637,14.901516,37.5637641,47.4,53.78,84.59,512.0,512.0
1638,14.9015641,37.5633211,49.1,57.33,86.9,512.0,512.0
1639,14.9016913,37.5621373,48.4,323.27,89.2,512.0,512.0
1640,14.9016913,37.5621373,48.4,281.77,81.24,512.0,512.0
1641,14.901746,37.5619601,24.0,147.36,86.42,512.0,512.0
1642,14.9022175,37.5616433,71.8,265.65,87.42,512.0,512.0
1643,14.9024068,37.5615106,15.0,156.65,90.47,512.0,512.0
1644,14.9024068,37.5615106,19.4,64.24,92.06,512.0,512.0
1645,14.9026353,37.561638,75.0,108.85,92.75,512.0,512.0
1646,14.9028394,37.5617226,75.0,99.62,88.73,512.0,512.0
1647,14.9030333,37.5616385,29.9,18.2,88.87,512.0,512.0
1648,14.9030293,37.5615481,75.0,204.13,81.86,512.0,512.0
1649,14.9028917,37.5610697,20.5,40.73,89.03,512.0,512.0
1650,14.9024586,37.5614491,47.7,163.62,87.58,512.0,512.0
1651,14.9024849,37.5613056,75.0,76.41,81.19,512.0,512.0
1652,14.9031393,37.5622064,75.0,271.95,91.37,512.0,512.0
1653,14.9030043,37.562271,72.1,137.74,87.57,512.0,512.0
1654,14.9032063,37.5626018,15.0,194.59,88.49,512.0,512.0
1655,14.9033893,37.5627997,25.2,292.39,90.81,512.0,512.0
1656,14.903259,37.5629939,47.0,68.71,84.51,512.0,512.0
1657,14.9033025,37.5634306,75.0,298.93,75.55,512.0,512.0
1658,14.9032974,37.5633766,75.0,140.05,81.99,512.0,512.0
1659,14.9035059,37.563345,48.9,304.91,88.75,512.0,512.0
1660,14.90374,37.5633364,75.0,114.53,83.35,512.0,512.0
1661,14.90374,37.5633364,75.0,236.56,85.14,512.0,512.0
1662,14.90374,37.5633364,15.0,280.38,89.3,512.0,512.0
1663,14.903814,37.5634305,48.9,220.26,92.8,512.0,512.0
1664,14.9037677,37.5631579,32.8,14.13,88.54,512.0,512.0
1665,14.9037527,37.563073,31.3,218.57,88.53,512.0,512.0
1666,14.9036586,37.5625236,24.5,137.71,87.3,512.0,512.0
1667,14.9043723,37.5620904,48.9,189.58,81.57,512.0,512.0
1668,14.904358,37.5619424,23.3,23.87,92.54,512.0,512.0
1669,14.9045188,37.5620703,15.0,301.4,93.49,512.0,512.0
1670,14.904635,37.5620502,15.7,245.96,87.55,512.0,512.0
1671,14.904635,37.5620502,37.9,143.75,89.52,512.0,512.0
1672,14.9051878,37.5621036,29.9,211.08,89.67,512.0,512.0
1673,14.9049138,37.5616448,48.9,112.21,88.29,512.0,512.0
1674,14.9050403,37.5614464,75.0,223.24,82.23,512.0,512.0
1675,14.9048446,37.5613751,31.3,114.32,89.26,512.0,512.0
1676,14.905646,37.5613473,75.0,114.32,89.26,512.0,512.0
1677,14.9057945,37.5613377,75.0,150.11,81.6,512.0,512.0
1678,14.9058355,37.5611098,48.9,205.36,85.66,512.0,512.0
1679,14.9059623,37.5610372,43.0,325.32,91.49,512.0,512.0
1680,14.9057724,37.5610583,75.0,180.35,86.04,512.0,512.0
1681,14.9057576,37.5607717,75.0,230.01,84.9,512.0,512.0
1682,14.9056229,37.5607774,75.0,128.22,91.42,512.0,512.0
1683,14.9059871,37.5607605,31.3,281.69,88.04,512.0,512.0
1684,14.9059365,37.5604744,48.9,281.83,87.02,512.0,512.0
1685,14.9056854,37.560356,17.7,33.26,90.44,512.0,512.0
1686,14.9058338,37.5601913,41.3,298.63,89.67,512.0,512.0
1687,14.9049981,37.5598208,20.4,294.3,88.55,512.0,512.0
1688,14.8953369,37.5741031,29.9,281.58,86.12,512.0,512.0
1689,14.8951791,37.5738573,23.2,236.86,84.61,512.0,512.0
1690,14.8950996,37.5736817,75.0,220.45,76.53,512.0,512.0
1691,14.8950602,37.5735046,31.3,231.06,77.66,512.0,512.0
1692,14.8948562,37.5734113,75.0,124.94,57.25,512.0,512.0
1693,14.8949446,37.5732916,75.0,40.53,68.87,512.0,512.0
1694,14.8951143,37.5731314,84.8,358.25,79.39,512.0,512.0
1695,14.8951143,37.5731314,48.9,188.51,82.6,512.0,512.0
1696,14.8954139,37.5724473,48.9,5.54,82.56,512.0,512.0
1697,14.8956555,37.5723156,46.9,130.51,85.6,512.0,512.0
1698,14.8963371,37.572006,75.0,325.9,83.21,512.0,512.0
1699,14.8971777,37.5716345,44.9,199.54,80.14,512.0,512.0
1700,14.8971001,37.5714235,50.1,58.77,89.14,512.0,512.0
1701,14.8972091,37.5715617,75.0,38.39,88.85,512.0,512.0
1702,14.8974176,37.571863,48.9,221.48,84.46,512.0,512.0
1703,14.8977872,37.572072,75.0,185.91,86.02,512.0,512.0
1704,14.8978128,37.5719445,75.0,332.55,84.16,512.0,512.0
1705,14.8988905,37.571573,75.0,168.4,92.79,512.0,512.0
1706,14.8987782,37.5712978,75.0,213.57,83.31,512.0,512.0
1707,14.8985643,37.5713411,48.3,131.48,84.94,512.0,512.0
1708,14.8985569,37.570937,25.5,37.22,92.45,512.0,512.0
1709,14.8982751,37.5706312,39.4,348.86,83.35,512.0,512.0
1710,14.8990156,37.5703001,49.7,219.28,83.07,512.0,512.0
1711,14.8990156,37.5703001,25.5,262.72,86.78,512.0,512.0
1712,14.8990156,37.5703001,15.0,143.55,93.86,512.0,512.0
1713,14.8990156,37.5703001,57.8,67.07,86.02,512.0,512.0
1714,14.8991654,37.5702358,15.0,11.11,91.96,512.0,512.0
1715,14.8992084,37.5703818,46.9,263.98,84.51,512.0,512.0
1716,14.8992664,37.5704573,47.4,46.42,90.38,512.0,512.0
1717,14.8992664,37.5704573,47.4,335.31,87.72,512.0,512.0
1718,14.8993943,37.5706067,75.0,324.97,85.36,512.0,512.0
1719,14.8996122,37.5708791,47.8,254.96,84.35,512.0,512.0
1720,14.8996122,37.5708791,47.8,313.11,82.1,512.0,512.0
1721,14.8996122,37.5708791,47.8,47.31,89.95,512.0,512.0
1722,14.8998548,37.5711361,48.9,318.59,94.25,512.0,512.0
1723,14.8992577,37.571404,23.3,284.66,75.55,512.0,512.0
1724,14.8990005,37.5715314,47.6,280.33,87.92,512.0,512.0
1725,14.8985396,37.5717328,47.8,331.74,84.69,512.0,512.0
1726,14.8985396,37.5717328,22.6,272.88,87.06,512.0,512.0
1727,14.8983309,37.571616,24.9,232.11,89.08,512.0,512.0
1728,14.8980904,37.5719374,46.9,316.88,86.05,512.0,512.0
1729,14.8966469,37.570104,75.0,125.88,88.37,512.0,512.0
1730,14.8969781,37.5699398,49.2,331.6,87.78,512.0,512.0
1731,14.8954281,37.5694323,48.8,248.65,86.8,512.0,512.0
1732,14.8952849,37.5692873,48.9,264.22,82.5,512.0,512.0
1733,14.8951102,37.5691782,75.0,81.04,85.39,512.0,512.0
1734,14.8951305,37.5690232,48.9,223.25,83.16,512.0,512.0
1735,14.8951033,37.568812,75.0,44.95,85.88,512.0,512.0
1736,14.8951513,37.5691231,23.1,346.21,85.33,512.0,512.0
1737,14.8948353,37.5697461,75.0,329.23,77.33,512.0,512.0
1738,14.8943033,37.5705853,75.0,333.83,60.05,512.0,512.0
1739,14.8943033,37.5705853,75.0,208.91,68.91,512.0,512.0
1740,14.8942067,37.5701479,46.9,19.99,84.74,512.0,512.0
1741,14.894017,37.5703187,48.1,107.42,92.82,512.0,512.0
1742,14.8942506,37.5703371,75.0,26.47,78.88,512.0,512.0
1743,14.8943033,37.5705853,75.0,332.26,78.79,512.0,512.0
1744,14.8941515,37.5707939,48.9,166.91,86.8,512.0,512.0
1745,14.8957597,37.5679494,75.0,79.0,77.49,512.0,512.0
1746,14.8973456,37.568172,75.0,203.39,86.92,512.0,512.0
1747,14.8970149,37.5678163,48.7,215.57,85.94,512.0,512.0
1748,14.897459,37.5676898,75.0,135.05,88.28,512.0,512.0
1749,14.8972031,37.5676262,42.4,93.39,93.01,512.0,512.0
1750,14.8983144,37.5668286,75.0,271.77,79.45,512.0,512.0
1751,14.8982956,37.5667694,75.0,185.54,82.66,512.0,512.0
1752,14.8986002,37.5659782,75.0,127.47,82.28,512.0,512.0
1753,14.8988944,37.5651809,48.9,34.77,88.87,512.0,512.0
1754,14.89911,37.5649476,48.9,105.71,85.74,512.0,512.0
1755,14.8993032,37.5647011,75.0,45.7,70.86,512.0,512.0
1756,14.8970056,37.563324,75.0,195.13,75.23,512.0,512.0
1757,14.8970458,37.5632324,46.2,3.91,91.2,512.0,512.0
1758,14.8971903,37.5629888,75.0,136.11,80.24,512.0,512.0
1759,14.8973481,37.5628578,75.0,73.55,83.92,512.0,512.0
1760,14.8973481,37.5628578,75.0,21.14,102.04,512.0,512.0
1761,14.8988247,37.5621511,23.9,156.68,83.87,512.0,512.0
1762,14.8987867,37.5621246,19.9,141.22,82.58,512.0,512.0
1763,14.8989536,37.5618884,19.2,213.03,84.85,512.0,512.0
1764,14.8988985,37.5617029,48.9,40.01,93.0,512.0,512.0
1765,14.9001516,37.576158,23.2,43.47,91.56,512.0,512.0
1766,14.9001866,37.5763364,53.1,52.03,87.44,512.0,512.0
1767,14.9003329,37.5766803,37.6,41.51,91.3,512.0,512.0
1768,14.9003329,37.5766803,37.6,111.58,89.44,512.0,512.0
1769,14.9006764,37.5766649,24.9,301.18,87.81,512.0,512.0
1770,14.9005736,37.5773194,46.9,213.48,83.58,512.0,512.0
1771,14.9009233,37.5774286,28.6,84.54,93.91,512.0,512.0
1772,14.9010497,37.5776357,75.0,266.79,82.31,512.0,512.0
1773,14.9012291,37.5777587,75.0,297.69,80.55,512.0,512.0
1774,14.9013024,37.5779482,23.8,206.93,86.67,512.0,512.0
1775,14.9014791,37.5798075,39.4,240.73,85.15,512.0,512.0
1776,14.9005184,37.5791923,37.6,230.49,85.19,512.0,512.0
1777,14.8998849,37.5786511,44.0,189.81,87.66,512.0,512.0
1778,14.8999474,37.5784833,24.2,255.05,89.01,512.0,512.0
1779,14.8992288,37.5780986,75.0,244.65,81.03,512.0,512.0
1780,14.8988321,37.5776682,43.0,280.64,85.89,512.0,512.0
1781,14.8987153,37.5775092,34.3,241.09,85.68,512.0,512.0
1782,14.8981189,37.5769331,75.0,104.71,91.56,512.0,512.0
1783,14.9039495,37.5788523,75.0,269.79,77.15,512.0,512.0
1784,14.9041984,37.5789641,75.0,181.68,63.82,512.0,512.0
1785,14.9051418,37.5786472,46.9,70.7,78.14,512.0,512.0
1786,14.9052146,37.5786899,75.0,251.47,79.14,512.0,512.0
1787,14.9075127,37.578992,75.0,102.95,79.2,512.0,512.0
1788,14.9076927,37.5789043,75.0,171.05,85.82,512.0,512.0
1789,14.9074889,37.5785782,31.3,247.55,79.83,512.0,512.0
1790,14.9072169,37.5783439,75.0,280.75,83.0,512.0,512.0
1791,14.9069712,37.5781486,48.9,245.87,82.79,512.0,512.0
1792,14.9069712,37.5781486,23.7,225.01,84.57,512.0,512.0
1793,14.9067111,37.5780071,75.0,98.24,61.0,512.0,512.0
1794,14.9067416,37.5779294,46.9,47.15,83.73,512.0,512.0
1795,14.9066127,37.5780242,48.9,304.76,85.54,512.0,512.0
1796,14.9064074,37.5777183,75.0,179.11,75.21,512.0,512.0
1797,14.9064416,37.577789,33.5,196.54,86.89,512.0,512.0
1798,14.9062736,37.5775643,75.0,177.66,86.62,512.0,512.0
1799,14.90606,37.5773443,47.9,251.26,87.92,512.0,512.0
1800,14.9061478,37.5772531,75.0,186.08,85.18,512.0,512.0
1801,14.9060093,37.5771148,46.9,67.27,93.33,512.0,512.0
1802,14.9062892,37.5773921,48.9,51.48,91.74,512.0,512.0
1803,14.9066566,37.5775885,46.9,178.72,86.16,512.0,512.0
1804,14.9109182,37.5813134,41.6,235.09,85.61,512.0,512.0
1805,14.9060641,37.5802725,24.9,350.48,87.51,512.0,512.0
1806,14.9058199,37.5807278,75.0,294.71,81.47,512.0,512.0
1807,14.9055651,37.5807323,15.0,200.82,87.81,512.0,512.0
1808,14.9055651,37.5807323,22.5,155.87,91.28,512.0,512.0
1809,14.9055651,37.5807323,22.5,155.87,91.28,512.0,512.0
1810,14.9055651,37.5807323,22.5,155.87,91.28,512.0,512.0
1811,14.9055651,37.5807323,22.5,155.87,91.28,512.0,512.0
1812,14.9055651,37.5807323,22.5,155.87,91.28,512.0,512.0
1813,14.9055651,37.5807323,22.5,155.87,91.28,512.0,512.0
1814,14.9055651,37.5807323,22.5,155.87,91.28,512.0,512.0
1815,14.9055651,37.5807323,22.5,155.87,91.28,512.0,512.0
1816,14.9055651,37.5807323,22.5,155.87,91.28,512.0,512.0
1817,14.9055651,37.5807323,22.5,155.87,91.28,512.0,512.0
1818,14.9055651,37.5807323,22.5,155.87,91.28,512.0,512.0
1819,14.9055651,37.5807323,22.5,155.87,91.28,512.0,512.0
1820,14.9055651,37.5807323,22.5,155.87,91.28,512.0,512.0
1821,14.9055651,37.5807323,22.5,155.87,91.28,512.0,512.0
1822,14.9055651,37.5807323,22.5,155.87,91.28,512.0,512.0
1823,14.9055651,37.5807323,22.5,155.87,91.28,512.0,512.0
1824,14.9055651,37.5807323,22.5,155.87,91.28,512.0,512.0
1825,14.9055651,37.5807323,22.5,155.87,91.28,512.0,512.0
1826,14.9055651,37.5807323,22.5,155.87,91.28,512.0,512.0
1827,14.9055651,37.5807323,22.5,155.87,91.28,512.0,512.0
1828,14.9055651,37.5807323,22.5,155.87,91.28,512.0,512.0
1829,14.9055651,37.5807323,22.5,155.87,91.28,512.0,512.0
1830,14.9055651,37.5807323,22.5,155.87,91.28,512.0,512.0
1831,15.0470046,37.5070118,25.0,100.78,86.77,512.0,512.0
1832,15.047633,37.5071281,49.0,101.07,81.5,512.0,512.0
1833,15.0479734,37.5071855,49.4,36.69,85.8,512.0,512.0
1834,15.0478905,37.507749,75.0,305.77,94.79,512.0,512.0
1835,15.0478541,37.5079728,48.9,30.61,89.12,512.0,512.0
1836,15.0480123,37.5078948,28.5,321.6,93.6,512.0,512.0
1837,15.0478755,37.5078382,49.4,220.4,83.18,512.0,512.0
1838,15.0479684,37.5074068,51.8,210.58,87.04,512.0,512.0
1839,15.0480874,37.5072029,23.8,134.1,86.31,512.0,512.0
1840,15.0485264,37.5073056,48.9,132.12,85.14,512.0,512.0
1841,15.0493004,37.5073843,48.9,113.06,90.05,512.0,512.0
1842,15.0493004,37.5073843,48.9,150.93,89.28,512.0,512.0
1843,15.0493245,37.5072222,48.9,167.15,88.2,512.0,512.0
1844,15.0493245,37.5072222,48.9,12.56,89.13,512.0,512.0
1845,15.0498147,37.5075208,73.6,133.76,93.78,512.0,512.0
1846,15.0500248,37.5074168,75.0,32.74,86.32,512.0,512.0
1847,15.0518346,37.5080622,48.6,200.55,86.22,512.0,512.0
1848,15.0520085,37.5079178,48.4,54.26,87.32,512.0,512.0
1849,15.0528676,37.5080587,25.2,45.77,83.08,512.0,512.0
1850,15.0528676,37.5080587,25.2,121.43,90.96,512.0,512.0
1851,15.0535693,37.5081802,24.3,53.62,86.56,512.0,512.0
1852,15.0544147,37.5083197,23.3,53.03,92.31,512.0,512.0
1853,15.0563662,37.5086372,35.9,118.33,84.75,512.0,512.0
1854,15.0563662,37.5086372,15.7,51.43,90.93,512.0,512.0
1855,15.0604562,37.5093207,15.0,284.16,90.82,512.0,512.0
1856,15.0603426,37.5093035,23.1,238.19,90.79,512.0,512.0
1857,15.0623496,37.5096263,48.9,295.42,90.56,512.0,512.0
1858,15.0627862,37.5096999,75.0,341.69,87.35,512.0,512.0
1859,15.0634283,37.5097818,19.7,42.38,89.14,512.0,512.0
1860,15.0640188,37.5098715,24.9,130.88,84.46,512.0,512.0
1861,15.0649501,37.5096634,17.7,210.05,91.16,512.0,512.0
1862,15.0668429,37.5103106,23.3,117.99,89.86,512.0,512.0
1863,15.0672675,37.5103864,32.8,199.37,82.52,512.0,512.0
1864,15.0673448,37.5096605,48.9,120.47,79.14,512.0,512.0
1865,15.0673999,37.5093389,24.9,211.74,92.06,512.0,512.0
1866,15.0674777,37.5088389,48.1,248.72,85.7,512.0,512.0
1867,15.0675597,37.5082106,49.8,114.42,86.91,512.0,512.0
1868,15.0675738,37.5077885,23.8,220.34,87.27,512.0,512.0
1869,15.0673779,37.507219,25.7,224.09,89.53,512.0,512.0
1870,15.0672957,37.5070607,46.9,187.85,84.28,512.0,512.0
1871,15.0671599,37.5069249,75.0,93.52,72.9,512.0,512.0
1872,15.0673953,37.5068219,24.3,318.74,84.24,512.0,512.0
1873,15.0672705,37.5066986,48.9,250.6,82.66,512.0,512.0
1874,15.0668938,37.5067979,75.0,147.77,85.67,512.0,512.0
1875,15.0670522,37.5065854,75.0,57.37,77.48,512.0,512.0
1876,15.0690019,37.5051556,48.9,121.45,84.37,512.0,512.0
1877,15.0690499,37.5049249,41.2,8.97,94.8,512.0,512.0
1878,15.0700842,37.5028436,75.0,191.46,87.53,512.0,512.0
1879,15.0701936,37.5027812,48.2,127.97,83.1,512.0,512.0
1880,15.070261,37.5018389,48.9,175.55,83.53,512.0,512.0
1881,15.0703039,37.5016791,18.1,52.57,90.18,512.0,512.0
1882,15.0703039,37.5016791,46.0,166.71,89.29,512.0,512.0
1883,15.0701821,37.5009145,48.9,116.28,80.98,512.0,512.0
1884,15.0704372,37.4996385,24.9,74.06,88.46,512.0,512.0
1885,15.0705312,37.499739,48.9,181.55,83.52,512.0,512.0
1886,15.0704822,37.4994128,15.0,192.94,87.39,512.0,512.0
1887,15.0705813,37.4990257,46.9,145.32,87.19,512.0,512.0
1888,15.0710926,37.4986531,37.5,152.62,93.25,512.0,512.0
1889,15.071205,37.4986774,26.4,95.35,91.7,512.0,512.0
1890,15.0723967,37.4991554,23.9,242.61,88.21,512.0,512.0
1891,15.072585,37.4990794,24.6,193.57,88.82,512.0,512.0
1892,15.0726552,37.4990759,15.0,41.82,90.75,512.0,512.0
1893,15.0724051,37.4998805,72.1,7.97,83.84,512.0,512.0
1894,15.0731235,37.4998955,75.0,2.1,94.8,512.0,512.0
1895,15.0738926,37.4998125,24.0,274.66,87.2,512.0,512.0
1896,15.0746131,37.4998067,49.8,299.85,85.39,512.0,512.0
1897,15.0819921,37.5127878,75.0,164.27,97.92,512.0,512.0
1898,15.0821138,37.5128084,48.9,37.05,96.29,512.0,512.0
1899,15.0822784,37.5128721,48.9,91.61,87.28,512.0,512.0
1900,15.0837297,37.5128904,51.3,353.13,88.33,512.0,512.0
1901,15.0847867,37.5132662,46.9,15.37,99.9,512.0,512.0
1902,15.0846924,37.5137273,48.9,11.34,81.31,512.0,512.0
1903,15.0845346,37.5143619,48.9,99.89,94.75,512.0,512.0
1904,15.0845346,37.5143619,48.9,5.72,80.83,512.0,512.0
1905,15.0844156,37.514893,75.0,13.82,70.66,512.0,512.0
1906,15.0843739,37.5150707,46.9,27.85,81.17,512.0,512.0
1907,15.0845065,37.5150647,48.9,318.99,88.82,512.0,512.0
1908,15.0842522,37.5156075,75.0,21.23,79.82,512.0,512.0
1909,15.0847039,37.5156428,75.0,98.75,78.58,512.0,512.0
1910,15.0848408,37.5156572,50.1,64.23,89.26,512.0,512.0
1911,15.0848698,37.5158386,48.9,187.69,80.77,512.0,512.0
1912,15.0849342,37.5153567,75.0,196.14,80.41,512.0,512.0
1913,15.0849737,37.515083,75.0,233.3,82.91,512.0,512.0
1914,15.0849737,37.515083,51.3,284.43,86.43,512.0,512.0
1915,15.0850489,37.5145423,49.7,187.03,79.98,512.0,512.0
1916,15.0850929,37.5142686,23.4,147.31,86.68,512.0,512.0
1917,15.0851385,37.5139124,46.9,197.56,78.32,512.0,512.0
1918,15.0851854,37.5136126,24.0,197.28,86.91,512.0,512.0
1919,15.0852252,37.513339,25.1,113.5,91.28,512.0,512.0
1920,15.0853525,37.5122705,28.3,119.14,92.86,512.0,512.0
1921,15.0853525,37.5122705,28.3,208.45,85.82,512.0,512.0
1922,15.0853525,37.5122705,53.8,295.62,89.64,512.0,512.0
1923,15.0854281,37.5116683,46.9,33.63,98.25,512.0,512.0
1924,15.0854281,37.5116683,46.9,116.04,90.85,512.0,512.0
1925,15.0854281,37.5116683,46.9,198.34,82.29,512.0,512.0
1926,15.0856876,37.5109666,75.0,312.81,79.04,512.0,512.0
1927,15.0856228,37.5096887,46.9,318.09,111.42,512.0,512.0
1928,15.0857352,37.5095692,48.9,56.68,96.27,512.0,512.0
1929,15.0857435,37.5094954,48.9,24.0,89.57,512.0,512.0
1930,15.0857435,37.5094954,24.9,267.21,86.52,512.0,512.0
1931,15.0856846,37.5094625,35.9,327.15,94.73,512.0,512.0
1932,15.0860327,37.5083168,23.4,92.05,99.25,512.0,512.0
1933,15.0861916,37.5077108,48.9,76.03,90.22,512.0,512.0
1934,15.0860521,37.5076349,46.9,312.18,97.15,512.0,512.0
1935,15.0849303,37.5075797,75.0,293.95,83.47,512.0,512.0
1936,15.0849787,37.5074639,51.0,200.91,87.25,512.0,512.0
1937,15.0851293,37.5072216,37.6,127.47,83.05,512.0,512.0
1938,15.0854401,37.507246,47.5,112.58,94.42,512.0,512.0
1939,15.0854401,37.507246,24.3,172.61,91.47,512.0,512.0
1940,15.0855282,37.5070022,35.9,298.03,91.03,512.0,512.0
1941,15.0855282,37.5070022,35.9,212.92,84.42,512.0,512.0
1942,15.0854006,37.5070215,24.6,120.32,91.93,512.0,512.0
1943,15.0856292,37.5065748,75.0,46.57,86.06,512.0,512.0
1944,15.0856292,37.5065748,75.0,141.71,68.26,512.0,512.0
1945,15.0855949,37.5065749,48.9,117.38,95.82,512.0,512.0
1946,15.0856779,37.5063878,51.1,196.14,98.23,512.0,512.0
1947,15.0857165,37.5062104,72.9,142.05,84.28,512.0,512.0
1948,15.0858259,37.5057167,48.9,277.11,90.01,512.0,512.0
1949,15.0855948,37.5057223,46.9,123.31,84.64,512.0,512.0
1950,15.0859061,37.5053463,48.6,105.58,94.39,512.0,512.0
1951,15.0858873,37.5054341,75.0,170.74,81.01,512.0,512.0
1952,15.0859378,37.50521,48.7,226.82,87.03,512.0,512.0
1953,15.0859589,37.5051231,48.9,190.23,89.62,512.0,512.0
1954,15.0859783,37.5050402,46.9,218.12,83.54,512.0,512.0
1955,15.0859983,37.5049674,25.0,6.65,95.55,512.0,512.0
1956,15.0859983,37.5049674,25.0,115.85,86.51,512.0,512.0
1957,15.0859983,37.5049674,25.0,192.45,88.1,512.0,512.0
1958,15.0860544,37.5046847,75.0,299.82,91.79,512.0,512.0
1959,15.0860727,37.5045996,24.8,323.02,96.11,512.0,512.0
1960,15.0861126,37.5044254,16.4,183.94,86.6,512.0,512.0
1961,15.0861126,37.5044254,59.5,59.51,87.94,512.0,512.0
1962,15.0861634,37.504547,49.0,113.61,93.98,512.0,512.0
1963,15.0867907,37.5046218,75.0,135.89,85.86,512.0,512.0
1964,15.086968,37.5046332,46.9,119.51,87.82,512.0,512.0
1965,15.0868368,37.5049715,15.0,284.73,89.35,512.0,512.0
1966,15.0863419,37.5049523,25.3,308.82,95.53,512.0,512.0
1967,15.087308,37.5049781,48.9,100.82,87.3,512.0,512.0
1968,15.0878039,37.5050847,75.0,31.18,81.62,512.0,512.0
1969,15.0887586,37.5050088,27.0,343.87,89.57,512.0,512.0
1970,15.0887586,37.5050088,27.0,97.1,89.95,512.0,512.0
1971,15.0892909,37.5049258,48.0,41.75,88.31,512.0,512.0
1972,15.0899048,37.5050414,35.1,345.7,92.37,512.0,512.0
1973,15.0900593,37.5051376,74.0,313.3,90.63,512.0,512.0
1974,15.0901434,37.5050545,32.9,226.73,87.54,512.0,512.0
1975,15.0901434,37.5050545,16.8,110.13,88.57,512.0,512.0
1976,15.0903659,37.5045705,28.6,210.59,88.91,512.0,512.0
1977,15.0934221,37.5036239,35.9,255.84,87.52,512.0,512.0
1978,15.0932718,37.5051785,19.3,200.62,85.83,512.0,512.0
1979,15.0724813,37.5113301,46.9,34.63,80.94,512.0,512.0
1980,15.0724813,37.5113301,49.3,119.28,95.71,512.0,512.0
1981,15.0724813,37.5113301,25.2,173.78,86.47,512.0,512.0
1982,15.0725086,37.5112556,20.8,279.69,95.52,512.0,512.0
1983,15.0725086,37.5112556,20.8,265.82,88.1,512.0,512.0
1984,15.0720458,37.5112139,30.5,167.08,86.54,512.0,512.0
1985,15.0720458,37.5112139,15.2,115.35,86.94,512.0,512.0
1986,15.0728159,37.5106296,75.0,2.48,81.37,512.0,512.0
1987,15.0728159,37.5106296,75.0,173.08,81.7,512.0,512.0
1988,15.0734449,37.5094543,24.9,7.15,100.72,512.0,512.0
1989,15.0736803,37.508988,49.4,5.67,100.43,512.0,512.0
1990,15.0737757,37.509071,47.9,254.62,81.29,512.0,512.0
1991,15.0740531,37.5083068,48.9,125.08,95.19,512.0,512.0
1992,15.0740531,37.5083068,48.9,168.11,81.87,512.0,512.0
1993,15.0743664,37.5077611,75.0,34.69,72.78,512.0,512.0
1994,15.0756506,37.5052027,75.0,98.38,89.46,512.0,512.0
1995,15.0756506,37.5052027,47.4,33.18,89.22,512.0,512.0
1996,15.0761418,37.5044006,75.0,223.36,80.59,512.0,512.0
1997,15.0781597,37.5056285,48.6,0.01,75.99,512.0,512.0
1998,15.0783425,37.5058324,48.9,62.99,82.75,512.0,512.0
1999,15.0783425,37.5058324,48.9,122.16,83.31,512.0,512.0
2000,15.0803922,37.5058136,75.0,22.52,76.54,512.0,512.0
2001,15.0803453,37.50606,75.0,69.07,74.46,512.0,512.0
2002,15.0803793,37.5065073,75.0,39.69,90.94,512.0,512.0
2003,15.0803857,37.5068129,15.0,355.04,85.39,512.0,512.0
2004,15.0803857,37.5068129,40.3,81.17,76.41,512.0,512.0
2005,15.0332908,37.5105722,52.1,70.41,76.05,512.0,512.0
2006,15.0360124,37.5115995,75.0,201.62,89.63,512.0,512.0
2007,15.0364198,37.5116935,75.0,280.73,77.27,512.0,512.0
2008,15.0365199,37.5117372,75.0,279.83,65.91,512.0,512.0
2009,15.0368223,37.5118702,48.9,288.8,88.44,512.0,512.0
2010,15.0387651,37.5124962,49.7,149.52,83.49,512.0,512.0
2011,15.0393413,37.5122161,47.2,101.04,76.19,512.0,512.0
2012,15.0395637,37.5122872,46.9,89.07,85.56,512.0,512.0
2013,15.0398547,37.5124644,75.0,267.68,85.35,512.0,512.0
2014,15.0398547,37.5124644,75.0,118.4,78.26,512.0,512.0
2015,15.0401968,37.5122973,48.9,307.36,87.68,512.0,512.0
2016,15.0400033,37.5127649,23.3,357.97,80.65,512.0,512.0
2017,15.0413263,37.5135029,25.2,359.35,85.29,512.0,512.0
2018,15.0418736,37.5138161,75.0,35.08,76.84,512.0,512.0
2019,15.0439739,37.5145468,47.8,216.05,78.37,512.0,512.0
2020,15.0443884,37.514442,48.9,85.19,86.38,512.0,512.0
2021,15.0446046,37.514508,25.5,48.13,86.7,512.0,512.0
2022,15.0447384,37.5145464,75.0,182.63,68.92,512.0,512.0
2023,15.0447813,37.514412,46.9,17.7,83.53,512.0,512.0
2024,15.0450033,37.5146258,75.0,101.25,83.32,512.0,512.0
2025,15.0452711,37.5147074,41.2,162.18,84.42,512.0,512.0
2026,15.045916,37.514903,47.7,169.36,83.29,512.0,512.0
2027,15.0460239,37.5149349,47.8,82.11,82.15,512.0,512.0
2028,15.0464173,37.5150532,49.6,86.57,81.97,512.0,512.0
2029,15.0473709,37.5153414,75.0,78.66,89.52,512.0,512.0
2030,15.0477918,37.5154684,48.9,156.49,81.44,512.0,512.0
2031,15.0478278,37.5154634,49.3,182.86,88.19,512.0,512.0
2032,15.0479413,37.5149189,46.9,132.67,83.82,512.0,512.0
2033,15.0479404,37.514797,48.9,47.81,86.89,512.0,512.0
2034,15.0479848,37.5146599,47.8,28.23,87.63,512.0,512.0
2036,15.0488735,37.5157991,25.1,96.29,84.88,512.0,512.0
2037,15.0507105,37.516353,50.1,209.19,83.98,512.0,512.0
2038,15.0504786,37.51495,46.9,60.68,85.03,512.0,512.0
2039,15.0512689,37.5165052,46.9,100.88,86.25,512.0,512.0
2040,15.0519085,37.5163576,48.9,149.16,88.65,512.0,512.0
2041,15.0519085,37.5163576,48.9,89.21,83.65,512.0,512.0
2042,15.051795,37.5163753,24.9,128.9,88.2,512.0,512.0
2043,15.052165,37.5165922,47.3,16.78,78.43,512.0,512.0
2044,15.0554489,37.5177885,48.9,76.04,81.6,512.0,512.0
2045,15.0565196,37.518111,46.9,75.4,85.11,512.0,512.0
2046,15.059074,37.5188861,75.0,129.87,83.77,512.0,512.0
2047,15.0595201,37.5188906,75.0,40.12,87.59,512.0,512.0
2048,15.0613074,37.5195777,75.0,94.76,82.41,512.0,512.0
2049,15.0613074,37.5195777,48.9,34.98,83.91,512.0,512.0
2050,15.0628816,37.521433,75.0,81.85,82.53,512.0,512.0
2051,15.063333,37.5215431,75.0,103.49,84.23,512.0,512.0
2052,15.0637551,37.5214054,75.0,206.35,84.01,512.0,512.0
2053,15.0657366,37.5223688,75.0,103.11,90.33,512.0,512.0
2054,15.0659606,37.5224012,75.0,110.53,88.09,512.0,512.0
2055,15.0683227,37.5227196,19.1,35.28,90.48,512.0,512.0
2056,15.0683227,37.5227196,19.1,65.63,85.39,512.0,512.0
2057,15.0698634,37.5228037,75.0,339.36,94.2,512.0,512.0
2058,15.0698634,37.5228037,75.0,20.38,91.95,512.0,512.0
2059,15.0699112,37.5229204,52.2,71.5,90.61,512.0,512.0
2060,15.0747249,37.5247493,47.7,143.05,90.32,512.0,512.0
2061,15.0750267,37.5248824,48.9,76.71,85.5,512.0,512.0
2062,15.0758019,37.5252012,47.8,44.73,80.78,512.0,512.0
2063,15.0759031,37.5255057,23.2,206.91,94.2,512.0,512.0
2064,15.0759031,37.5255057,15.0,238.13,93.2,512.0,512.0
2065,15.0756245,37.5253525,75.0,301.41,95.86,512.0,512.0
2066,15.0763175,37.5254531,48.9,138.83,75.27,512.0,512.0
2067,15.0767417,37.5255906,75.0,101.6,77.39,512.0,512.0
2068,15.0773003,37.5256891,48.3,67.28,85.2,512.0,512.0
2069,15.0782477,37.526006,48.3,90.23,84.12,512.0,512.0
2070,15.0793824,37.5263026,48.0,147.93,85.71,512.0,512.0
2071,15.0793824,37.5263026,48.0,104.07,86.75,512.0,512.0
2072,15.0797404,37.526468,35.9,130.05,84.59,512.0,512.0
2073,15.0807065,37.5264413,48.1,192.14,86.95,512.0,512.0
2074,15.0808512,37.5264869,49.3,102.71,82.8,512.0,512.0
2075,15.0813881,37.5262835,48.3,150.91,77.82,512.0,512.0
2076,15.0815657,37.5261811,48.9,204.45,94.45,512.0,512.0
2077,15.0816889,37.5259748,48.9,234.58,85.8,512.0,512.0
2078,15.0819037,37.5251001,75.0,21.84,91.12,512.0,512.0
2079,15.0822085,37.5241361,75.0,329.59,83.41,512.0,512.0
2080,15.0820558,37.5265549,15.0,329.3,90.31,512.0,512.0
2081,15.0820558,37.5265549,15.0,53.53,87.45,512.0,512.0
2082,15.0824422,37.5268992,50.0,102.5,90.32,512.0,512.0
2083,15.0829254,37.5270603,48.9,107.09,81.45,512.0,512.0
2084,15.0831383,37.5271271,48.9,101.53,89.95,512.0,512.0
2085,15.0831383,37.5271271,48.9,17.28,84.85,512.0,512.0
2086,15.0835649,37.5272714,48.9,98.13,82.85,512.0,512.0
2087,15.0840845,37.5274569,75.0,107.87,79.29,512.0,512.0
2088,15.0842918,37.5275306,75.0,84.91,97.3,512.0,512.0
2089,15.0854985,37.5278144,49.6,83.41,88.0,512.0,512.0
2090,15.0864566,37.5279363,49.7,156.57,81.42,512.0,512.0
2091,15.0867991,37.5279467,48.9,124.53,84.19,512.0,512.0
2092,15.0876086,37.5279721,75.0,84.87,76.15,512.0,512.0
2093,15.0881781,37.5279221,48.9,111.14,80.84,512.0,512.0
2094,15.0884095,37.5279238,24.2,33.42,90.19,512.0,512.0
2095,15.0884095,37.5279238,24.2,353.83,90.06,512.0,512.0
2096,15.0894508,37.5279396,27.3,98.59,82.88,512.0,512.0
2097,15.09032,37.5266349,63.6,144.51,79.66,512.0,512.0
2098,15.090458,37.526488,46.2,82.83,85.75,512.0,512.0
2099,15.0905982,37.5265031,48.5,28.71,93.59,512.0,512.0
2100,15.0906456,37.526764,75.0,43.6,88.1,512.0,512.0
2101,15.090623,37.5269484,24.3,11.23,88.31,512.0,512.0
2102,15.0905175,37.527458,75.0,230.09,83.76,512.0,512.0
2103,15.0897905,37.5280276,15.0,99.12,89.61,512.0,512.0
2104,15.0936514,37.5282985,75.0,119.91,85.69,512.0,512.0
2105,15.0945977,37.528428,75.0,121.71,89.41,512.0,512.0
2106,15.0946741,37.5283761,48.9,142.6,92.67,512.0,512.0
2107,15.0947791,37.5283653,48.9,153.69,80.81,512.0,512.0
2108,15.0948399,37.5283033,48.9,20.53,85.27,512.0,512.0
2109,15.0959378,37.5285786,48.9,127.79,85.05,512.0,512.0
2110,15.0961958,37.5285178,48.9,93.63,88.43,512.0,512.0
2111,15.0984566,37.5297956,37.6,3.81,79.96,512.0,512.0
2112,15.0984566,37.5297956,37.6,46.17,85.83,512.0,512.0
2113,15.0986434,37.5298402,48.9,4.74,88.36,512.0,512.0
2114,15.0990001,37.530316,42.2,69.47,85.26,512.0,512.0
2115,15.0990833,37.5303766,32.8,89.43,88.2,512.0,512.0
2116,15.1057976,37.5317391,48.9,135.22,81.29,512.0,512.0
2117,15.1075105,37.5315781,24.1,228.22,100.09,512.0,512.0
2118,15.1072414,37.5313156,75.0,54.54,85.39,512.0,512.0
2119,15.1081333,37.5314864,24.7,221.8,85.27,512.0,512.0
2120,15.1081333,37.5314864,24.7,194.6,86.54,512.0,512.0
2121,15.1084733,37.5313438,48.9,144.86,83.77,512.0,512.0
2122,15.1085477,37.5311005,75.0,21.41,78.98,512.0,512.0
2123,15.109245,37.5312919,23.3,99.19,86.33,512.0,512.0
2124,15.1099601,37.5313771,46.8,114.17,87.12,512.0,512.0
2125,15.1113119,37.5314575,75.0,85.83,83.9,512.0,512.0
2126,15.1118297,37.5312289,75.0,215.32,76.55,512.0,512.0
2127,15.1119446,37.5308727,75.0,235.29,86.08,512.0,512.0
2128,15.1119446,37.5308727,48.9,7.88,75.85,512.0,512.0
2129,15.1120255,37.5305184,23.4,237.3,94.09,512.0,512.0
2130,15.1120972,37.5301568,75.0,121.39,81.19,512.0,512.0
2131,15.1121128,37.5301122,48.9,132.73,78.36,512.0,512.0
2132,15.1122107,37.5299467,24.8,182.04,89.58,512.0,512.0
2133,15.1122107,37.5299467,26.6,155.53,84.23,512.0,512.0
2134,15.1123585,37.5298058,17.5,155.42,87.02,512.0,512.0
2135,15.1123585,37.5298058,18.3,113.18,89.14,512.0,512.0
2136,15.1128362,37.5294075,51.8,153.44,88.54,512.0,512.0
2137,15.1128362,37.5294075,27.3,192.39,85.93,512.0,512.0
2138,15.112854,37.5292488,48.9,109.58,106.43,512.0,512.0
2139,15.1141754,37.5288821,48.9,161.03,100.42,512.0,512.0
2140,15.1143341,37.5288253,48.9,156.54,84.31,512.0,512.0
2141,15.1147493,37.5286754,75.0,112.07,80.57,512.0,512.0
2142,15.1158521,37.527652,24.8,209.11,94.16,512.0,512.0
2143,15.1159299,37.5272503,48.7,192.06,82.84,512.0,512.0
2144,15.1159299,37.5272503,50.7,154.98,88.03,512.0,512.0
2145,15.1160001,37.5269317,76.0,9.25,87.83,512.0,512.0
2146,15.1160201,37.5272458,48.9,357.99,83.6,512.0,512.0
2147,15.1160409,37.5267492,48.7,204.15,89.07,512.0,512.0
2148,15.1161218,37.5263891,25.1,13.78,84.25,512.0,512.0
2149,15.1162575,37.5258573,21.9,39.17,86.68,512.0,512.0
2150,15.1162816,37.5257669,48.9,194.51,83.96,512.0,512.0
2151,15.1164497,37.5245084,24.9,213.11,88.92,512.0,512.0
2152,15.1164996,37.5243975,49.4,65.84,87.8,512.0,512.0
2153,15.1164996,37.5243975,38.2,262.95,94.35,512.0,512.0
2154,15.1160096,37.5244294,48.9,261.75,91.65,512.0,512.0
2155,15.115472,37.5244735,48.9,256.19,94.19,512.0,512.0
2156,15.115134,37.5245038,75.0,307.04,85.36,512.0,512.0
2157,15.1150019,37.5245155,90.0,38.72,90.64,512.0,512.0
2158,15.1150019,37.5245155,42.4,164.86,89.66,512.0,512.0
2159,15.1149159,37.5240495,75.0,280.56,87.18,512.0,512.0
2160,15.1139667,37.5240849,75.0,294.89,81.13,512.0,512.0
2161,15.1138237,37.5240204,29.9,111.71,87.19,512.0,512.0
2162,15.1131506,37.5234511,47.9,228.93,81.21,512.0,512.0
2163,15.1130815,37.5231809,75.0,180.33,94.23,512.0,512.0
2164,15.1116435,37.5215819,50.0,64.46,81.82,512.0,512.0
2165,15.1111168,37.5214032,75.0,221.92,71.56,512.0,512.0
2166,15.1106658,37.5214991,59.7,273.41,77.45,512.0,512.0
2167,15.1105936,37.5214056,46.9,202.43,80.98,512.0,512.0
2168,15.1104427,37.5209843,48.7,164.83,83.16,512.0,512.0
2169,15.1094029,37.5206828,75.0,216.0,78.28,512.0,512.0
2170,15.1090895,37.5203676,75.0,40.26,81.0,512.0,512.0
2171,15.1094295,37.520446,24.9,259.88,87.83,512.0,512.0
2172,15.1089786,37.5203362,47.8,270.76,74.72,512.0,512.0
2173,15.1081695,37.5199844,26.4,199.2,82.93,512.0,512.0
2174,15.1078981,37.5198193,75.0,251.82,83.22,512.0,512.0
2175,15.1076831,37.5196681,75.0,256.85,80.68,512.0,512.0
2176,15.1076831,37.5196681,15.5,163.13,86.64,512.0,512.0
2177,15.1073654,37.519406,24.9,91.23,84.7,512.0,512.0
2178,15.1073654,37.519406,24.9,65.13,86.31,512.0,512.0
2179,15.1077681,37.5197305,15.0,101.62,88.1,512.0,512.0
2180,15.1077681,37.5197305,20.9,123.57,88.49,512.0,512.0
2181,15.1090895,37.5203676,23.1,134.0,88.72,512.0,512.0
2182,15.113227,37.5209289,48.7,147.33,82.05,512.0,512.0
2183,15.1126406,37.5207311,48.4,12.53,86.4,512.0,512.0
2184,15.112458,37.5207821,48.8,270.46,85.93,512.0,512.0
2185,15.112458,37.5207821,24.8,7.01,87.63,512.0,512.0
2186,15.1107993,37.5207557,24.1,263.42,88.74,512.0,512.0
2187,15.1100532,37.5206535,48.9,252.29,80.28,512.0,512.0
2188,15.1098287,37.5205355,75.0,319.8,80.1,512.0,512.0
2189,15.1068502,37.5182503,46.9,43.3,84.11,512.0,512.0
2190,15.1068802,37.5180752,48.9,262.6,75.74,512.0,512.0
2191,15.1071506,37.5174477,75.0,9.31,76.28,512.0,512.0
2192,15.1072396,37.5171671,51.1,10.87,99.95,512.0,512.0
2193,15.1071456,37.51692,47.8,141.41,87.59,512.0,512.0
2194,15.1086317,37.5167554,75.0,160.63,88.32,512.0,512.0
2195,15.1061293,37.516833,47.7,339.79,85.8,512.0,512.0
2196,15.1060212,37.5172726,48.2,32.75,81.89,512.0,512.0
2197,15.1062441,37.5177142,75.0,15.52,86.78,512.0,512.0
2198,15.1063632,37.5179567,75.0,41.92,84.24,512.0,512.0
2199,15.106667,37.5188526,15.0,15.65,89.79,512.0,512.0
2200,15.106667,37.5188526,53.9,345.5,89.58,512.0,512.0
2201,15.106667,37.5188526,53.9,278.78,89.95,512.0,512.0
2202,15.106667,37.5188526,53.9,201.63,90.43,512.0,512.0
2203,15.1061471,37.5178741,75.0,239.4,86.69,512.0,512.0
2204,15.1061117,37.5177956,48.9,219.58,93.0,512.0,512.0
2205,15.1049868,37.5171015,48.9,233.85,85.98,512.0,512.0
2206,15.1047221,37.5171976,15.5,349.21,93.78,512.0,512.0
2207,15.1046188,37.5172253,75.0,234.1,83.62,512.0,512.0
2208,15.1045457,37.5172538,35.9,187.89,84.67,512.0,512.0
2209,15.1044498,37.5173079,23.1,171.64,84.84,512.0,512.0
2210,15.1044361,37.516641,42.2,108.05,95.36,512.0,512.0
2211,15.1044361,37.516641,42.2,238.56,96.09,512.0,512.0
2212,15.10381,37.5164115,50.0,290.0,89.51,512.0,512.0
2213,15.10381,37.5164115,26.2,119.58,89.49,512.0,512.0
2214,15.102954,37.5163819,48.9,11.0,87.31,512.0,512.0
2215,15.1030003,37.5166017,15.0,204.09,89.94,512.0,512.0
2216,15.1032137,37.5170081,48.9,151.74,84.87,512.0,512.0
2217,15.1032427,37.5170877,25.1,279.41,90.79,512.0,512.0
2218,15.1031409,37.5170723,23.1,304.59,97.22,512.0,512.0
2219,15.1027254,37.517141,51.0,277.56,89.74,512.0,512.0
2220,15.1027254,37.517141,51.0,208.08,89.92,512.0,512.0
2221,15.1027457,37.5170526,48.9,193.37,88.3,512.0,512.0
2222,15.1012957,37.5167937,75.0,333.76,84.76,512.0,512.0
2223,15.1012957,37.5167937,75.0,166.79,82.76,512.0,512.0
2224,15.1010438,37.5167492,49.2,108.78,76.66,512.0,512.0
2225,15.1002917,37.5166224,48.9,185.41,85.65,512.0,512.0
2226,15.1004074,37.5161562,39.4,184.03,87.07,512.0,512.0
2227,15.1004371,37.5160352,24.9,141.94,89.76,512.0,512.0
2228,15.1005185,37.5158472,24.9,97.73,88.69,512.0,512.0
2229,15.1007481,37.5158845,16.9,84.15,87.74,512.0,512.0
2230,15.1008164,37.5147105,48.9,129.27,82.74,512.0,512.0
2231,15.1012738,37.5145572,23.4,127.48,86.99,512.0,512.0
2232,15.1022323,37.5142513,53.1,142.39,78.54,512.0,512.0
2233,15.1022323,37.5142513,29.2,174.95,82.36,512.0,512.0
2234,15.1029317,37.5140061,48.9,158.58,89.61,512.0,512.0
2235,15.1031018,37.5137932,39.0,148.41,83.49,512.0,512.0
2236,15.1034393,37.5136872,46.9,163.56,86.74,512.0,512.0
2237,15.1034922,37.5134222,75.0,86.98,88.64,512.0,512.0
2238,15.1033311,37.5131173,75.0,157.7,84.76,512.0,512.0
2239,15.1033311,37.5131173,75.0,293.48,84.71,512.0,512.0
2240,15.1031236,37.512662,48.9,158.65,86.92,512.0,512.0
2241,15.1029549,37.5123202,48.9,173.86,87.98,512.0,512.0
2242,15.1020382,37.5104164,75.0,244.78,74.39,512.0,512.0
2243,15.100352,37.5085429,17.6,285.36,89.26,512.0,512.0
2244,15.0997361,37.507937,48.1,242.01,83.79,512.0,512.0
2245,15.0992376,37.5077236,48.9,315.68,84.72,512.0,512.0
2246,15.0986907,37.5077792,18.1,307.9,89.3,512.0,512.0
2247,15.0985499,37.5079329,90.0,224.18,80.01,512.0,512.0
2248,15.0986847,37.5072801,47.7,230.49,80.88,512.0,512.0
2249,15.0986572,37.5070816,23.3,293.57,89.05,512.0,512.0
2250,15.0992205,37.5068232,46.9,105.49,86.25,512.0,512.0
2251,15.0992205,37.5068232,46.9,51.97,86.31,512.0,512.0
2252,15.0993202,37.5067136,48.2,48.98,95.56,512.0,512.0
2253,15.0989524,37.5067062,53.1,92.14,84.82,512.0,512.0
2254,15.0996606,37.5071506,49.1,183.82,85.41,512.0,512.0
2255,15.0995257,37.5072455,46.9,301.06,85.07,512.0,512.0
2256,15.0995257,37.5072455,46.9,227.09,87.91,512.0,512.0
2257,15.1002468,37.5072091,48.9,159.58,82.99,512.0,512.0
2258,15.1001841,37.5069998,75.0,217.9,79.2,512.0,512.0
2259,15.0842863,37.4877572,48.2,28.22,83.27,512.0,512.0
2260,15.0842371,37.4874929,75.0,235.42,77.68,512.0,512.0
2261,15.084032,37.4863961,46.9,209.07,84.15,512.0,512.0
2262,15.0840014,37.4858753,75.0,90.21,85.67,512.0,512.0
2263,15.0839677,37.4856043,46.9,207.63,86.73,512.0,512.0
2264,15.0839222,37.485333,25.2,203.03,91.89,512.0,512.0
2265,15.0839222,37.485333,25.2,179.85,90.73,512.0,512.0
2266,15.083867,37.4849696,24.9,20.21,90.53,512.0,512.0
2267,15.0838318,37.4845114,46.9,194.65,86.17,512.0,512.0
2268,15.0836715,37.4840779,48.9,235.3,90.8,512.0,512.0
2269,15.0838175,37.4840465,48.9,29.91,83.93,512.0,512.0
2270,15.0836681,37.4833725,90.0,223.17,74.8,512.0,512.0
2271,15.0836586,37.4832794,48.9,200.5,81.75,512.0,512.0
2272,15.0836777,37.4831082,75.0,189.56,82.42,512.0,512.0
2273,15.0836004,37.4821612,48.9,237.97,82.4,512.0,512.0
2274,15.0834772,37.4809812,75.0,38.88,77.87,512.0,512.0
2275,15.0834624,37.4807981,75.0,52.76,77.66,512.0,512.0
2276,15.0834395,37.4805238,75.0,29.02,82.42,512.0,512.0
2277,15.0834319,37.4804317,75.0,205.96,84.36,512.0,512.0
2278,15.0834227,37.4802481,23.7,194.35,85.45,512.0,512.0
2279,15.0833516,37.4799777,24.5,205.78,86.05,512.0,512.0
2280,15.0832701,37.4797183,27.6,230.07,95.57,512.0,512.0
2281,15.0833237,37.4795416,46.9,157.12,85.03,512.0,512.0
2282,15.0833237,37.4795416,23.3,191.88,88.44,512.0,512.0
2283,15.0831252,37.4791921,75.0,301.37,77.0,512.0,512.0
2284,15.0831252,37.4791921,63.5,120.1,84.03,512.0,512.0
2285,15.083475,37.4788182,25.2,48.62,88.62,512.0,512.0
2286,15.083475,37.4788182,15.0,3.6,89.96,512.0,512.0
2287,15.083475,37.4788182,73.4,-42.87,86.33,512.0,512.0
2288,15.083475,37.4788182,73.4,-42.87,86.33,512.0,512.0
2289,15.083475,37.4788182,73.4,-42.87,86.33,512.0,512.0
2290,15.083475,37.4788182,73.4,-42.87,86.33,512.0,512.0
2291,15.083475,37.4788182,73.4,-42.87,86.33,512.0,512.0
2292,15.083475,37.4788182,73.4,-42.87,86.33,512.0,512.0
2293,15.083475,37.4788182,73.4,-42.87,86.33,512.0,512.0
2294,15.083475,37.4788182,73.4,-42.87,86.33,512.0,512.0
2295,15.083475,37.4788182,73.4,-42.87,86.33,512.0,512.0
2296,15.083475,37.4788182,73.4,-42.87,86.33,512.0,512.0
2297,15.083475,37.4788182,73.4,-42.87,86.33,512.0,512.0
2298,15.083475,37.4788182,73.4,-42.87,86.33,512.0,512.0
2299,15.083475,37.4788182,73.4,-42.87,86.33,512.0,512.0
2300,15.0837399,37.4635315,49.1,142.51,85.57,512.0,512.0
2301,15.0838206,37.4625335,75.0,199.1,77.09,512.0,512.0
2302,15.0838589,37.4620816,48.9,185.59,82.74,512.0,512.0
2303,15.0839195,37.4615416,49.1,171.83,87.17,512.0,512.0
2304,15.0839531,37.46128,49.2,205.22,81.46,512.0,512.0
2305,15.0839655,37.460739,48.9,61.81,85.47,512.0,512.0
2306,15.0840288,37.4600649,48.0,130.37,84.84,512.0,512.0
2307,15.0842769,37.4571121,75.0,177.04,78.88,512.0,512.0
2308,15.0843669,37.4560416,25.0,164.07,85.34,512.0,512.0
2309,15.0845112,37.4543746,75.0,184.97,75.66,512.0,512.0
2310,15.0847015,37.4534146,24.9,8.24,86.64,512.0,512.0
2311,15.0847279,37.4518742,46.7,116.53,86.86,512.0,512.0
2312,15.0848451,37.4516684,23.3,339.83,89.06,512.0,512.0
2313,15.0848542,37.4503558,23.1,10.19,88.57,512.0,512.0
2314,15.0848914,37.4499709,75.0,148.8,85.68,512.0,512.0
2315,15.0849885,37.4487718,15.0,6.12,87.72,512.0,512.0
2316,15.0849885,37.4487718,40.5,144.68,85.37,512.0,512.0
2317,15.0849885,37.4487718,40.5,179.71,82.21,512.0,512.0
2318,15.0775493,37.5324782,75.0,123.63,93.78,512.0,512.0
2319,15.0773343,37.5332003,75.0,345.97,80.06,512.0,512.0
2320,15.0757645,37.5343396,48.6,350.67,81.63,512.0,512.0
2321,15.0756809,37.534403,25.6,329.71,90.35,512.0,512.0
2322,15.074085,37.5355422,50.5,292.56,91.42,512.0,512.0
2323,15.074085,37.5355422,50.5,334.19,94.85,512.0,512.0
2324,15.0739134,37.5357782,46.9,341.81,88.19,512.0,512.0
2325,15.0736595,37.5358915,23.7,321.49,93.59,512.0,512.0
2326,15.0735475,37.5358224,75.0,215.39,89.55,512.0,512.0
2327,15.0736113,37.5357462,48.1,192.65,85.49,512.0,512.0
2328,15.073346,37.535667,48.9,112.29,82.74,512.0,512.0
2329,15.0736113,37.5357462,48.9,99.95,89.1,512.0,512.0
2330,15.0736113,37.5357462,48.9,36.45,92.64,512.0,512.0
2331,15.0740179,37.5359773,75.0,266.86,87.1,512.0,512.0
2332,15.0758941,37.5365185,75.0,30.15,87.1,512.0,512.0
2333,15.0759956,37.5366942,24.9,11.0,88.26,512.0,512.0
2334,15.0769046,37.5368004,75.0,139.35,86.14,512.0,512.0
2335,15.0769731,37.5367774,43.0,297.15,85.79,512.0,512.0
2336,15.0765192,37.5369406,24.9,202.55,89.34,512.0,512.0
2337,15.0762088,37.5368717,48.9,296.82,85.38,512.0,512.0
2338,15.0756257,37.5376202,47.8,3.24,85.46,512.0,512.0
2339,15.0753739,37.5380691,48.9,89.26,83.39,512.0,512.0
2340,15.075883,37.5382353,48.4,185.46,91.88,512.0,512.0
2341,15.0763937,37.538592,22.7,57.81,91.08,512.0,512.0
2342,15.0764764,37.5386828,24.9,110.58,92.19,512.0,512.0
2343,15.0754214,37.5384405,75.0,181.09,86.79,512.0,512.0
2344,15.0753226,37.5383938,48.9,279.43,92.47,512.0,512.0
2345,15.0718122,37.538018,32.9,280.35,90.16,512.0,512.0
2346,15.0162085,37.6154877,51.1,181.94,85.29,512.0,512.0
2347,15.0163419,37.6151061,73.9,7.98,83.8,512.0,512.0
2348,15.0164025,37.6147034,75.0,199.11,76.29,512.0,512.0
2349,15.0167212,37.6135031,75.0,207.94,71.6,512.0,512.0
2350,15.0170689,37.6121061,48.9,95.21,79.29,512.0,512.0
2351,15.0172926,37.6121223,75.0,85.57,83.26,512.0,512.0
2352,15.0193283,37.613014,48.9,134.89,82.3,512.0,512.0
2353,15.0190048,37.6132475,75.0,177.16,84.52,512.0,512.0
2354,15.0190048,37.6132475,75.0,293.42,93.89,512.0,512.0
2355,15.0184933,37.6136082,75.0,166.31,95.57,512.0,512.0
2356,15.0182907,37.6138268,75.0,356.82,97.21,512.0,512.0
2357,15.0177754,37.6143395,20.0,119.53,82.2,512.0,512.0
2358,15.0170443,37.6151527,45.9,346.08,94.91,512.0,512.0
2359,15.0168971,37.6153058,24.4,335.74,92.72,512.0,512.0
2360,15.0168683,37.6154341,75.0,338.31,85.5,512.0,512.0
2361,15.0169607,37.6158593,21.5,56.24,92.71,512.0,512.0
2362,15.0205624,37.6156954,24.9,158.61,83.52,512.0,512.0
2363,15.0207313,37.6155036,48.9,161.28,79.11,512.0,512.0
2364,15.021269,37.6148704,24.9,135.8,84.36,512.0,512.0
2365,15.0216429,37.6143993,24.9,131.12,85.47,512.0,512.0
2366,15.0218591,37.6141347,51.1,155.68,87.25,512.0,512.0
2367,15.021918,37.6140082,15.8,147.19,86.1,512.0,512.0
2368,15.0221886,37.6137298,15.0,237.62,88.66,512.0,512.0
2369,15.0221886,37.6137298,41.2,143.53,85.23,512.0,512.0
2370,15.0220729,37.6138745,24.9,193.03,88.82,512.0,512.0
2371,15.0223602,37.6135455,16.9,174.81,87.11,512.0,512.0
2372,15.0226075,37.613227,15.0,186.33,88.21,512.0,512.0
2373,15.022738,37.6130766,19.5,209.99,93.61,512.0,512.0
2374,15.0232641,37.6124517,73.9,242.53,82.48,512.0,512.0
2375,15.0233779,37.6123095,18.3,167.84,88.15,512.0,512.0
2376,15.0234311,37.6122372,75.0,79.61,79.62,512.0,512.0
2377,15.023642,37.6122658,15.7,274.93,90.69,512.0,512.0
2379,15.0235197,37.6121195,19.3,161.99,84.74,512.0,512.0
2380,15.0237501,37.6118265,15.6,335.64,91.59,512.0,512.0
2381,15.0234532,37.6119919,51.4,92.6,83.73,512.0,512.0
2382,15.0236601,37.6119518,17.6,194.97,88.27,512.0,512.0
2383,15.0238099,37.6117474,15.0,125.89,85.74,512.0,512.0
2384,15.0239855,37.6115193,75.0,13.91,79.8,512.0,512.0
2386,15.0246477,37.611372,90.0,255.58,73.18,512.0,512.0
2387,15.0247216,37.6111832,16.8,330.5,95.18,512.0,512.0
2388,15.0246477,37.611372,18.7,118.8,82.13,512.0,512.0
2389,15.0251975,37.6117434,47.3,196.24,88.51,512.0,512.0
2390,15.0266858,37.6120106,75.0,167.06,69.37,512.0,512.0
2391,15.0268645,37.611969,75.0,274.85,88.51,512.0,512.0
2392,15.0270576,37.61206,15.0,75.34,88.74,512.0,512.0
2393,15.0272442,37.6123418,75.0,38.27,86.87,512.0,512.0
2394,15.0270426,37.6126706,16.2,1.16,93.84,512.0,512.0
2395,15.0268678,37.6130115,18.0,313.88,95.79,512.0,512.0
2396,15.0267198,37.6132133,15.0,161.76,87.2,512.0,512.0
2397,15.0266702,37.6133545,15.0,338.99,91.45,512.0,512.0
2398,15.0264238,37.6137503,51.1,337.15,90.82,512.0,512.0
2399,15.0263285,37.6139106,34.9,307.86,88.74,512.0,512.0
2400,15.0264011,37.6139658,48.9,31.25,86.75,512.0,512.0
2401,15.026065,37.614401,19.3,321.6,90.91,512.0,512.0
2402,15.026065,37.614401,19.3,347.95,89.61,512.0,512.0
2403,15.0257646,37.6148818,44.7,128.15,77.86,512.0,512.0
2404,15.0254124,37.6154621,26.1,318.55,89.86,512.0,512.0
2405,15.0251955,37.6158329,15.0,312.16,94.31,512.0,512.0
2406,15.0249954,37.6161593,34.8,350.25,86.1,512.0,512.0
2408,15.0247732,37.6165295,49.6,14.52,89.27,512.0,512.0
2409,15.0246803,37.616687,48.6,321.83,84.94,512.0,512.0
2410,15.0244904,37.6170074,18.7,259.57,81.02,512.0,512.0
2411,15.0244522,37.6171892,48.9,358.01,86.81,512.0,512.0
2412,15.0244496,37.6173099,17.0,307.31,86.42,512.0,512.0
2413,15.0244496,37.6173099,57.8,271.96,81.1,512.0,512.0
2414,15.0243921,37.6173905,17.9,170.28,83.58,512.0,512.0
2415,15.0240183,37.6172504,23.2,82.62,85.46,512.0,512.0
2416,15.023824,37.6171467,24.1,263.17,88.79,512.0,512.0
2417,15.0237257,37.6170961,75.0,286.88,89.15,512.0,512.0
2418,15.0226623,37.6165471,21.4,258.02,88.06,512.0,512.0
2419,15.0226623,37.6165471,21.4,197.88,86.7,512.0,512.0
2420,15.0226623,37.6165471,23.9,86.0,88.98,512.0,512.0
2421,15.0226623,37.6165471,47.0,335.7,79.06,512.0,512.0
2422,15.0225183,37.6164737,15.0,291.97,89.06,512.0,512.0
2423,15.0224707,37.6164495,75.0,254.34,71.73,512.0,512.0
2424,15.0222786,37.6163516,20.5,251.76,86.84,512.0,512.0
2425,15.022085,37.6162538,42.9,281.78,85.09,512.0,512.0
2426,15.0216646,37.6160333,75.0,258.49,88.97,512.0,512.0
2427,15.0209149,37.6156188,46.4,258.51,80.87,512.0,512.0
2428,15.0208545,37.6156255,20.5,260.9,91.41,512.0,512.0
2429,15.0207535,37.6155883,15.3,184.39,83.47,512.0,512.0
2430,15.0206469,37.6155392,48.9,227.6,82.65,512.0,512.0
2431,15.0204495,37.6153833,31.1,273.51,91.36,512.0,512.0
2432,15.0194966,37.6149188,24.6,258.8,91.18,512.0,512.0
2433,15.0187267,37.6148122,16.3,302.2,95.43,512.0,512.0
2434,15.0184952,37.6148529,32.7,30.91,86.58,512.0,512.0
2435,15.0184952,37.6148529,15.0,315.54,92.62,512.0,512.0
2436,15.0170985,37.6153971,43.0,298.16,86.87,512.0,512.0
2437,15.0169265,37.6154269,18.7,16.08,85.56,512.0,512.0
2438,15.0166755,37.6155014,48.9,134.73,77.05,512.0,512.0
2439,15.0222325,37.6136939,90.0,98.7,76.2,512.0,512.0
2440,15.02258,37.61361,30.7,230.82,84.72,512.0,512.0
2441,15.02258,37.61361,30.7,126.02,86.33,512.0,512.0
2442,15.0230369,37.6135814,50.5,63.85,77.41,512.0,512.0
2443,15.0231497,37.6135852,48.2,112.25,80.51,512.0,512.0
2444,15.0234125,37.6135961,27.3,58.93,82.8,512.0,512.0
2445,15.0235334,37.613604,75.0,140.89,77.84,512.0,512.0
2446,15.0239491,37.6136377,27.2,182.64,86.34,512.0,512.0
2447,15.0240664,37.6136423,48.9,108.43,80.08,512.0,512.0
2448,15.0241792,37.6136463,75.0,61.16,76.12,512.0,512.0
2449,15.0244117,37.6136591,89.6,308.94,76.83,512.0,512.0
2450,15.0244117,37.6136591,38.3,117.12,78.42,512.0,512.0
2451,15.0244117,37.6136591,75.0,158.49,80.54,512.0,512.0
2452,15.0247538,37.6137004,75.0,275.9,85.91,512.0,512.0
2453,15.0248657,37.6137207,24.3,113.02,85.21,512.0,512.0
2454,15.0251395,37.6137706,48.9,284.6,84.83,512.0,512.0
2455,15.0251395,37.6137706,21.1,100.84,88.62,512.0,512.0
2456,15.0253605,37.6138128,15.0,274.35,89.01,512.0,512.0
2457,15.0255779,37.6138539,15.0,193.03,85.95,512.0,512.0
2458,15.0254707,37.6138334,15.0,102.18,89.4,512.0,512.0
2459,15.0261149,37.613939,45.5,30.41,85.01,512.0,512.0
2460,15.0247681,37.6137615,15.6,314.25,84.87,512.0,512.0
2461,15.0244335,37.6140211,90.0,283.19,85.23,512.0,512.0
2462,15.0243427,37.614061,48.9,145.32,86.71,512.0,512.0
2463,15.0243919,37.613821,19.0,180.38,89.1,512.0,512.0
2464,15.0243473,37.614008,50.0,14.86,85.22,512.0,512.0
2465,15.024056,37.6140995,75.0,233.82,78.66,512.0,512.0
2466,15.0237165,37.6141522,90.0,287.82,75.22,512.0,512.0
2468,15.0238312,37.614132,51.8,332.19,85.14,512.0,512.0
2469,15.0235774,37.6142467,52.7,316.16,86.93,512.0,512.0
2470,15.0234946,37.6143209,43.8,151.83,78.76,512.0,512.0
2471,15.0233999,37.6143811,35.5,87.5,85.43,512.0,512.0
2472,15.0233999,37.6143811,35.5,326.8,81.48,512.0,512.0
2473,15.0231702,37.6144545,75.0,313.4,74.99,512.0,512.0
2474,15.0229304,37.6144633,20.8,101.59,79.16,512.0,512.0
2475,15.0226958,37.6149757,75.0,171.92,73.76,512.0,512.0
2476,15.0225626,37.6152074,24.9,1.57,89.2,512.0,512.0
2477,15.0222389,37.6145709,23.3,301.72,88.93,512.0,512.0
2478,15.022116,37.6146137,75.0,344.21,80.62,512.0,512.0
2479,15.0221409,37.6150254,75.0,273.04,75.44,512.0,512.0
2480,15.0221353,37.6150777,75.0,306.42,84.32,512.0,512.0
2481,15.0223196,37.6151906,48.9,176.89,78.24,512.0,512.0
2482,15.0230965,37.6157349,51.1,89.01,79.78,512.0,512.0
2483,15.0232575,37.6158479,48.9,270.43,80.49,512.0,512.0
2484,15.023344,37.6159055,18.8,120.24,87.87,512.0,512.0
2485,15.0235092,37.6160253,75.0,345.57,80.6,512.0,512.0
2486,15.0235927,37.6160819,48.5,300.11,75.9,512.0,512.0
2487,15.0241252,37.6162336,20.1,120.16,86.06,512.0,512.0
2488,15.0241252,37.6162336,20.5,334.96,88.36,512.0,512.0
2489,15.0246104,37.6162589,48.9,172.77,85.7,512.0,512.0
2490,15.0248415,37.6162687,75.0,298.84,80.17,512.0,512.0
2491,15.0248415,37.6162687,75.0,47.61,87.86,512.0,512.0
2492,15.0248415,37.6162687,22.9,93.37,85.08,512.0,512.0
2493,15.0250687,37.616275,17.7,275.81,89.71,512.0,512.0
2494,15.0254159,37.6163019,39.2,16.29,89.13,512.0,512.0
2495,15.0254159,37.6163019,70.3,103.14,78.97,512.0,512.0
2496,15.0255317,37.6162974,75.0,148.09,77.33,512.0,512.0
2497,15.0265721,37.6162807,75.0,150.71,76.98,512.0,512.0
2498,15.0268312,37.6162758,75.0,13.98,82.34,512.0,512.0
2499,15.0270526,37.6162412,50.4,308.27,79.96,512.0,512.0
2500,15.0276965,37.6162087,75.0,90.53,76.34,512.0,512.0
2501,15.0278424,37.6161995,75.0,152.68,72.11,512.0,512.0
2502,15.0280489,37.6162477,75.0,286.42,88.25,512.0,512.0
2503,15.0282765,37.6163064,48.9,17.36,84.42,512.0,512.0
2504,15.0282713,37.6164681,90.0,276.79,60.39,512.0,512.0
2505,15.0282676,37.6165566,77.0,4.76,72.12,512.0,512.0
2506,15.0290277,37.6171303,75.0,91.46,70.96,512.0,512.0
2507,15.0294748,37.6171263,75.0,112.92,69.79,512.0,512.0
2508,15.0299738,37.6167541,48.9,347.7,84.75,512.0,512.0
2509,15.0304958,37.6161536,75.0,149.33,66.46,512.0,512.0
2510,15.0306336,37.6159648,75.0,351.18,78.29,512.0,512.0
2511,15.0306336,37.6159648,16.6,93.89,85.98,512.0,512.0
2512,15.0307377,37.6157777,49.9,7.25,79.59,512.0,512.0
2513,15.0310757,37.6153022,45.1,248.2,90.4,512.0,512.0
2514,15.0312899,37.6149883,18.7,168.81,80.23,512.0,512.0
2516,15.0313979,37.614836,17.7,267.49,89.31,512.0,512.0
2517,15.0315022,37.6146818,19.2,180.65,82.36,512.0,512.0
2518,15.0317271,37.6143404,75.0,175.48,79.81,512.0,512.0
2519,15.0323437,37.6142958,48.9,143.02,74.71,512.0,512.0
2520,15.0326438,37.6142849,24.9,70.02,79.21,512.0,512.0
2521,15.0330452,37.6142952,19.2,189.01,82.05,512.0,512.0
2522,15.0332625,37.6142894,50.8,277.85,85.75,512.0,512.0
2523,15.0343385,37.6142672,22.2,113.69,81.88,512.0,512.0
2524,15.0350845,37.6142766,24.9,89.35,83.7,512.0,512.0
2525,15.0355615,37.6142608,48.9,75.29,79.25,512.0,512.0
2526,15.0355615,37.6142608,19.3,150.93,85.69,512.0,512.0
2527,15.0363321,37.6144388,26.6,64.78,80.0,512.0,512.0
2528,15.0365465,37.6144649,23.7,292.62,83.14,512.0,512.0
2529,15.0370595,37.6145537,26.7,268.87,86.17,512.0,512.0
2530,15.0372389,37.6145772,15.0,174.35,81.88,512.0,512.0
2531,15.0374828,37.6146087,15.0,3.3,84.17,512.0,512.0
2532,15.0379733,37.6146687,16.2,275.54,90.52,512.0,512.0
2533,15.0393156,37.6148366,75.0,298.12,75.87,512.0,512.0
2534,15.0243477,37.6174226,20.0,31.02,92.33,512.0,512.0
2535,15.0246504,37.6175601,17.7,246.31,85.12,512.0,512.0
2536,15.0246504,37.6175601,19.8,64.29,87.77,512.0,512.0
2537,15.0254121,37.6179562,48.9,146.85,85.74,512.0,512.0
2538,15.0255599,37.6180231,75.0,60.28,80.24,512.0,512.0
2539,15.0255599,37.6180231,24.3,264.46,87.1,512.0,512.0
2540,15.0258076,37.6181901,48.2,347.12,87.37,512.0,512.0
2541,15.025911,37.6184078,24.3,63.22,87.77,512.0,512.0
2542,15.0263777,37.618966,75.0,62.52,83.49,512.0,512.0
2543,15.0267428,37.6194166,75.0,84.99,89.82,512.0,512.0
2544,15.0268665,37.6195705,30.6,76.14,90.99,512.0,512.0
2545,15.0263157,37.6188909,18.0,227.45,83.19,512.0,512.0
2546,15.0275367,37.6204329,48.2,65.68,84.94,512.0,512.0
2547,15.0278198,37.6205168,24.4,169.32,83.94,512.0,512.0
2548,15.0279237,37.6202606,20.4,349.11,87.27,512.0,512.0
2549,15.0282975,37.6189732,75.0,60.17,81.41,512.0,512.0
2550,15.028359,37.6186029,24.3,233.75,79.57,512.0,512.0
2551,15.028359,37.6186029,16.9,152.54,82.94,512.0,512.0
2552,15.0282841,37.6183387,21.6,213.23,79.09,512.0,512.0
2553,15.0280112,37.6176968,25.5,195.37,75.71,512.0,512.0
2554,15.0279173,37.6172349,18.1,271.32,91.28,512.0,512.0
2556,15.0279173,37.6172349,48.1,192.67,82.47,512.0,512.0
2557,15.0277546,37.6171804,24.3,321.24,87.4,512.0,512.0
2558,15.0274499,37.6172738,53.6,336.15,89.48,512.0,512.0
2559,15.0269393,37.6174744,44.7,333.07,82.96,512.0,512.0
2560,15.0260838,37.6180755,75.0,315.69,80.73,512.0,512.0
2561,15.0260838,37.6180755,21.5,28.16,87.59,512.0,512.0
2562,15.0353391,37.5766937,48.2,183.71,80.86,512.0,512.0
2563,15.0356164,37.5749592,75.0,58.64,74.76,512.0,512.0
2564,15.0356164,37.5749592,48.9,180.08,74.8,512.0,512.0
2565,15.035668,37.5746673,15.4,16.21,88.08,512.0,512.0
2566,15.0391884,37.5744041,75.0,90.83,73.05,512.0,512.0
2567,15.0394339,37.5744693,75.0,293.87,73.06,512.0,512.0
2568,15.0396688,37.5745278,22.1,218.27,81.36,512.0,512.0
2569,15.0407631,37.5742253,75.0,158.56,81.65,512.0,512.0
2570,15.040898,37.574153,20.5,227.1,86.12,512.0,512.0
2571,15.0409476,37.5742442,48.9,59.49,74.71,512.0,512.0
2572,15.0413425,37.575842,19.1,42.34,91.43,512.0,512.0
2573,15.0413425,37.575842,19.1,5.29,91.3,512.0,512.0
2574,15.0413541,37.5761114,48.2,170.08,77.17,512.0,512.0
2575,15.0412363,37.5767581,20.7,41.59,78.64,512.0,512.0
2576,15.0412363,37.5767581,47.7,11.8,78.14,512.0,512.0
2577,15.0412732,37.5769607,16.2,191.7,85.83,512.0,512.0
2578,15.0414157,37.5756411,48.9,125.55,81.65,512.0,512.0
2580,15.0417126,37.5754837,49.7,309.51,91.43,512.0,512.0
2581,15.0420163,37.5753149,48.2,311.21,87.72,512.0,512.0
2582,15.0424992,37.5750547,75.0,123.65,89.69,512.0,512.0
2583,15.0426876,37.5749506,75.0,320.31,80.02,512.0,512.0
2584,15.0427801,37.5749049,15.0,148.71,87.34,512.0,512.0
2585,15.0436886,37.5746806,46.0,142.96,82.8,512.0,512.0
2586,15.0438026,37.5746112,47.5,98.83,84.64,512.0,512.0
2587,15.0438026,37.5746112,47.5,233.91,82.99,512.0,512.0
2588,15.043653,37.574331,73.9,267.62,76.46,512.0,512.0
2589,15.0434031,37.5738366,15.6,298.82,93.09,512.0,512.0
2590,15.0434725,37.5736626,51.1,177.16,83.43,512.0,512.0
2591,15.0436382,37.5732892,48.2,1.41,79.71,512.0,512.0
2592,15.0438104,37.5729503,75.0,171.25,73.39,512.0,512.0
2593,15.0438891,37.5727865,43.2,184.75,77.72,512.0,512.0
2594,15.0437811,37.5727169,75.0,82.97,74.52,512.0,512.0
2595,15.044498,37.5714392,75.0,275.83,77.04,512.0,512.0
2596,15.0445228,37.5713813,48.9,92.52,77.84,512.0,512.0
2597,15.0447975,37.5714665,17.1,139.13,83.05,512.0,512.0
2598,15.0453974,37.5717364,24.3,68.23,78.36,512.0,512.0
2599,15.0457758,37.5719414,75.0,109.95,63.18,512.0,512.0
2600,15.0459672,37.571751,48.2,1.28,76.68,512.0,512.0
2601,15.0466252,37.5707583,50.5,187.47,79.48,512.0,512.0
2602,15.0466252,37.5707583,23.6,112.71,83.76,512.0,512.0
2603,15.0469851,37.5701401,48.2,178.61,80.36,512.0,512.0
2604,15.0472481,37.569674,48.9,338.27,77.7,512.0,512.0
2605,15.046741,37.569765,38.6,80.23,76.97,512.0,512.0
2606,15.0464105,37.5697102,22.6,279.5,87.07,512.0,512.0
2607,15.0457136,37.5695895,49.7,279.22,82.18,512.0,512.0
2608,15.0457136,37.5695895,74.6,110.8,76.35,512.0,512.0
2609,15.0458368,37.5696099,17.4,319.0,92.52,512.0,512.0
2610,15.0455857,37.5695589,15.1,352.4,93.27,512.0,512.0
2611,15.0456692,37.5689877,48.9,217.78,76.54,512.0,512.0
2612,15.0457729,37.5686344,48.2,39.76,79.92,512.0,512.0
2613,15.0448049,37.5750197,47.5,28.84,73.99,512.0,512.0
2614,15.0450099,37.574925,16.8,170.21,86.06,512.0,512.0
2615,15.0451605,37.5746468,48.9,37.49,73.42,512.0,512.0
2616,15.0451605,37.5746468,15.0,346.42,85.6,512.0,512.0
2617,15.0454771,37.5751862,39.2,260.85,86.28,512.0,512.0
2618,15.0463574,37.5755993,75.0,87.89,69.85,512.0,512.0
2619,15.0464028,37.5756167,75.0,267.89,72.73,512.0,512.0
2620,15.0460584,37.57614,19.7,5.22,88.94,512.0,512.0
2621,15.0459552,37.5762791,15.0,213.14,86.14,512.0,512.0
2622,15.0460704,37.5764403,17.0,230.81,87.64,512.0,512.0
2623,15.0460704,37.5764403,51.6,75.22,80.8,512.0,512.0
2624,15.046361,37.5768847,21.0,216.76,83.61,512.0,512.0
2625,15.0463081,37.5768033,15.0,121.1,87.93,512.0,512.0
2626,15.0464626,37.5770492,16.2,34.88,90.25,512.0,512.0
2627,15.0465095,37.5771332,16.4,348.8,88.39,512.0,512.0
2628,15.0466831,37.577492,23.8,352.77,79.66,512.0,512.0
2629,15.0468079,37.5777786,19.6,205.82,84.36,512.0,512.0
2630,15.046863,37.5779105,17.1,214.85,85.4,512.0,512.0
2631,15.0470989,37.5784633,47.5,77.96,82.71,512.0,512.0
2632,15.0471373,37.5785507,23.7,46.83,87.65,512.0,512.0
2633,15.0472201,37.5787239,48.9,228.68,80.8,512.0,512.0
2634,15.0477389,37.5790926,40.5,42.63,81.56,512.0,512.0
2635,15.0482923,37.5791782,37.9,317.97,84.32,512.0,512.0
2636,15.0482923,37.5791782,15.8,7.34,91.7,512.0,512.0
2637,15.0482923,37.5791782,16.1,31.58,88.47,512.0,512.0
2638,15.0483523,37.5791735,18.9,115.43,84.11,512.0,512.0
2639,15.0485783,37.5791458,47.5,188.96,78.6,512.0,512.0
2640,15.0487374,37.5789979,48.9,349.91,81.06,512.0,512.0
2641,15.0486774,37.5791176,47.5,140.55,75.74,512.0,512.0
2642,15.0487188,37.5785268,75.0,243.98,63.94,512.0,512.0
2643,15.0486967,37.5782497,23.8,135.73,83.43,512.0,512.0
2644,15.048894,37.5782002,22.6,294.42,89.05,512.0,512.0
2645,15.0486508,37.5779381,15.0,42.67,93.12,512.0,512.0
2646,15.0486573,37.5772143,48.2,327.23,81.88,512.0,512.0
2647,15.048653,37.5772597,75.0,265.01,85.72,512.0,512.0
2648,15.048653,37.5772597,24.3,201.84,81.19,512.0,512.0
2649,15.048509,37.5772405,22.6,115.88,93.5,512.0,512.0
2650,15.0492294,37.578189,48.2,25.19,88.74,512.0,512.0
2651,15.0492294,37.578189,48.2,207.0,79.76,512.0,512.0
2652,15.0497041,37.577498,22.7,48.82,88.76,512.0,512.0
2653,15.0486818,37.57667,15.0,98.98,86.34,512.0,512.0
2654,15.0487522,37.5764429,75.0,168.4,75.63,512.0,512.0
2655,15.0487818,37.576353,75.0,256.12,102.98,512.0,512.0
2656,15.0488069,37.5762652,15.7,326.98,92.65,512.0,512.0
2657,15.0489527,37.5759388,15.3,280.9,91.99,512.0,512.0
2658,15.0488549,37.5758893,69.4,118.7,91.02,512.0,512.0
2659,15.0497966,37.5760979,43.1,44.41,89.04,512.0,512.0
2660,15.0499031,37.5761226,75.0,98.27,111.16,512.0,512.0
2661,15.0498811,37.576266,45.5,175.54,80.57,512.0,512.0
2662,15.0490534,37.575742,48.9,186.37,93.74,512.0,512.0
2663,15.0491667,37.5754895,75.0,335.17,102.92,512.0,512.0
2664,15.0492532,37.575574,23.7,232.45,88.48,512.0,512.0
2665,15.0492104,37.5754001,50.0,106.04,60.58,512.0,512.0
2666,15.0492549,37.5753076,15.0,180.46,91.43,512.0,512.0
2667,15.0492846,37.5752435,48.2,282.93,98.89,512.0,512.0
2668,15.049233,37.5752185,78.5,154.94,103.28,512.0,512.0
2669,15.0496014,37.5748583,75.0,333.12,97.82,512.0,512.0
2670,15.0496678,37.5747836,90.0,245.76,95.89,512.0,512.0
2671,15.0496678,37.5747836,62.8,55.06,78.33,512.0,512.0
2672,15.0496678,37.5747836,48.2,1.21,96.62,512.0,512.0
2673,15.0498879,37.5748439,45.4,247.18,94.09,512.0,512.0
2674,15.0497706,37.5746737,16.7,5.61,93.73,512.0,512.0
2675,15.0497706,37.5746737,15.0,198.44,88.94,512.0,512.0
2676,15.046906,37.5772133,75.0,44.93,87.98,512.0,512.0
2677,15.0470269,37.5772321,48.2,173.88,87.24,512.0,512.0
2678,15.0472728,37.5772731,49.5,285.47,92.54,512.0,512.0
2679,15.0463993,37.5765223,36.1,259.63,96.47,512.0,512.0
2680,15.0463993,37.5765223,36.1,346.75,96.06,512.0,512.0
2681,15.0466729,37.5765575,59.2,340.06,53.36,512.0,512.0
2682,15.0466729,37.5765575,15.0,156.16,86.27,512.0,512.0
2683,15.0474068,37.5766861,48.2,107.82,73.96,512.0,512.0
2684,15.0475288,37.576696,55.4,5.07,91.6,512.0,512.0
2685,15.0477415,37.5765546,48.2,290.6,73.93,512.0,512.0
2686,15.0479592,37.5764943,19.0,285.96,88.4,512.0,512.0
2688,15.0481557,37.5763872,73.3,179.45,55.28,512.0,512.0
2689,15.0469253,37.5754481,75.0,204.17,82.1,512.0,512.0
2690,15.0479722,37.575107,75.0,174.49,84.42,512.0,512.0
2691,15.0481272,37.5750614,24.9,163.05,83.08,512.0,512.0
2692,15.0487724,37.5751491,75.0,48.61,77.08,512.0,512.0
2693,15.0499784,37.574526,41.8,184.18,83.31,512.0,512.0
2694,15.0503762,37.5743463,75.0,2.61,95.82,512.0,512.0
2695,15.0502736,37.5743921,75.0,292.92,98.49,512.0,512.0
2696,15.0507959,37.5741627,75.0,232.02,88.62,512.0,512.0
2697,15.0508525,37.5741112,43.2,242.14,95.02,512.0,512.0
2698,15.0510365,37.5740455,73.3,346.5,81.61,512.0,512.0
2699,15.0511337,37.5739996,75.0,106.17,83.83,512.0,512.0
2700,15.0517224,37.5737108,49.8,288.57,80.9,512.0,512.0
2701,15.0516522,37.5736468,17.7,51.55,87.11,512.0,512.0
2702,15.0519553,37.5736703,21.8,111.85,83.64,512.0,512.0
2703,15.0521452,37.5735718,75.0,8.88,80.14,512.0,512.0
2704,15.0522041,37.5735029,48.2,229.43,85.65,512.0,512.0
2705,15.0522964,37.5733714,16.5,317.42,87.34,512.0,512.0
2706,15.0523969,37.5732154,75.0,83.99,80.42,512.0,512.0
2707,15.0524572,37.5730851,48.2,101.95,83.4,512.0,512.0
2708,15.0525159,37.5730029,75.0,208.22,79.34,512.0,512.0
2709,15.0525734,37.5729202,15.0,73.61,90.45,512.0,512.0
2710,15.0526313,37.5728351,19.4,172.7,84.63,512.0,512.0
2711,15.052905,37.5725683,22.7,97.27,90.74,512.0,512.0
2712,15.0529888,37.5724184,41.2,213.12,86.0,512.0,512.0
2713,15.0531713,37.5721984,41.9,196.83,86.23,512.0,512.0
2714,15.0532319,37.572123,15.4,295.09,94.55,512.0,512.0
2715,15.0537039,37.5715587,42.5,233.41,79.66,512.0,512.0
2716,15.0541518,37.5710346,48.9,205.65,93.83,512.0,512.0
2717,15.0504175,37.5739183,75.0,249.8,104.1,512.0,512.0
2718,15.0501913,37.573881,20.2,313.37,80.76,512.0,512.0
2719,15.0500743,37.573869,75.0,261.36,75.48,512.0,512.0
2720,15.0497428,37.5738346,21.3,272.29,87.57,512.0,512.0
2721,15.0495709,37.5738159,17.0,95.38,91.6,512.0,512.0
2722,15.0494541,37.5737991,17.0,218.36,89.82,512.0,512.0
2723,15.0491896,37.5737513,48.9,286.39,67.44,512.0,512.0
2724,15.0489718,37.5737072,47.5,203.32,96.5,512.0,512.0
2725,15.0485258,37.573485,75.0,298.02,80.31,512.0,512.0
2726,15.048436,37.5734241,18.7,241.35,91.25,512.0,512.0
2727,15.04799,37.5730986,18.2,201.1,84.15,512.0,512.0
2728,15.0477948,37.5730072,47.3,205.15,94.95,512.0,512.0
2729,15.0477948,37.5730072,47.3,290.35,88.35,512.0,512.0
2730,15.0476398,37.5729332,37.3,103.94,90.54,512.0,512.0
2731,15.0476398,37.5729332,15.2,49.39,92.0,512.0,512.0
2732,15.0474921,37.5728561,48.2,89.14,78.49,512.0,512.0
2733,15.0472984,37.572761,75.0,279.42,68.5,512.0,512.0
2734,15.0472984,37.572761,18.1,211.9,91.68,512.0,512.0
2735,15.0473591,37.5726051,47.3,346.27,93.36,512.0,512.0
2736,15.0476704,37.5721178,17.3,154.13,84.95,512.0,512.0
2737,15.0465889,37.5723904,35.5,86.67,81.44,512.0,512.0
2738,15.0463387,37.5722413,20.8,74.48,91.0,512.0,512.0
2739,15.0464469,37.5724077,75.0,18.32,98.89,512.0,512.0
2740,15.0462463,37.5727472,75.0,55.13,76.63,512.0,512.0
2741,15.0458697,37.5734228,20.2,2.61,89.45,512.0,512.0
2742,15.0456704,37.5737723,75.0,101.01,62.54,512.0,512.0
2743,15.0455794,37.5738133,70.5,128.1,71.99,512.0,512.0
2744,15.0455794,37.5738133,18.8,86.75,87.2,512.0,512.0
2745,15.0449997,37.5736163,39.8,225.03,88.09,512.0,512.0
2746,15.0449031,37.5735757,29.7,37.92,85.78,512.0,512.0
2747,15.0447384,37.5735122,15.5,86.5,83.25,512.0,512.0
2748,15.0184434,37.6093938,22.2,176.46,84.24,512.0,512.0
2749,15.0182427,37.6089227,19.5,112.68,83.8,512.0,512.0
2750,15.0187692,37.6089716,48.2,352.15,97.55,512.0,512.0
2751,15.018977,37.608902,75.2,262.0,101.14,512.0,512.0
2752,15.0198718,37.6089007,18.1,130.6,88.57,512.0,512.0
2753,15.0210578,37.6091479,47.5,115.7,89.27,512.0,512.0
2754,15.0212364,37.6092576,22.6,282.74,91.73,512.0,512.0
2755,15.0216964,37.6095498,27.8,72.87,83.82,512.0,512.0
2756,15.0219013,37.6096068,48.1,50.2,68.6,512.0,512.0
2757,15.0219013,37.6096068,17.0,178.8,91.73,512.0,512.0
2758,15.0219667,37.6094788,19.9,144.45,88.7,512.0,512.0
2759,15.0219667,37.6094788,15.3,94.57,79.87,512.0,512.0
2760,15.0222596,37.6094503,47.5,319.7,90.72,512.0,512.0
2761,15.0232213,37.6096385,41.8,341.46,92.8,512.0,512.0
2762,15.0233359,37.609656,39.8,270.63,80.76,512.0,512.0
2763,15.0236833,37.6096977,21.5,287.5,88.99,512.0,512.0
2764,15.0259052,37.6097666,53.0,295.74,96.3,512.0,512.0
2765,15.0265342,37.6097724,41.2,188.61,87.57,512.0,512.0
2766,15.0270784,37.6096743,47.4,147.1,86.57,512.0,512.0
2767,15.0285107,37.6093108,48.2,135.36,81.04,512.0,512.0
2768,15.0287813,37.6092135,36.1,160.24,82.62,512.0,512.0
2769,15.0293841,37.6091025,29.6,310.23,84.8,512.0,512.0
2770,15.0288736,37.6095857,89.3,177.8,71.07,512.0,512.0
2771,15.0293841,37.6091025,47.5,123.14,80.26,512.0,512.0
2772,15.0297312,37.6090778,19.2,287.0,88.06,512.0,512.0
2774,15.0301203,37.609087,46.0,112.39,82.24,512.0,512.0
2775,15.0304388,37.6090435,23.1,89.17,78.14,512.0,512.0
2776,15.0309528,37.6089252,18.0,36.04,84.06,512.0,512.0
2777,15.0308603,37.6093269,17.1,227.27,84.86,512.0,512.0
2778,15.0308452,37.6092007,51.1,1.84,73.3,512.0,512.0
2779,15.0307895,37.609595,75.0,234.12,71.57,512.0,512.0
2780,15.0307864,37.6093847,18.2,158.08,75.33,512.0,512.0
2781,15.0307325,37.6091626,18.4,110.98,68.66,512.0,512.0
2782,15.0312616,37.6091372,15.0,71.5,83.19,512.0,512.0
2783,15.0315381,37.609114,46.7,1.21,73.52,512.0,512.0
2784,15.0321145,37.6083821,47.4,75.82,90.07,512.0,512.0
2785,15.0325097,37.6061904,50.2,293.65,82.36,512.0,512.0
2786,15.0324958,37.6055285,75.0,111.15,89.43,512.0,512.0
2787,15.0330353,37.6050021,75.0,209.05,80.85,512.0,512.0
2788,15.0337876,37.6044011,23.8,272.12,89.28,512.0,512.0
2790,15.0341454,37.6038966,75.0,302.47,66.34,512.0,512.0
2791,15.0340225,37.6038744,16.3,196.72,81.13,512.0,512.0
2792,15.0339537,37.6032977,17.0,191.95,85.19,512.0,512.0
2793,15.0339537,37.6032977,15.0,219.65,83.2,512.0,512.0
2794,15.033637,37.6031443,21.2,87.77,83.07,512.0,512.0
2795,15.0340404,37.6028958,18.1,183.99,93.01,512.0,512.0
2796,15.0341573,37.6027395,75.0,202.45,86.88,512.0,512.0
2797,15.0345167,37.6019763,16.6,54.41,89.57,512.0,512.0
2798,15.0380395,37.5992488,75.0,325.5,70.45,512.0,512.0
2799,15.0378867,37.5990774,75.0,133.59,74.72,512.0,512.0
2800,15.0380186,37.5983574,46.0,85.1,86.3,512.0,512.0
2801,15.0377777,37.5983187,22.7,89.96,89.72,512.0,512.0
2802,15.0364607,37.5975906,75.0,188.96,71.07,512.0,512.0
2803,15.0365364,37.597226,24.2,348.25,87.32,512.0,512.0
2804,15.035517,37.5971878,75.0,193.59,81.36,512.0,512.0
2805,15.0348012,37.59694,29.1,191.64,80.53,512.0,512.0
2806,14.9735361,37.5937854,23.7,119.01,89.85,512.0,512.0
2807,14.9742161,37.5938589,18.3,217.72,84.85,512.0,512.0
2808,14.9749658,37.5937944,75.0,144.57,76.77,512.0,512.0
2809,14.9750507,37.5936089,75.0,2.06,90.66,512.0,512.0
2810,14.9752126,37.593814,46.0,240.47,78.2,512.0,512.0
2811,14.9754442,37.5938289,17.7,112.67,92.1,512.0,512.0
2812,14.9759084,37.5937979,15.4,119.83,91.29,512.0,512.0
2813,14.9761626,37.5937609,47.5,333.15,78.68,512.0,512.0
2814,14.976612,37.5936885,75.0,327.85,67.24,512.0,512.0
2815,14.9779089,37.5934605,75.0,121.26,71.61,512.0,512.0
2816,14.9780406,37.5934327,49.9,325.63,79.52,512.0,512.0
2817,14.9780406,37.5934327,22.6,41.22,84.9,512.0,512.0
2818,14.9779052,37.5931228,75.0,140.47,77.44,512.0,512.0
2819,14.9780024,37.5926824,75.0,233.82,71.21,512.0,512.0
2820,14.9779977,37.5925947,47.5,163.73,81.59,512.0,512.0
2821,14.9781834,37.5910513,19.1,190.95,81.45,512.0,512.0
2822,14.9781931,37.5909676,75.0,84.12,73.25,512.0,512.0
2823,14.9779605,37.5907631,24.3,182.69,83.33,512.0,512.0
2824,14.9777295,37.5906735,48.2,231.57,80.93,512.0,512.0
2825,14.9777295,37.5906735,47.6,103.21,81.49,512.0,512.0
2826,14.9769904,37.5901728,43.2,236.03,78.0,512.0,512.0
2827,14.9769904,37.5901728,46.0,351.47,84.37,512.0,512.0
2828,14.9769365,37.5901342,46.1,90.15,85.27,512.0,512.0
2829,14.9769328,37.5899654,21.5,187.27,81.46,512.0,512.0
2830,14.977002,37.5898115,75.0,6.44,74.56,512.0,512.0
2831,14.9769384,37.58985,32.1,188.9,84.0,512.0,512.0
2832,14.9763836,37.5897652,75.0,319.53,75.4,512.0,512.0
2833,14.9762851,37.5897647,17.0,277.18,85.69,512.0,512.0
2834,14.9762851,37.5897647,17.0,288.45,84.08,512.0,512.0
2835,14.976071,37.5897452,15.0,90.29,89.69,512.0,512.0
2836,14.9757018,37.5897223,46.7,307.11,84.02,512.0,512.0
2837,14.9756116,37.5897214,75.0,242.2,69.23,512.0,512.0
2838,14.9756057,37.5895917,47.5,359.81,85.3,512.0,512.0
2839,14.9752034,37.589777,19.0,303.44,83.92,512.0,512.0
2840,14.9750744,37.5898252,44.6,186.18,86.54,512.0,512.0
2841,14.9747195,37.5900142,15.2,306.12,90.76,512.0,512.0
2842,14.9723951,37.5907347,52.7,284.73,76.91,512.0,512.0
2843,14.9722141,37.5905316,21.5,35.49,91.9,512.0,512.0
2844,14.9718872,37.5909232,37.9,179.02,81.71,512.0,512.0
2845,14.9718251,37.5909986,39.8,309.07,85.61,512.0,512.0
2846,14.9769212,37.590306,25.3,196.0,81.22,512.0,512.0
2848,14.9769887,37.5893082,48.9,286.12,84.68,512.0,512.0
2849,14.9769887,37.5893082,24.9,103.85,87.12,512.0,512.0
2850,14.9771586,37.5893313,41.2,280.08,81.46,512.0,512.0
2851,14.9770338,37.5888147,17.1,131.07,84.04,512.0,512.0
2852,14.977077,37.5883,75.0,166.2,78.35,512.0,512.0
2853,14.9770907,37.5881585,45.3,51.9,88.9,512.0,512.0
2854,14.9770907,37.5881585,15.0,9.1,91.12,512.0,512.0
2855,14.977077,37.5883,15.9,5.05,92.04,512.0,512.0
2856,14.9771894,37.5871848,75.0,224.32,80.3,512.0,512.0
2857,14.9771638,37.587166,16.0,98.56,86.72,512.0,512.0
2858,14.9772112,37.5867478,17.6,260.28,95.99,512.0,512.0
2859,14.9772193,37.5866988,17.0,119.32,86.82,512.0,512.0
2860,14.9772193,37.5866988,44.1,231.37,81.13,512.0,512.0
2861,14.9772407,37.5864211,19.0,90.95,86.22,512.0,512.0
2862,14.9772698,37.5862048,18.3,89.32,83.72,512.0,512.0
2863,14.9772811,37.5861147,15.0,95.81,87.81,512.0,512.0
2864,14.97779,37.5861213,51.2,110.24,80.41,512.0,512.0
2865,14.9779671,37.5861823,39.2,171.15,79.5,512.0,512.0
2866,14.9785102,37.5861578,39.2,102.47,84.26,512.0,512.0
2867,14.9786604,37.5861652,43.2,22.86,89.73,512.0,512.0
2868,14.9786577,37.5863433,15.3,323.68,85.23,512.0,512.0
2869,14.9786288,37.5866111,24.2,17.61,91.8,512.0,512.0
2870,14.9786112,37.5867963,46.0,36.75,98.0,512.0,512.0
2871,14.9786112,37.5867963,45.6,207.92,81.82,512.0,512.0
2872,14.9785921,37.5870784,18.4,6.89,93.59,512.0,512.0
2873,14.9785881,37.5872644,37.9,227.79,87.09,512.0,512.0
2874,14.9785453,37.5876029,46.0,50.56,91.64,512.0,512.0
2875,14.9784946,37.5881498,17.3,3.91,91.73,512.0,512.0
2876,14.9784376,37.5886991,28.1,77.7,102.82,512.0,512.0
2877,14.9784199,37.5888667,18.1,299.91,87.05,512.0,512.0
2878,14.9783813,37.5892459,75.0,301.6,82.06,512.0,512.0
2879,14.9783712,37.5893281,48.2,14.2,80.64,512.0,512.0
2880,14.9783058,37.5894429,18.1,262.01,83.76,512.0,512.0
2881,14.9782454,37.5897202,15.0,24.95,92.49,512.0,512.0
2882,14.975708,37.5801279,17.1,111.56,89.52,512.0,512.0
2883,14.9750704,37.5796741,20.6,284.29,84.7,512.0,512.0
2884,14.9750434,37.5827859,15.0,276.05,85.14,512.0,512.0
2885,14.9753806,37.5828018,21.0,105.09,92.6,512.0,512.0
2886,14.9757264,37.5828148,23.8,281.66,80.77,512.0,512.0
2887,14.9760678,37.5828291,19.6,116.59,93.99,512.0,512.0
2888,14.9763322,37.5828356,20.8,293.83,84.14,512.0,512.0
2889,15.0312521,37.6169752,43.2,200.06,77.0,512.0,512.0
2890,14.9827527,37.6034862,75.0,332.6,83.02,512.0,512.0
2891,14.983115,37.6034381,43.2,227.31,84.82,512.0,512.0
2892,14.98358,37.6032086,19.6,16.56,89.54,512.0,512.0
2893,14.9845928,37.6032054,38.6,168.61,89.17,512.0,512.0
2894,14.9846997,37.6031945,17.0,108.01,87.8,512.0,512.0
2895,14.9850027,37.603144,75.0,351.51,86.81,512.0,512.0
2896,14.9857578,37.6023382,23.6,202.96,82.02,512.0,512.0
2897,14.9857549,37.6022396,21.0,105.52,85.76,512.0,512.0
2898,14.9855202,37.6020783,42.5,269.06,84.25,512.0,512.0
2899,14.9851929,37.6018919,20.0,322.84,92.61,512.0,512.0
2900,14.9851929,37.6018919,15.0,60.46,89.37,512.0,512.0
2901,14.9851929,37.6018919,20.0,94.52,88.24,512.0,512.0
2902,14.9851176,37.6017334,48.2,253.09,76.93,512.0,512.0
2903,14.985102,37.6013506,15.0,23.65,90.97,512.0,512.0
2904,14.9849532,37.6010859,48.8,99.64,87.13,512.0,512.0
2905,14.9850423,37.6010847,44.6,77.73,91.85,512.0,512.0
2906,14.9850423,37.6010847,90.0,337.9,72.45,512.0,512.0
2907,14.985076,37.6007198,28.4,84.27,90.53,512.0,512.0
2908,14.9850719,37.6006288,47.5,92.69,86.03,512.0,512.0
2909,14.985076,37.6007198,34.9,182.71,79.28,512.0,512.0
2910,14.9850567,37.6001861,19.4,99.64,90.19,512.0,512.0
2911,14.9854208,37.6001366,51.2,329.28,89.87,512.0,512.0
2912,14.9850516,37.5997524,39.9,125.96,87.43,512.0,512.0
2913,14.9852255,37.5997079,40.5,303.1,83.35,512.0,512.0
2914,14.9850156,37.5990602,27.7,287.37,85.5,512.0,512.0
2916,14.9847032,37.5990566,16.4,102.17,92.43,512.0,512.0
2917,14.9847032,37.5990566,16.4,88.01,89.07,512.0,512.0
2918,14.9850067,37.5990349,17.0,205.14,84.2,512.0,512.0
2919,14.9850177,37.5989628,18.7,366.84,91.27,512.0,512.0
2920,14.9849999,37.598767,22.8,265.24,77.3,512.0,512.0
2921,14.9849975,37.5979162,28.1,92.91,87.94,512.0,512.0
2922,14.9849991,37.5977814,75.0,249.34,77.54,512.0,512.0
2923,14.9845137,37.5977836,19.3,275.2,87.62,512.0,512.0
2924,14.9833083,37.5981985,40.5,230.27,79.06,512.0,512.0
2925,14.9834857,37.5984923,75.0,230.87,57.71,512.0,512.0
2926,14.983499,37.598852,75.0,28.81,68.42,512.0,512.0
2927,14.9835099,37.5991109,43.9,190.76,78.75,512.0,512.0
2928,14.9835099,37.5991109,15.0,169.81,85.07,512.0,512.0
2929,14.9835111,37.5997873,75.0,75.25,88.5,512.0,512.0
2930,14.9835075,37.5998957,16.7,119.0,89.06,512.0,512.0
2931,14.9835147,37.6000511,16.0,200.78,83.27,512.0,512.0
2932,14.9834006,37.6014326,75.0,31.89,82.34,512.0,512.0
2933,14.983391,37.6015305,21.8,254.87,89.47,512.0,512.0
2934,14.983391,37.6015305,15.0,293.7,88.38,512.0,512.0
2935,14.983391,37.6015305,22.1,84.81,95.18,512.0,512.0
2936,14.9830347,37.6016316,43.9,186.85,72.77,512.0,512.0
2937,14.9824176,37.6014518,42.5,148.72,82.45,512.0,512.0
2938,14.9824244,37.6012631,15.6,8.13,96.95,512.0,512.0
2939,14.9824176,37.6014518,16.2,234.57,86.14,512.0,512.0
2940,14.9824176,37.6014518,20.3,276.96,85.14,512.0,512.0
2941,14.9819346,37.601403,18.0,258.14,85.87,512.0,512.0
2942,14.9814657,37.6012523,19.0,284.72,83.92,512.0,512.0
2943,14.9814657,37.6012523,19.0,175.75,83.68,512.0,512.0
2944,14.9815238,37.600681,23.1,59.15,90.79,512.0,512.0
2945,14.9816715,37.6006838,46.7,304.53,85.94,512.0,512.0
2946,14.98148,37.599737,17.7,235.96,89.74,512.0,512.0
2947,14.98148,37.599737,19.9,210.66,77.42,512.0,512.0
2948,14.9816868,37.5997964,19.2,302.11,89.66,512.0,512.0
2949,14.981349,37.5988261,75.0,223.66,92.9,512.0,512.0
2950,14.9813905,37.5988008,15.8,112.07,86.3,512.0,512.0
2951,14.9813905,37.5988008,47.5,62.02,83.03,512.0,512.0
2952,14.9815774,37.5988029,45.3,274.66,93.13,512.0,512.0
2953,14.9814446,37.5987977,15.3,244.57,86.11,512.0,512.0
2954,14.9812387,37.5981027,17.7,244.47,86.67,512.0,512.0
2955,14.9813549,37.5980388,75.0,300.27,76.15,512.0,512.0
2956,14.9811208,37.5977583,75.0,237.84,86.33,512.0,512.0
2957,15.0237163,37.5911126,48.2,307.1,84.19,512.0,512.0
2958,15.0242699,37.5911579,75.0,70.69,67.67,512.0,512.0
2959,15.0257541,37.5914478,15.0,184.0,83.64,512.0,512.0
2960,15.0264786,37.5914874,75.0,239.14,84.14,512.0,512.0
2961,15.0268589,37.5914258,75.0,80.68,75.41,512.0,512.0
2962,15.0274243,37.5912629,75.0,17.02,78.87,512.0,512.0
2963,15.0278038,37.5918058,17.8,169.81,83.03,512.0,512.0
2964,15.0288108,37.5915735,72.6,54.64,88.57,512.0,512.0
2965,15.028854,37.5916835,75.0,234.52,69.78,512.0,512.0
2966,15.0282023,37.5916307,75.0,253.08,69.78,512.0,512.0
2967,15.0279366,37.59159,47.5,319.27,80.16,512.0,512.0
2970,15.0264786,37.5914874,75.0,196.53,58.8,512.0,512.0
2972,15.0242699,37.5911579,48.2,81.8,76.92,512.0,512.0
2973,15.0241019,37.5911907,40.5,284.94,80.17,512.0,512.0
2975,15.0290894,37.5919426,75.0,209.56,65.8,512.0,512.0
2976,15.0296385,37.5919319,47.5,96.19,87.23,512.0,512.0
2977,15.0302233,37.5919595,90.0,61.11,101.84,512.0,512.0
2978,15.0310417,37.5921374,42.5,278.99,90.8,512.0,512.0
2979,15.0315066,37.5920719,47.5,43.76,79.87,512.0,512.0
2980,15.1652877,37.6050314,17.9,222.66,88.23,512.0,512.0
2981,15.1652877,37.6050314,17.9,92.53,89.61,512.0,512.0
2982,15.1658523,37.6054839,26.1,337.37,82.05,512.0,512.0
2983,15.1658523,37.6054839,26.1,297.43,77.31,512.0,512.0
2984,15.1665502,37.606059,19.0,11.03,91.48,512.0,512.0
2985,15.1667957,37.6062398,22.6,158.76,75.33,512.0,512.0
2986,15.1667957,37.6062398,21.5,131.2,87.3,512.0,512.0
2987,15.1668328,37.606419,75.0,1.26,73.95,512.0,512.0
2988,15.1668009,37.6067279,46.0,34.89,85.82,512.0,512.0
2989,15.1667561,37.6070676,15.3,193.82,84.74,512.0,512.0
2990,15.1667561,37.6070676,21.1,245.12,88.48,512.0,512.0
2991,15.1667428,37.607146,45.3,109.72,85.48,512.0,512.0
2992,15.1667301,37.6075271,16.9,252.02,89.95,512.0,512.0
2993,15.1666815,37.6079668,75.0,30.47,75.85,512.0,512.0
2994,15.1666815,37.6079668,15.2,93.82,89.93,512.0,512.0
2995,15.1661897,37.6087344,75.0,12.75,87.84,512.0,512.0
2996,15.166245,37.6088158,75.0,255.11,78.56,512.0,512.0
2997,15.1657914,37.6092737,57.1,139.92,83.41,512.0,512.0
2998,15.1656025,37.6095199,75.0,111.95,59.64,512.0,512.0
2999,15.1655457,37.6095507,75.0,323.36,78.65,512.0,512.0
3000,15.1654434,37.6095648,41.2,119.89,84.99,512.0,512.0
3001,15.1655153,37.6096729,75.0,7.73,69.64,512.0,512.0
3002,15.1654287,37.6102133,17.0,242.4,83.43,512.0,512.0
3003,15.1654052,37.6103523,41.2,319.13,87.29,512.0,512.0
3004,15.165206,37.6104454,75.0,82.74,75.57,512.0,512.0
3005,15.165046,37.6105747,75.0,118.76,77.88,512.0,512.0
3006,15.165046,37.6105747,37.9,338.54,86.47,512.0,512.0
3007,15.1653387,37.6107025,47.6,184.32,82.37,512.0,512.0
3008,15.1653231,37.6107952,75.0,66.6,80.1,512.0,512.0
3009,15.165309,37.6109355,46.7,22.69,89.93,512.0,512.0
3010,15.1653254,37.6110213,75.0,103.91,87.71,512.0,512.0
3011,15.1654843,37.6110638,42.5,255.09,82.08,512.0,512.0
3012,15.165317,37.6113848,47.5,101.8,80.95,512.0,512.0
3013,15.165317,37.6113848,43.2,310.31,85.43,512.0,512.0
3014,15.1654022,37.6116335,15.0,299.39,90.15,512.0,512.0
3015,15.1648653,37.6118136,23.7,251.63,91.13,512.0,512.0
3016,15.1648307,37.6118603,75.0,127.6,85.27,512.0,512.0
3017,15.1653616,37.6122523,75.0,174.55,95.24,512.0,512.0
3018,15.1654969,37.6122242,90.0,313.23,97.87,512.0,512.0
3019,15.165591,37.6124365,75.0,66.16,88.07,512.0,512.0
3020,15.165591,37.6124365,32.7,267.06,88.02,512.0,512.0
3021,15.1656763,37.6128549,18.4,278.95,90.83,512.0,512.0
3022,15.165745,37.6131833,16.6,58.46,89.47,512.0,512.0
3023,15.1657655,37.6132715,15.0,45.69,89.13,512.0,512.0
3024,15.1658114,37.61355,31.6,71.0,88.46,512.0,512.0
3025,15.1658114,37.61355,15.0,37.23,89.79,512.0,512.0
3026,15.1658114,37.61355,43.3,331.06,86.87,512.0,512.0
3027,15.1658317,37.6136762,18.8,76.65,88.09,512.0,512.0
3029,15.1658317,37.6136762,22.7,44.2,93.22,512.0,512.0
3030,15.165876,37.6139358,75.0,268.54,89.24,512.0,512.0
3031,15.1659576,37.614177,37.3,349.01,91.11,512.0,512.0
3032,15.1660142,37.6143132,75.0,28.67,87.83,512.0,512.0
3033,15.1662153,37.6149352,19.4,29.54,79.44,512.0,512.0
3034,15.1663477,37.6152797,45.3,343.28,93.73,512.0,512.0
3035,15.1664251,37.6154516,44.6,340.97,85.09,512.0,512.0
3036,15.1667118,37.6163268,47.5,233.2,86.28,512.0,512.0
3037,15.1666803,37.6162397,21.1,46.34,87.74,512.0,512.0
3038,15.1667941,37.6079756,43.2,72.95,70.89,512.0,512.0
3039,15.167045,37.6096242,75.0,52.44,92.48,512.0,512.0
3040,15.1670757,37.6098471,23.2,302.31,91.55,512.0,512.0
3041,15.1671241,37.6101684,21.9,228.33,84.96,512.0,512.0
3042,15.1671813,37.6105751,19.9,213.34,84.56,512.0,512.0
3043,15.167227,37.6108913,16.3,321.38,86.09,512.0,512.0
3044,15.1672747,37.6112549,36.0,71.22,87.07,512.0,512.0
3045,15.1673023,37.6114762,18.4,350.14,89.92,512.0,512.0
3046,15.1673594,37.6117969,75.0,295.46,89.53,512.0,512.0
3047,15.1673586,37.6118034,23.4,295.33,89.02,512.0,512.0
3048,15.1674585,37.6124294,75.0,49.21,83.4,512.0,512.0
3049,15.1674585,37.6124294,42.2,336.08,92.53,512.0,512.0
3050,15.1674869,37.6126108,37.3,334.11,88.86,512.0,512.0
3051,15.1675807,37.6131456,23.1,356.22,85.81,512.0,512.0
3052,15.1676059,37.6132897,75.0,137.95,82.59,512.0,512.0
3053,15.1676504,37.6134696,18.7,342.69,89.45,512.0,512.0
3054,15.1676504,37.6134696,15.0,359.62,91.91,512.0,512.0
3055,15.1676989,37.6136425,15.0,325.75,99.5,512.0,512.0
3056,15.1678508,37.6142347,47.4,33.96,84.15,512.0,512.0
3057,15.167893,37.6144135,17.9,39.3,93.58,512.0,512.0
3058,15.1679122,37.614503,23.7,20.89,88.34,512.0,512.0
3059,15.1678906,37.6148681,46.7,300.91,86.55,512.0,512.0
3060,15.1667303,37.6150897,75.0,280.15,70.04,512.0,512.0
3061,15.166505,37.6151184,21.8,284.92,86.23,512.0,512.0
3062,15.1663088,37.6151945,20.6,77.46,94.13,512.0,512.0
3063,15.1663088,37.6151945,19.2,154.65,84.39,512.0,512.0
3064,15.1659675,37.6137042,73.3,197.68,60.63,512.0,512.0
3065,15.1663569,37.6124671,39.8,246.36,89.41,512.0,512.0
3066,15.167242,37.612455,21.6,280.93,86.1,512.0,512.0
3067,15.167242,37.612455,48.6,30.8,74.11,512.0,512.0
3068,15.1674441,37.6124556,75.0,121.62,70.4,512.0,512.0
3069,15.1677578,37.6124592,75.0,319.2,79.12,512.0,512.0
3070,15.1679851,37.6124515,75.0,58.8,77.97,512.0,512.0
3071,15.1681098,37.6124469,47.4,166.96,78.48,512.0,512.0
3072,15.1683309,37.6124294,74.0,100.55,72.49,512.0,512.0
3073,15.1683762,37.6124297,75.0,336.04,90.3,512.0,512.0
3074,15.1684876,37.6123613,15.2,139.91,81.45,512.0,512.0
3075,15.1690724,37.6124256,48.9,136.09,88.17,512.0,512.0
3076,15.1691795,37.6124226,48.2,234.99,85.04,512.0,512.0
3077,15.1694053,37.6124204,70.4,212.35,82.22,512.0,512.0
3078,15.1698695,37.612416,48.2,133.59,77.24,512.0,512.0
3079,15.0606231,37.5614793,26.9,316.88,85.76,512.0,512.0
3080,15.0607154,37.5613082,75.0,281.65,90.34,512.0,512.0
3081,15.0608041,37.5611635,20.0,315.07,88.2,512.0,512.0
3082,15.0608041,37.5611635,45.6,46.85,85.76,512.0,512.0
3083,15.0608041,37.5611635,24.1,103.6,84.31,512.0,512.0
3084,15.0611446,37.5611778,75.0,142.83,74.24,512.0,512.0
3086,15.0615945,37.5611727,39.2,283.98,91.91,512.0,512.0
3087,15.0615945,37.5611727,17.7,111.29,85.18,512.0,512.0
3088,15.0622692,37.5611616,27.4,40.05,88.07,512.0,512.0
3089,15.0622692,37.5611616,27.4,3.53,86.7,512.0,512.0
3090,15.0622692,37.5611616,28.8,72.85,85.4,512.0,512.0
3091,15.0623879,37.56116,17.4,283.74,86.2,512.0,512.0
3093,15.0627865,37.5611476,75.0,145.6,76.39,512.0,512.0
3094,15.0630147,37.5611429,75.0,167.14,74.91,512.0,512.0
3095,15.0633871,37.5611375,24.3,117.97,86.95,512.0,512.0
3096,15.0635133,37.5609676,75.0,35.3,79.97,512.0,512.0
3097,15.0641439,37.5611226,75.0,105.21,74.0,512.0,512.0
3098,15.0641993,37.5611215,75.0,355.05,77.29,512.0,512.0
3099,15.0645046,37.5611159,23.7,308.61,86.11,512.0,512.0
3100,15.0662881,37.5614972,20.0,101.26,89.01,512.0,512.0
3101,15.0664043,37.5614504,75.0,354.81,81.03,512.0,512.0
3102,15.0672989,37.5618186,17.0,47.82,79.25,512.0,512.0
3103,15.0675427,37.5618937,28.1,88.37,81.8,512.0,512.0
3104,15.0680135,37.5615462,20.0,284.92,87.76,512.0,512.0
3105,15.0680135,37.5615462,25.0,12.03,88.62,512.0,512.0
3106,15.0682164,37.561126,31.6,175.18,77.5,512.0,512.0
3107,15.0681643,37.5609519,15.0,117.84,84.38,512.0,512.0
3108,15.0680293,37.5607897,24.3,265.77,90.53,512.0,512.0
3109,15.0679595,37.5607199,38.6,232.79,77.25,512.0,512.0
3110,15.0677,37.5606469,73.9,94.2,71.58,512.0,512.0
3111,15.0679194,37.5604453,48.2,216.89,80.31,512.0,512.0
3112,15.0679731,37.5604457,48.2,30.25,78.69,512.0,512.0
3113,15.0678747,37.5603584,24.3,64.86,88.43,512.0,512.0
3114,15.0677256,37.5601203,24.3,255.28,91.61,512.0,512.0
3115,15.0676604,37.5599679,23.1,257.5,84.54,512.0,512.0
3116,15.0676604,37.5599679,25.3,68.02,85.75,512.0,512.0
3117,15.0676094,37.5598791,18.4,152.86,90.87,512.0,512.0
3118,15.0673213,37.5594231,20.2,250.35,87.67,512.0,512.0
3119,15.0671694,37.5591817,47.5,251.7,83.52,512.0,512.0
3120,15.0671694,37.5591817,50.2,65.48,82.94,512.0,512.0
3121,15.0670685,37.5590266,27.2,230.91,84.62,512.0,512.0
3122,15.0667265,37.558146,49.7,323.37,79.94,512.0,512.0
3123,15.0663821,37.5579553,48.2,246.52,94.38,512.0,512.0
3124,15.0663821,37.5579553,19.8,99.89,84.45,512.0,512.0
3125,15.066302,37.5576997,20.0,284.81,86.94,512.0,512.0
3126,15.0662272,37.5576092,56.1,191.92,79.71,512.0,512.0
3127,15.0661933,37.5575221,17.4,164.3,75.64,512.0,512.0
3128,15.0660756,37.5574896,48.2,142.61,81.04,512.0,512.0
3129,15.0660756,37.5574896,15.0,318.94,90.47,512.0,512.0
3130,15.0657089,37.55759,40.4,311.7,89.28,512.0,512.0
3131,15.0655961,37.5576238,15.3,173.42,91.98,512.0,512.0
3132,15.0655961,37.5576238,25.7,291.13,88.27,512.0,512.0
3133,15.0650721,37.5579219,75.0,69.11,91.38,512.0,512.0
3134,15.0650343,37.5577899,23.2,25.56,90.82,512.0,512.0
3135,15.0648415,37.5583707,83.1,118.45,78.43,512.0,512.0
3136,15.0648415,37.5585323,16.6,206.17,84.25,512.0,512.0
3137,15.064789,37.5583609,16.5,306.39,84.69,512.0,512.0
3138,15.0641982,37.5582427,75.0,275.74,79.39,512.0,512.0
3139,15.0639283,37.5582042,48.9,104.52,83.53,512.0,512.0
3140,15.063148,37.5580593,48.2,221.49,78.37,512.0,512.0
3141,15.0620892,37.5578769,48.9,20.52,85.15,512.0,512.0
3142,15.0617903,37.5582536,34.3,249.11,92.51,512.0,512.0
3143,15.0613699,37.5582909,24.3,131.64,87.66,512.0,512.0
3144,15.0613699,37.5582909,48.9,260.41,84.01,512.0,512.0
3145,15.0612596,37.5583323,16.3,252.93,85.67,512.0,512.0
3146,15.0609495,37.5584441,48.2,200.06,84.7,512.0,512.0
3147,15.0609495,37.5584441,19.5,349.9,91.89,512.0,512.0
3148,15.0609495,37.5584441,15.0,7.9,91.48,512.0,512.0
3149,15.0610186,37.5594223,76.4,79.26,84.07,512.0,512.0
3150,15.0610469,37.5596914,48.2,230.7,77.49,512.0,512.0
3151,15.0610507,37.5597368,25.5,315.52,87.23,512.0,512.0
3152,15.0610469,37.5596914,15.6,13.82,90.42,512.0,512.0
3153,15.0610622,37.560187,21.3,22.7,88.92,512.0,512.0
3154,15.0610092,37.5605426,15.0,0.81,88.56,512.0,512.0
3155,15.0610229,37.5604547,16.3,9.51,96.32,512.0,512.0
3156,15.0607724,37.5605251,19.8,95.44,82.59,512.0,512.0
3157,15.0609564,37.5608427,72.0,264.7,81.61,512.0,512.0
3158,15.060711,37.5608217,39.2,94.33,88.35,512.0,512.0
3159,15.0612531,37.5603335,41.2,285.53,77.78,512.0,512.0
3160,15.0614897,37.5606457,16.0,199.78,91.54,512.0,512.0
3161,15.0618369,37.5606502,45.3,301.58,83.31,512.0,512.0
3162,15.0622244,37.5605071,75.0,262.32,82.66,512.0,512.0
3163,15.0622244,37.5605071,75.0,66.49,90.08,512.0,512.0
3164,15.0622244,37.5605071,15.0,193.69,85.02,512.0,512.0
3165,15.0625534,37.5605756,46.7,338.96,85.54,512.0,512.0
3166,15.0632267,37.5605058,22.3,296.39,84.69,512.0,512.0
3167,15.0634991,37.5604786,24.3,334.11,90.41,512.0,512.0
3168,15.0635364,37.5604889,18.7,3.79,84.94,512.0,512.0
3169,15.0632267,37.5605058,40.3,166.3,77.89,512.0,512.0
3170,15.0641776,37.5604083,20.6,300.13,82.49,512.0,512.0
3171,15.0644106,37.5603813,45.5,321.38,87.73,512.0,512.0
3172,15.0647076,37.5603539,15.0,309.46,92.26,512.0,512.0
3173,15.0647814,37.5605084,18.3,176.36,83.76,512.0,512.0
3174,15.0660586,37.5603238,49.1,217.13,81.45,512.0,512.0
3175,15.0660625,37.5601954,22.0,4.2,86.78,512.0,512.0
