id,name,xmin,ymin,xmax,ymax
0,no parking,65.0,59.0,127.0,122.0
1,no entry,111.0,104.0,140.0,142.0
10,drive straight,57.0,81.0,101.0,143.0
100,no entry,73.0,62.0,143.0,134.0
1000,no entry,467.0,200.0,478.0,212.0
1000,turn left,125.0,145.0,149.0,211.0
1001,turn left,206.0,132.0,422.0,349.0
1002,turn right,127.0,250.0,158.0,329.0
1002,no entry,337.0,96.0,448.0,211.0
1003,turn right,148.0,109.0,307.0,351.0
1004,no entry,48.0,140.0,311.0,440.0
1005,drive straight,187.0,150.0,266.0,236.0
1006,stop,267.0,154.0,353.0,250.0
1007,stop,230.0,305.0,314.0,393.0
1008,stop,315.0,94.0,360.0,143.0
1009,no parking,256.0,163.0,331.0,242.0
1009,parking place,246.0,256.0,275.0,285.0
101,parking place,78.0,78.0,122.0,122.0
1010,parking place,205.0,298.0,227.0,319.0
1010,no parking,207.0,235.0,259.0,289.0
1011,turn right,260.0,193.0,325.0,262.0
1011,stop,259.0,120.0,326.0,193.0
1012,pedestrian crossing,69.0,130.0,143.0,207.0
1013,pedestrian crossing,447.0,181.0,472.0,210.0
1013,turn right,42.0,239.0,119.0,321.0
1013,stop,47.0,154.0,126.0,238.0
1014,bumps in the road,162.0,253.0,263.0,340.0
1014,maximum speed 30km/h,174.0,390.0,249.0,467.0
1015,pedestrian crossing,206.0,102.0,240.0,140.0
1016,roundabout,157.0,229.0,237.0,334.0
1016,give way,139.0,88.0,260.0,227.0
1017,no parking,324.0,178.0,356.0,223.0
1018,bumps in the road,230.0,208.0,293.0,269.0
1018,maximum speed 30km/h,237.0,302.0,284.0,352.0
1019,stop,209.0,159.0,263.0,267.0
1019,no parking,245.0,142.0,252.0,154.0
102,parking place,99.0,79.0,133.0,117.0
1020,junction with a minor side-road from left,212.0,56.0,289.0,156.0
1021,maximum speed 20km/h,419.0,222.0,461.0,264.0
1021,keep right,18.0,215.0,30.0,225.0
1022,keep right,237.0,205.0,294.0,263.0
1023,stop,265.0,132.0,310.0,185.0
1024,stop,328.0,142.0,391.0,206.0
1025,no parking,321.0,192.0,362.0,235.0
1026,no parking,200.0,163.0,261.0,237.0
1027,bumps in the road,329.0,178.0,399.0,247.0
1028,no parking,462.0,43.0,487.0,74.0
1028,no parking,29.0,108.0,40.0,119.0
1029,no parking,153.0,85.0,202.0,139.0
103,parking place,79.0,107.0,92.0,120.0
103,no parking,78.0,72.0,109.0,104.0
1030,bumps in the road,286.0,176.0,357.0,252.0
1030,maximum speed 30km/h,270.0,273.0,352.0,359.0
1031,no parking,390.0,134.0,434.0,179.0
1032,stop,46.0,100.0,160.0,219.0
1033,stop,37.0,351.0,60.0,389.0
1033,no entry,39.0,395.0,69.0,468.0
1034,stop,62.0,77.0,237.0,294.0
1034,double bend first to left,278.0,250.0,319.0,301.0
1036,no parking,168.0,134.0,292.0,273.0
1036,no large goods,169.0,275.0,289.0,418.0
1036,maximum speed 30km/h,195.0,422.0,278.0,512.0
1037,no stopping,102.0,76.0,145.0,124.0
1038,no large goods,63.0,119.0,111.0,168.0
1038,no entry,268.0,168.0,285.0,185.0
1038,no parking,408.0,194.0,413.0,200.0
1039,no entry,336.0,210.0,367.0,241.0
1039,keep left,118.0,237.0,134.0,252.0
1039,turn left,101.0,205.0,113.0,217.0
1039,stop,101.0,192.0,114.0,205.0
104,no parking,111.0,107.0,134.0,138.0
1040,no entry,63.0,175.0,83.0,237.0
1040,no stopping,348.0,191.0,387.0,230.0
1041,no entry,187.0,158.0,198.0,199.0
1041,turn left,198.0,121.0,259.0,183.0
1041,keep left,281.0,285.0,360.0,364.0
1042,parking place,442.0,173.0,462.0,193.0
1042,parking place,28.0,180.0,72.0,225.0
1042,no parking,442.0,118.0,490.0,171.0
1043,parking place,423.0,195.0,455.0,230.0
1044,parking place,123.0,285.0,148.0,313.0
1044,no parking,122.0,199.0,191.0,275.0
1045,no parking,71.0,137.0,101.0,181.0
1045,no parking,393.0,129.0,422.0,169.0
1046,parking place,201.0,140.0,280.0,231.0
1047,two-way traffic,351.0,228.0,434.0,303.0
1047,drive straight,55.0,332.0,67.0,345.0
1048,stop,187.0,173.0,294.0,310.0
1048,right or left turn only ahead,185.0,310.0,297.0,446.0
1049,no entry,294.0,218.0,374.0,301.0
105,no entry,95.0,55.0,125.0,117.0
1050,no entry,168.0,267.0,203.0,303.0
1051,bumps in the road,312.0,150.0,328.0,212.0
1051,stop,129.0,171.0,192.0,238.0
1052,bumps in the road,13.0,159.0,59.0,198.0
1052,maximum speed 30km/h,21.0,211.0,55.0,243.0
1052,no entry,448.0,138.0,512.0,218.0
1053,turn left,266.0,179.0,322.0,304.0
1054,one-way traffic,68.0,110.0,86.0,163.0
1054,stop,49.0,26.0,100.0,108.0
1055,no parking,70.0,252.0,90.0,273.0
1055,no parking,286.0,245.0,303.0,263.0
1055,no parking,462.0,235.0,476.0,251.0
1056,no parking,328.0,117.0,355.0,160.0
1057,turn right,187.0,228.0,283.0,351.0
1057,no entry,186.0,89.0,284.0,211.0
1058,crossroads,104.0,170.0,198.0,259.0
1058,slippery road,367.0,100.0,456.0,177.0
1059,crossroads,303.0,112.0,366.0,169.0
106,no entry,77.0,70.0,126.0,121.0
1060,roundabout ahead,257.0,146.0,321.0,204.0
1060,maximum speed 30km/h,264.0,204.0,311.0,251.0
1061,restricted vehicular access,153.0,135.0,207.0,189.0
1062,keep right,107.0,285.0,187.0,370.0
1062,roundabout,373.0,179.0,417.0,225.0
1062,pass either side,298.0,223.0,319.0,247.0
1063,pass either side,137.0,277.0,168.0,389.0
1063,pass either side,77.0,130.0,95.0,148.0
1064,pass either side,40.0,317.0,79.0,361.0
1064,roundabout,42.0,274.0,65.0,311.0
1064,roundabout,386.0,185.0,463.0,264.0
1064,give way,369.0,87.0,477.0,184.0
1064,give way,40.0,227.0,69.0,275.0
1065,give way,169.0,62.0,293.0,256.0
1065,roundabout,187.0,258.0,282.0,396.0
1066,keep right,210.0,164.0,295.0,271.0
1067,pass either side,196.0,201.0,252.0,271.0
1068,pass either side,255.0,49.0,303.0,98.0
1069,pass either side,71.0,171.0,97.0,199.0
1069,keep right,241.0,305.0,361.0,433.0
1069,roundabout,392.0,123.0,429.0,165.0
1069,give way,383.0,66.0,438.0,119.0
107,no stopping,72.0,56.0,119.0,126.0
1070,pedestrian crossing ahead,198.0,67.0,271.0,198.0
1071,roundabout ahead,243.0,104.0,333.0,213.0
1072,pedestrian crossing,221.0,153.0,271.0,231.0
1073,other danger,281.0,169.0,320.0,222.0
1074,no entry,309.0,147.0,336.0,214.0
1075,no entry,105.0,66.0,326.0,311.0
1076,pedestrian crossing ahead,433.0,195.0,471.0,229.0
1076,pedestrian crossing,53.0,196.0,65.0,208.0
1077,stop,263.0,367.0,356.0,470.0
1078,stop,287.0,138.0,309.0,167.0
1079,pedestrian crossing,152.0,212.0,210.0,272.0
108,no stopping,74.0,75.0,141.0,147.0
1080,stop,308.0,214.0,361.0,267.0
1081,stop,89.0,189.0,101.0,208.0
1081,turn left,89.0,209.0,102.0,227.0
1081,pass either side,289.0,274.0,323.0,308.0
1082,turn left,170.0,245.0,230.0,332.0
1082,drive straight,262.0,274.0,310.0,328.0
1082,stop,167.0,156.0,231.0,243.0
1082,stop,263.0,218.0,308.0,275.0
1083,keep right,3.0,249.0,58.0,305.0
1083,pass either side,312.0,238.0,334.0,261.0
1083,turn left,257.0,202.0,274.0,219.0
1083,stop,256.0,182.0,276.0,201.0
1083,stop,484.0,210.0,499.0,225.0
1083,drive straight,485.0,225.0,499.0,239.0
1084,drive straight,329.0,217.0,343.0,231.0
1084,stop,329.0,203.0,343.0,217.0
1084,pass either side,31.0,278.0,78.0,324.0
1085,no entry,180.0,249.0,242.0,312.0
1086,no entry,453.0,158.0,502.0,218.0
1086,stop,70.0,185.0,91.0,223.0
1086,pedestrian crossing ahead,1.0,128.0,53.0,176.0
1087,stop,315.0,176.0,423.0,282.0
1087,no entry,94.0,213.0,110.0,229.0
1088,children,328.0,242.0,366.0,287.0
1088,maximum speed 30km/h,274.0,238.0,342.0,306.0
1088,bumps in the road,261.0,121.0,355.0,209.0
1089,pedestrian crossing ahead,186.0,184.0,272.0,271.0
109,no stopping,153.0,121.0,169.0,152.0
109,stop,79.0,105.0,120.0,152.0
1090,keep right,35.0,251.0,58.0,274.0
1090,pass either side,276.0,265.0,298.0,287.0
1090,stop,251.0,208.0,266.0,224.0
1090,turn right,473.0,236.0,487.0,250.0
1090,give way,470.0,221.0,492.0,240.0
1091,keep right,69.0,122.0,90.0,170.0
1091,pass either side,408.0,308.0,484.0,431.0
1092,turn right,46.0,215.0,157.0,329.0
1092,no large goods,197.0,172.0,236.0,235.0
1092,give way,26.0,110.0,184.0,253.0
1093,stop,393.0,179.0,421.0,208.0
1093,no entry,183.0,247.0,195.0,260.0
1093,no entry,34.0,258.0,41.0,270.0
1094,slippery road,374.0,244.0,440.0,301.0
1094,roundabout ahead,357.0,147.0,459.0,236.0
1095,give way,387.0,239.0,445.0,292.0
1095,keep right,109.0,287.0,131.0,307.0
1095,give way,252.0,249.0,266.0,264.0
1096,keep right,211.0,205.0,266.0,320.0
1097,keep right,136.0,157.0,173.0,226.0
1097,keep right,248.0,144.0,293.0,208.0
1098,give way,234.0,72.0,306.0,234.0
1099,no parking,142.0,145.0,215.0,217.0
11,no entry,77.0,87.0,107.0,138.0
110,restricted vehicular access,111.0,59.0,142.0,103.0
1100,turn right,69.0,168.0,88.0,213.0
1100,two-way traffic,394.0,158.0,430.0,192.0
1101,turn right,148.0,159.0,241.0,270.0
1102,road narrows on left,253.0,120.0,358.0,218.0
1102,double bend first to right,253.0,220.0,358.0,317.0
1103,bumps in the road,133.0,96.0,245.0,201.0
1104,bumps in the road,335.0,107.0,416.0,182.0
1104,maximum speed 30km/h,348.0,210.0,408.0,272.0
1104,two-way traffic,152.0,197.0,191.0,232.0
1105,no parking,352.0,228.0,379.0,253.0
1105,give way,255.0,237.0,265.0,247.0
1106,no parking,114.0,272.0,217.0,399.0
1107,no parking,318.0,70.0,364.0,119.0
1108,give way,424.0,164.0,456.0,192.0
1108,maximum speed 30km/h,343.0,164.0,355.0,177.0
1109,give way,416.0,121.0,512.0,233.0
1109,maximum speed 30km/h,92.0,145.0,125.0,178.0
111,no entry,92.0,77.0,126.0,127.0
1110,maximum speed 30km/h,100.0,83.0,179.0,372.0
1111,maximum speed 30km/h,203.0,290.0,302.0,392.0
1111,bumps in the road,192.0,120.0,325.0,248.0
1112,maximum speed 30km/h,262.0,166.0,300.0,210.0
1112,double bend first to right,255.0,226.0,305.0,277.0
1113,stop,191.0,175.0,263.0,272.0
1114,maximum speed 40km/h,325.0,155.0,364.0,198.0
1114,bend to right,37.0,171.0,85.0,214.0
1115,bend to right,243.0,156.0,338.0,248.0
1116,double bend first to right,160.0,167.0,223.0,227.0
1116,slippery road,168.0,254.0,225.0,313.0
1117,road narrows,126.0,260.0,264.0,387.0
1117,junction with a minor side-road from left,129.0,137.0,265.0,260.0
1118,other danger,108.0,198.0,187.0,268.0
1119,no entry,158.0,210.0,178.0,234.0
112,no entry,57.0,42.0,180.0,181.0
1120,keep right,299.0,255.0,335.0,291.0
1122,maximum speed 30km/h,194.0,285.0,277.0,376.0
1122,slippery road,182.0,172.0,298.0,285.0
1123,slippery road,247.0,254.0,293.0,294.0
1124,stop,271.0,97.0,389.0,217.0
1125,stop,93.0,51.0,153.0,186.0
1126,no parking,338.0,121.0,364.0,147.0
1127,no parking,173.0,158.0,238.0,230.0
1128,stop,234.0,184.0,277.0,228.0
1129,no parking,42.0,212.0,134.0,304.0
113,keep right,49.0,48.0,140.0,169.0
1130,no overtaking,209.0,178.0,227.0,229.0
1130,maximum speed 30km/h,204.0,125.0,228.0,178.0
1131,no parking,357.0,161.0,410.0,212.0
1132,stop,114.0,189.0,173.0,263.0
1132,no overtaking,47.0,274.0,81.0,332.0
1132,maximum speed 30km/h,48.0,215.0,78.0,273.0
1133,no parking,159.0,72.0,211.0,123.0
1134,no overtaking,237.0,198.0,299.0,266.0
1134,maximum speed 30km/h,244.0,126.0,296.0,196.0
1135,no parking,230.0,136.0,256.0,163.0
1136,no parking,275.0,173.0,289.0,198.0
1136,parking place,274.0,201.0,280.0,211.0
1137,no parking,54.0,232.0,63.0,241.0
1137,stop,426.0,157.0,490.0,221.0
1138,stop,131.0,194.0,161.0,223.0
1138,turn right,132.0,224.0,160.0,252.0
1139,turn right,441.0,207.0,494.0,292.0
1139,stop,438.0,119.0,493.0,209.0
1139,maximum speed 30km/h,263.0,269.0,279.0,290.0
1139,no parking,261.0,248.0,281.0,269.0
114,parking place,53.0,51.0,105.0,107.0
1140,no parking,196.0,176.0,246.0,230.0
1141,no parking,405.0,154.0,427.0,174.0
1142,restricted vehicular access,333.0,132.0,378.0,179.0
1142,no overtaking,333.0,179.0,377.0,226.0
1142,no parking,85.0,174.0,96.0,184.0
1143,bumps in the road,75.0,90.0,138.0,224.0
1144,no parking,340.0,206.0,356.0,223.0
1145,no parking,228.0,161.0,265.0,213.0
1146,maximum speed 30km/h,427.0,183.0,444.0,201.0
1146,no overtaking,425.0,201.0,443.0,218.0
1147,pedestrian crossing ahead,331.0,77.0,379.0,124.0
1148,no overtaking,283.0,188.0,328.0,239.0
1148,maximum speed 30km/h,284.0,136.0,327.0,188.0
1149,maximum speed 30km/h,121.0,205.0,165.0,311.0
1149,pedestrian crossing ahead,106.0,24.0,171.0,161.0
115,no entry,65.0,69.0,103.0,110.0
1150,pedestrian crossing ahead,128.0,182.0,148.0,201.0
1150,maximum speed 30km/h,131.0,207.0,146.0,222.0
1150,drive straight,430.0,167.0,474.0,223.0
1150,no parking,59.0,208.0,68.0,218.0
1151,no parking,357.0,157.0,375.0,179.0
1151,pedestrian crossing,75.0,150.0,87.0,162.0
1152,no parking,53.0,203.0,88.0,239.0
1152,no entry,446.0,177.0,476.0,209.0
1153,no entry,328.0,146.0,400.0,216.0
1154,no parking,131.0,149.0,181.0,206.0
1155,turn left,370.0,147.0,442.0,248.0
1155,no parking,30.0,113.0,61.0,143.0
1156,no parking,124.0,74.0,195.0,148.0
1156,parking place,127.0,152.0,151.0,181.0
1157,no parking,258.0,217.0,309.0,287.0
1158,no parking,312.0,149.0,334.0,183.0
1159,stop,225.0,321.0,258.0,355.0
116,parking place,33.0,61.0,70.0,106.0
116,no stopping,150.0,119.0,174.0,150.0
1160,no parking,282.0,94.0,335.0,163.0
1161,no entry,248.0,148.0,264.0,165.0
1161,one-way traffic (right),249.0,132.0,278.0,140.0
1162,one-way traffic (right),313.0,27.0,438.0,85.0
1162,no entry,298.0,116.0,367.0,210.0
1163,no parking,447.0,167.0,482.0,209.0
1164,no parking,441.0,194.0,457.0,225.0
1164,no entry,52.0,187.0,60.0,202.0
1164,one-way traffic (right),86.0,204.0,100.0,210.0
1165,no entry,47.0,181.0,84.0,234.0
1165,no parking,424.0,207.0,493.0,273.0
1166,restricted vehicular access,282.0,216.0,330.0,267.0
1166,one-way traffic (left),62.0,249.0,103.0,263.0
1167,turn right,158.0,180.0,186.0,241.0
1168,turn right,60.0,208.0,122.0,268.0
1169,stop,127.0,102.0,203.0,186.0
1169,no parking,406.0,138.0,444.0,185.0
1169,bumps in the road,415.0,98.0,443.0,138.0
117,stop,95.0,92.0,136.0,138.0
1170,no parking,212.0,162.0,273.0,223.0
1171,no parking,234.0,145.0,315.0,224.0
1172,parking place,333.0,161.0,378.0,213.0
1173,no entry,188.0,64.0,278.0,160.0
1174,drive straight,390.0,168.0,456.0,233.0
1174,no parking,145.0,216.0,161.0,231.0
1174,no parking,119.0,234.0,125.0,242.0
1175,turn left,379.0,143.0,490.0,286.0
1176,no parking,369.0,128.0,475.0,246.0
1176,no parking,28.0,148.0,54.0,178.0
1176,drive straight,113.0,164.0,156.0,211.0
1176,one-way traffic (left),402.0,73.0,435.0,130.0
1177,restricted vehicular access,218.0,158.0,267.0,212.0
1178,no parking,186.0,111.0,250.0,214.0
1179,parking place,125.0,144.0,173.0,193.0
1179,one-way traffic (left),283.0,177.0,301.0,183.0
1179,no parking,252.0,171.0,263.0,185.0
118,drive straight,70.0,42.0,110.0,175.0
1180,no parking,334.0,129.0,367.0,164.0
1180,one-way traffic (left),393.0,141.0,442.0,159.0
1181,one-way traffic,319.0,217.0,382.0,339.0
1181,no parking,307.0,98.0,400.0,216.0
1182,no parking,7.0,303.0,16.0,315.0
1182,one-way traffic,150.0,316.0,165.0,333.0
1182,drive straight or turn right,371.0,254.0,430.0,342.0
1183,no entry,140.0,22.0,292.0,251.0
1183,no parking,226.0,281.0,248.0,306.0
1184,drive straight or turn left,306.0,179.0,386.0,280.0
1184,stop,309.0,77.0,386.0,179.0
1185,parking place,97.0,141.0,149.0,210.0
1186,no parking,372.0,203.0,434.0,265.0
1186,one-way traffic,316.0,233.0,326.0,251.0
1186,turn right,77.0,218.0,101.0,242.0
1186,stop,77.0,193.0,102.0,220.0
1186,parking place,224.0,228.0,228.0,237.0
1187,turn right,432.0,203.0,486.0,265.0
1187,stop,436.0,139.0,491.0,202.0
1187,no entry,10.0,237.0,36.0,261.0
1188,no parking,199.0,115.0,278.0,297.0
1189,no parking,238.0,156.0,315.0,241.0
1189,one-way traffic,234.0,239.0,315.0,324.0
119,drive straight,64.0,65.0,111.0,116.0
1190,no parking,95.0,205.0,134.0,245.0
1190,no parking,400.0,156.0,419.0,229.0
1190,parking place,401.0,233.0,407.0,257.0
1191,no parking,231.0,165.0,302.0,237.0
1192,maximum speed 30km/h,165.0,303.0,221.0,361.0
1193,stop,207.0,148.0,295.0,266.0
1194,no parking,249.0,183.0,325.0,262.0
1195,stop,195.0,148.0,238.0,200.0
1196,no parking,323.0,209.0,362.0,257.0
1197,no stopping,164.0,283.0,221.0,346.0
1198,no parking,133.0,294.0,180.0,340.0
1199,no parking,240.0,202.0,276.0,241.0
12,no entry,78.0,106.0,111.0,146.0
120,no entry,75.0,37.0,106.0,139.0
1200,maximum speed 30km/h,296.0,175.0,353.0,246.0
1200,no stopping,289.0,259.0,362.0,332.0
1200,one-way traffic (left),385.0,153.0,502.0,220.0
1201,no stopping,255.0,142.0,338.0,266.0
1202,drive straight,360.0,210.0,424.0,297.0
1202,no parking,263.0,309.0,270.0,323.0
1202,no entry,48.0,175.0,68.0,197.0
1203,no entry,255.0,202.0,329.0,280.0
1204,no parking,349.0,137.0,432.0,231.0
1204,no large goods,347.0,42.0,410.0,136.0
1205,no entry,192.0,179.0,264.0,257.0
1206,no entry,63.0,162.0,127.0,233.0
1207,no parking,315.0,163.0,387.0,240.0
1207,no large goods,322.0,85.0,386.0,162.0
1208,no parking,61.0,183.0,86.0,212.0
1208,no entry,333.0,188.0,358.0,231.0
1208,drive straight,384.0,187.0,443.0,246.0
1209,no entry,28.0,207.0,58.0,245.0
1209,no parking,461.0,175.0,486.0,200.0
121,no entry,97.0,79.0,129.0,119.0
1210,no parking,190.0,159.0,236.0,206.0
1210,one-way traffic (right),229.0,191.0,291.0,217.0
1211,no parking,85.0,209.0,150.0,295.0
1212,no parking,243.0,169.0,302.0,237.0
1213,no entry,313.0,61.0,416.0,167.0
1214,no entry,1.0,149.0,39.0,193.0
1214,no parking,481.0,170.0,504.0,193.0
1215,no parking,78.0,128.0,132.0,183.0
1215,no parking,232.0,165.0,251.0,184.0
1215,no entry,452.0,159.0,472.0,184.0
1216,no parking,9.0,182.0,35.0,207.0
1216,no entry,442.0,157.0,510.0,226.0
1217,no entry,15.0,174.0,47.0,212.0
1217,no entry,454.0,183.0,493.0,225.0
1218,no parking,230.0,201.0,306.0,292.0
1218,no large goods,219.0,110.0,303.0,199.0
1219,no parking,214.0,86.0,244.0,121.0
1219,drive straight,190.0,164.0,269.0,242.0
1219,no entry,401.0,143.0,409.0,200.0
122,give way,80.0,46.0,137.0,103.0
122,turn left,90.0,102.0,129.0,147.0
1220,no entry,77.0,212.0,92.0,242.0
1220,drive straight,329.0,196.0,377.0,265.0
1220,no parking,348.0,129.0,363.0,159.0
1220,parking place,346.0,166.0,356.0,184.0
1221,no parking,210.0,189.0,270.0,246.0
1222,drive straight,339.0,124.0,422.0,212.0
1222,no parking,34.0,274.0,51.0,290.0
1223,no entry,206.0,179.0,275.0,267.0
1224,drive straight or turn right,366.0,173.0,443.0,261.0
1225,bumps in the road,348.0,193.0,391.0,231.0
1226,restricted vehicular access,192.0,199.0,255.0,266.0
1226,no parking,276.0,198.0,337.0,265.0
1227,no parking,217.0,147.0,271.0,209.0
1227,one-way traffic (right),294.0,213.0,394.0,242.0
1228,bumps in the road,217.0,211.0,264.0,267.0
1228,two-way traffic,219.0,154.0,262.0,210.0
1229,turn left,229.0,235.0,303.0,439.0
1229,no entry,206.0,27.0,299.0,230.0
123,no stopping,62.0,39.0,131.0,117.0
1230,no parking,311.0,89.0,358.0,189.0
1231,no parking,309.0,78.0,457.0,230.0
1231,drive straight,152.0,234.0,168.0,264.0
1232,turn right,351.0,227.0,367.0,243.0
1233,turn right,39.0,192.0,104.0,288.0
1234,no parking,45.0,129.0,78.0,168.0
1234,parking place,46.0,176.0,57.0,188.0
1235,no parking,339.0,129.0,389.0,193.0
1236,no parking,282.0,147.0,320.0,194.0
1236,parking place,281.0,196.0,296.0,215.0
1237,no parking,233.0,135.0,241.0,143.0
1237,no parking,23.0,139.0,27.0,144.0
1237,restricted vehicular access,415.0,144.0,443.0,175.0
1238,no parking,308.0,208.0,362.0,267.0
1238,bumps in the road,309.0,162.0,361.0,207.0
1238,no large goods,249.0,130.0,280.0,183.0
1238,one-way traffic,255.0,179.0,276.0,217.0
1239,no parking,384.0,178.0,432.0,239.0
1239,parking place,383.0,241.0,401.0,264.0
124,restricted vehicular access,110.0,79.0,151.0,126.0
1240,turn left,349.0,115.0,400.0,167.0
1241,turn right,357.0,246.0,394.0,302.0
1241,turn right,89.0,258.0,100.0,269.0
1241,no entry,90.0,245.0,102.0,259.0
1241,no large goods,486.0,290.0,496.0,307.0
1242,turn left,183.0,208.0,219.0,245.0
1242,one-way traffic (left),172.0,243.0,233.0,263.0
1243,no entry,289.0,177.0,329.0,217.0
1244,turn right,397.0,60.0,418.0,116.0
1245,no entry,338.0,67.0,404.0,155.0
1246,pedestrian crossing ahead,335.0,129.0,425.0,207.0
1247,roundabout ahead,135.0,219.0,173.0,256.0
1248,give way,365.0,77.0,422.0,129.0
1248,bumps in the road,423.0,123.0,441.0,162.0
1249,no entry,418.0,139.0,436.0,158.0
1249,no entry,88.0,128.0,110.0,151.0
1249,right or left turn only ahead,417.0,158.0,434.0,176.0
125,restricted vehicular access,74.0,49.0,150.0,140.0
1250,no entry,116.0,388.0,202.0,511.0
1251,no entry,297.0,194.0,323.0,225.0
1252,turn right,87.0,117.0,129.0,175.0
1253,no parking,84.0,151.0,119.0,184.0
1253,parking place,78.0,197.0,99.0,218.0
1254,parking place,120.0,177.0,164.0,226.0
1255,pedestrian crossing ahead,219.0,191.0,254.0,222.0
1255,maximum speed 30km/h,224.0,234.0,250.0,260.0
1255,no parking,104.0,235.0,119.0,252.0
1256,drive straight,233.0,153.0,392.0,364.0
1257,give way,238.0,207.0,291.0,258.0
1258,pass either side,133.0,187.0,137.0,209.0
1258,no entry,24.0,194.0,52.0,222.0
1259,no entry,122.0,245.0,161.0,293.0
1259,pass either side,365.0,237.0,395.0,283.0
126,no entry,76.0,90.0,126.0,144.0
1260,keep right,137.0,310.0,159.0,331.0
1260,keep right,169.0,290.0,183.0,302.0
1260,give way,382.0,266.0,409.0,291.0
1260,roundabout,387.0,292.0,402.0,310.0
1261,maximum speed 30km/h,434.0,150.0,458.0,174.0
1261,pedestrian crossing ahead,358.0,151.0,383.0,175.0
1261,crossroads,297.0,160.0,314.0,176.0
1261,give way,234.0,173.0,246.0,184.0
1261,pedestrian crossing,197.0,172.0,203.0,178.0
1262,give way,316.0,188.0,356.0,224.0
1262,pedestrian crossing,102.0,191.0,115.0,204.0
1263,pedestrian crossing,41.0,205.0,60.0,222.0
1263,pedestrian crossing,432.0,201.0,459.0,226.0
1263,stop,262.0,222.0,268.0,231.0
1264,stop,450.0,214.0,477.0,248.0
1264,pedestrian crossing,211.0,237.0,225.0,252.0
1264,pedestrian crossing,110.0,243.0,123.0,255.0
1264,maximum speed 30km/h,164.0,232.0,179.0,247.0
1264,one-way traffic (right),204.0,255.0,221.0,262.0
1265,one-way traffic (right),16.0,273.0,41.0,281.0
1265,pedestrian crossing,26.0,245.0,50.0,268.0
1265,pedestrian crossing,368.0,237.0,401.0,270.0
1265,one-way traffic (left),395.0,298.0,422.0,320.0
1266,one-way traffic (right),1.0,310.0,135.0,353.0
1266,pedestrian crossing,25.0,177.0,74.0,292.0
1266,pedestrian crossing,327.0,258.0,347.0,280.0
1266,pedestrian crossing,452.0,235.0,494.0,283.0
1267,pedestrian crossing,355.0,161.0,395.0,201.0
1267,pedestrian crossing,122.0,220.0,134.0,230.0
1267,stop,181.0,183.0,198.0,199.0
1268,no parking,367.0,135.0,386.0,161.0
1269,no parking,283.0,126.0,334.0,183.0
1269,parking place,280.0,186.0,302.0,207.0
127,restricted vehicular access,13.0,93.0,27.0,115.0
127,stop,126.0,98.0,173.0,153.0
1270,pedestrian crossing ahead,293.0,186.0,335.0,221.0
1270,no parking,185.0,214.0,190.0,220.0
1270,pedestrian crossing,126.0,204.0,132.0,211.0
1271,maximum speed 30km/h,361.0,88.0,476.0,213.0
1271,no parking,349.0,200.0,358.0,217.0
1272,no parking,308.0,129.0,345.0,175.0
1272,maximum speed 30km/h,84.0,154.0,114.0,218.0
1273,stop,388.0,160.0,451.0,237.0
1273,no parking,108.0,195.0,123.0,213.0
1274,stop,249.0,155.0,296.0,203.0
1274,other,325.0,160.0,338.0,188.0
1275,stop,342.0,146.0,392.0,196.0
1276,maximum speed 30km/h,211.0,183.0,266.0,246.0
1276,no overtaking,205.0,246.0,261.0,308.0
1277,maximum speed 30km/h,355.0,234.0,402.0,285.0
1277,no parking,356.0,186.0,404.0,235.0
1277,no large goods,355.0,135.0,404.0,185.0
1278,maximum speed 30km/h,190.0,185.0,253.0,272.0
1278,bumps in the road,185.0,91.0,258.0,180.0
1279,no stopping,473.0,198.0,503.0,239.0
1279,no parking,10.0,185.0,34.0,209.0
128,no parking,81.0,25.0,108.0,115.0
128,parking place,80.0,122.0,89.0,154.0
1280,no stopping,119.0,86.0,223.0,206.0
1281,no entry,434.0,172.0,465.0,203.0
1282,no parking,77.0,114.0,172.0,228.0
1283,stop,198.0,123.0,324.0,282.0
1284,no entry,63.0,215.0,80.0,233.0
1284,no parking,369.0,200.0,385.0,215.0
1284,no parking,146.0,249.0,150.0,254.0
1285,no entry,284.0,233.0,384.0,337.0
1286,no parking,310.0,119.0,345.0,172.0
1287,no parking,198.0,137.0,235.0,183.0
1287,parking place,197.0,188.0,213.0,206.0
1288,no entry,258.0,154.0,285.0,201.0
1288,turn right,252.0,202.0,292.0,249.0
1289,drive straight,304.0,175.0,338.0,211.0
129,parking place,118.0,118.0,129.0,129.0
129,no parking,119.0,92.0,144.0,117.0
1290,turn right,96.0,115.0,160.0,235.0
1291,no entry,306.0,146.0,375.0,218.0
1292,no entry,271.0,119.0,338.0,196.0
1293,no stopping,114.0,115.0,161.0,164.0
1293,pedestrian lane,114.0,164.0,161.0,212.0
1294,no entry,174.0,146.0,257.0,239.0
1295,no entry,289.0,135.0,310.0,156.0
1295,turn right,292.0,156.0,312.0,177.0
1296,turn right,5.0,188.0,45.0,226.0
1296,no entry,1.0,148.0,36.0,188.0
1296,maximum speed 30km/h,479.0,161.0,500.0,194.0
1296,bumps in the road,474.0,195.0,500.0,221.0
1297,no stopping,275.0,117.0,344.0,193.0
1298,drive straight,319.0,137.0,363.0,186.0
1299,no entry,276.0,130.0,308.0,167.0
13,turn left,89.0,82.0,113.0,121.0
130,no entry,94.0,114.0,129.0,158.0
1300,stop,127.0,132.0,198.0,239.0
1301,no stopping,368.0,103.0,402.0,138.0
1301,parking place,365.0,144.0,378.0,157.0
1301,no entry,367.0,167.0,378.0,177.0
1301,parking place,185.0,166.0,194.0,176.0
1301,stop,76.0,178.0,95.0,197.0
1301,no parking,97.0,174.0,120.0,200.0
1302,stop,418.0,38.0,466.0,376.0
1302,no stopping,17.0,160.0,46.0,188.0
1302,one-way traffic (right),46.0,193.0,81.0,206.0
1303,no parking,267.0,107.0,331.0,186.0
1303,one-way traffic (left),267.0,197.0,324.0,228.0
1304,parking place,44.0,126.0,100.0,202.0
1304,no parking,374.0,185.0,387.0,223.0
1304,no entry,458.0,169.0,489.0,234.0
1305,no entry,62.0,58.0,388.0,377.0
1306,no parking,184.0,74.0,365.0,296.0
1306,one-way traffic (left),140.0,322.0,413.0,428.0
1307,no parking,43.0,236.0,102.0,297.0
1307,turn right,345.0,123.0,421.0,223.0
1308,parking place,180.0,249.0,191.0,263.0
1308,no parking,180.0,208.0,211.0,245.0
1308,no entry,166.0,126.0,229.0,201.0
1309,no parking,432.0,353.0,465.0,429.0
1309,maximum speed 20km/h,55.0,233.0,167.0,350.0
1309,bumps in the road,29.0,29.0,184.0,177.0
131,no entry,42.0,100.0,92.0,157.0
1310,no entry,289.0,124.0,376.0,239.0
1311,no entry,138.0,160.0,168.0,231.0
1311,no parking,291.0,189.0,325.0,226.0
1312,no parking,274.0,311.0,325.0,371.0
1312,no parking,32.0,184.0,164.0,323.0
1313,other danger,179.0,188.0,329.0,321.0
1314,drive straight,424.0,95.0,480.0,153.0
1314,no entry,34.0,144.0,46.0,172.0
1314,no parking,259.0,164.0,265.0,171.0
1315,no entry,280.0,214.0,320.0,298.0
1316,no parking,95.0,192.0,150.0,248.0
1317,no parking,205.0,113.0,295.0,206.0
1318,no entry,141.0,305.0,178.0,375.0
1318,turn right,214.0,181.0,265.0,245.0
1318,stop,213.0,112.0,273.0,178.0
1318,one-way traffic (left),185.0,84.0,290.0,111.0
1319,no entry,173.0,72.0,353.0,257.0
132,no entry,77.0,106.0,119.0,150.0
1320,no parking,167.0,204.0,310.0,354.0
1321,no entry,228.0,136.0,382.0,304.0
1322,maximum speed 20km/h,124.0,262.0,168.0,307.0
1322,keep left,425.0,233.0,459.0,267.0
1323,no parking,282.0,116.0,326.0,167.0
1324,keep left,234.0,209.0,313.0,388.0
1325,drive straight,323.0,173.0,367.0,231.0
1326,no entry,325.0,183.0,386.0,255.0
1327,no parking,275.0,129.0,323.0,179.0
1328,maximum speed 30km/h,51.0,61.0,83.0,89.0
1328,give priority to vehicles from opposite direction,379.0,262.0,486.0,375.0
1329,no parking,349.0,191.0,374.0,217.0
1329,no parking,320.0,143.0,327.0,154.0
133,stop,93.0,89.0,138.0,147.0
1330,keep left,344.0,192.0,387.0,280.0
1331,keep right,156.0,274.0,182.0,302.0
1331,pass either side,399.0,255.0,422.0,279.0
1331,roundabout,286.0,247.0,300.0,262.0
1331,give way,283.0,229.0,303.0,247.0
1331,pass either side,140.0,251.0,148.0,260.0
1331,roundabout,68.0,260.0,80.0,272.0
1332,roundabout,401.0,201.0,448.0,246.0
1332,pass either side,117.0,202.0,137.0,223.0
1332,give way,393.0,142.0,458.0,200.0
1333,roundabout,412.0,166.0,433.0,193.0
1333,roundabout,81.0,182.0,97.0,197.0
1333,keep right,96.0,276.0,146.0,341.0
1333,no entry,92.0,207.0,143.0,275.0
1333,no entry,172.0,187.0,182.0,199.0
1333,no large goods,401.0,171.0,414.0,187.0
1333,give way,405.0,131.0,435.0,166.0
1334,roundabout,244.0,232.0,334.0,346.0
1334,no large goods,229.0,250.0,259.0,285.0
1334,give way,207.0,88.0,328.0,232.0
1335,roundabout,89.0,207.0,126.0,245.0
1335,no entry,390.0,223.0,411.0,245.0
1336,parking place,277.0,178.0,304.0,207.0
1336,parking place,470.0,174.0,495.0,201.0
1336,level crossing with barrier or gate ahead,18.0,203.0,44.0,229.0
1336,level crossing countdown marker,24.0,229.0,37.0,274.0
1337,no parking,154.0,150.0,223.0,220.0
1338,no entry,308.0,135.0,348.0,176.0
1339,keep right,82.0,162.0,124.0,205.0
134,no parking,67.0,87.0,95.0,136.0
134,parking place,66.0,138.0,79.0,157.0
1340,no parking,255.0,126.0,296.0,167.0
1341,keep right,230.0,101.0,249.0,121.0
1341,roundabout,394.0,91.0,430.0,129.0
1341,give way,391.0,42.0,442.0,91.0
1342,no entry,255.0,179.0,324.0,250.0
1343,no parking,248.0,192.0,310.0,256.0
1344,no parking,372.0,103.0,423.0,170.0
1345,no parking,223.0,120.0,305.0,219.0
1346,pedestrian crossing,333.0,154.0,378.0,201.0
1346,level crossing countdown marker,243.0,147.0,261.0,208.0
1347,no entry,167.0,153.0,208.0,216.0
1348,turn right,323.0,164.0,362.0,211.0
1349,no entry,392.0,181.0,466.0,256.0
135,no entry,76.0,73.0,102.0,135.0
1350,turn left,304.0,167.0,341.0,220.0
1350,no entry,152.0,149.0,203.0,203.0
1351,one-way traffic (left),153.0,97.0,300.0,134.0
1351,no parking,174.0,141.0,263.0,240.0
1352,no entry,404.0,145.0,423.0,164.0
1353,no parking,166.0,136.0,331.0,314.0
1354,no entry,163.0,70.0,278.0,196.0
1355,no entry,378.0,62.0,462.0,172.0
1356,no parking,143.0,443.0,181.0,479.0
1356,parking place,178.0,1.0,282.0,141.0
1357,no entry,355.0,188.0,380.0,214.0
1358,no entry,419.0,179.0,443.0,218.0
1359,drive straight or turn right,5.0,206.0,85.0,298.0
1359,stop,1.0,111.0,84.0,205.0
1359,no parking,479.0,220.0,503.0,263.0
136,no parking,86.0,75.0,120.0,120.0
136,parking place,86.0,123.0,98.0,138.0
1360,no entry,209.0,116.0,287.0,244.0
1361,no entry,56.0,175.0,140.0,272.0
1361,drive straight or turn left,269.0,94.0,322.0,240.0
1362,no parking,352.0,143.0,424.0,225.0
1363,turn right,259.0,197.0,330.0,270.0
1363,one-way traffic (right),17.0,255.0,94.0,271.0
1364,turn left,340.0,243.0,406.0,341.0
1364,stop,329.0,143.0,427.0,242.0
1365,no parking,175.0,182.0,208.0,242.0
1366,stop,144.0,50.0,362.0,262.0
1366,drive straight or turn right,122.0,244.0,338.0,459.0
1367,no entry,193.0,215.0,256.0,285.0
1367,no parking,194.0,301.0,209.0,318.0
1368,no parking,306.0,111.0,399.0,206.0
1368,no parking,46.0,167.0,55.0,177.0
1369,no parking,329.0,242.0,368.0,282.0
137,no parking,82.0,78.0,106.0,110.0
1370,pedestrian crossing,364.0,126.0,398.0,181.0
1370,pedestrian crossing,52.0,137.0,68.0,151.0
1371,pedestrian crossing,277.0,141.0,325.0,200.0
1371,no entry,71.0,164.0,77.0,175.0
1371,no entry,377.0,179.0,385.0,187.0
1372,no parking,372.0,147.0,424.0,199.0
1372,no parking,96.0,128.0,114.0,146.0
1373,no parking,248.0,125.0,341.0,255.0
1374,no entry,211.0,84.0,317.0,229.0
1375,no entry,294.0,211.0,319.0,236.0
1375,no entry,209.0,208.0,216.0,216.0
1376,no parking,189.0,177.0,258.0,251.0
1377,no entry,192.0,173.0,246.0,255.0
1378,no parking,194.0,162.0,265.0,251.0
1378,no parking,123.0,287.0,134.0,312.0
1378,no parking,122.0,335.0,132.0,356.0
1379,no entry,356.0,208.0,383.0,238.0
1379,no entry,165.0,231.0,172.0,237.0
138,no parking,46.0,68.0,101.0,122.0
138,parking place,49.0,126.0,70.0,146.0
1380,no entry,348.0,177.0,378.0,227.0
1380,stop,338.0,140.0,386.0,200.0
1381,no parking,367.0,84.0,405.0,130.0
1382,no parking,473.0,208.0,484.0,223.0
1382,no entry,127.0,196.0,153.0,223.0
1383,no parking,306.0,267.0,316.0,283.0
1383,no entry,9.0,162.0,94.0,249.0
1383,no stopping,471.0,198.0,492.0,223.0
1384,no parking,232.0,62.0,322.0,159.0
1384,parking place,214.0,176.0,271.0,237.0
1385,no parking,137.0,104.0,175.0,161.0
1386,no entry,322.0,161.0,374.0,214.0
1387,no parking,236.0,159.0,330.0,280.0
1388,no parking,270.0,40.0,392.0,165.0
1389,no parking,198.0,155.0,216.0,173.0
1389,pedestrian crossing,325.0,178.0,423.0,271.0
1389,pedestrian crossing,90.0,194.0,114.0,220.0
139,stop,93.0,55.0,159.0,126.0
1390,stop,309.0,177.0,357.0,226.0
1390,drive straight or turn right,312.0,228.0,357.0,275.0
1391,no entry,351.0,213.0,388.0,256.0
1392,drive straight or turn left,214.0,166.0,302.0,297.0
1393,no entry,61.0,261.0,92.0,294.0
1393,no entry,448.0,236.0,483.0,273.0
1394,stop,255.0,147.0,302.0,207.0
1394,no entry,266.0,184.0,296.0,233.0
1395,no entry,157.0,191.0,206.0,258.0
1396,drive straight or turn right,225.0,126.0,275.0,211.0
1397,no entry,103.0,225.0,137.0,260.0
1397,no entry,405.0,193.0,456.0,252.0
1398,no entry,151.0,179.0,220.0,253.0
1398,drive straight,154.0,255.0,221.0,331.0
1399,turn right,49.0,364.0,100.0,417.0
1399,stop,52.0,308.0,103.0,362.0
14,parking place,50.0,69.0,103.0,132.0
140,no parking,85.0,105.0,113.0,147.0
140,parking place,84.0,149.0,95.0,166.0
1400,drive straight or turn right,223.0,184.0,271.0,233.0
1400,no stopping,341.0,387.0,390.0,425.0
1401,drive straight,413.0,126.0,473.0,193.0
1402,drive straight,157.0,140.0,186.0,229.0
1403,no entry,323.0,204.0,362.0,246.0
1404,drive straight,265.0,144.0,359.0,240.0
1404,maximum speed 30km/h,265.0,246.0,357.0,342.0
1405,keep right,11.0,265.0,84.0,341.0
1405,roundabout,448.0,173.0,488.0,212.0
1405,give way,445.0,125.0,496.0,174.0
1406,give way,70.0,131.0,133.0,233.0
1406,roundabout,78.0,233.0,129.0,314.0
1406,no entry,318.0,195.0,344.0,228.0
1406,no parking,347.0,195.0,376.0,229.0
1407,pass either side,304.0,85.0,361.0,142.0
1408,keep right,170.0,217.0,216.0,266.0
1408,give way,411.0,81.0,443.0,109.0
1408,roundabout,414.0,109.0,437.0,132.0
1408,roundabout,29.0,148.0,42.0,164.0
1408,pass either side,95.0,133.0,106.0,144.0
1409,no entry,322.0,95.0,345.0,145.0
141,turn right,103.0,83.0,154.0,135.0
1410,roundabout,206.0,230.0,244.0,300.0
1410,pass either side,179.0,161.0,211.0,197.0
1411,roundabout,415.0,166.0,433.0,183.0
1411,turn right,104.0,227.0,147.0,269.0
1411,no entry,108.0,270.0,143.0,312.0
1412,no stopping,202.0,105.0,250.0,154.0
1413,no stopping,197.0,122.0,249.0,220.0
1414,no parking,270.0,87.0,316.0,133.0
1415,no entry,315.0,153.0,350.0,199.0
1416,roundabout ahead,418.0,169.0,484.0,238.0
1416,other danger,13.0,194.0,33.0,212.0
1417,keep right,90.0,220.0,109.0,314.0
1417,keep right,391.0,242.0,474.0,364.0
1418,pass either side,130.0,231.0,175.0,281.0
1418,stop,306.0,214.0,321.0,228.0
1418,right or left turn only ahead,307.0,227.0,320.0,240.0
1419,keep right,78.0,234.0,93.0,249.0
1419,keep right,109.0,232.0,123.0,247.0
1419,roundabout,434.0,222.0,446.0,249.0
1419,give way,443.0,188.0,458.0,223.0
142,no entry,55.0,67.0,116.0,136.0
1420,pass either side,166.0,184.0,261.0,295.0
1420,maximum speed 30km/h,371.0,145.0,403.0,195.0
1420,no entry,391.0,78.0,411.0,114.0
1421,right or left turn only ahead,277.0,237.0,321.0,284.0
1421,stop,278.0,186.0,321.0,236.0
1422,no entry,214.0,143.0,275.0,205.0
1423,no entry,235.0,151.0,262.0,198.0
1424,no parking,325.0,160.0,382.0,217.0
1424,stop,152.0,238.0,161.0,247.0
1425,pedestrian crossing,86.0,212.0,109.0,234.0
1425,turn left,393.0,220.0,400.0,227.0
1426,turn left,319.0,96.0,382.0,162.0
1426,no parking,323.0,193.0,329.0,201.0
1427,no parking,118.0,170.0,146.0,203.0
1428,no parking,271.0,118.0,321.0,247.0
1429,no parking,32.0,29.0,68.0,66.0
143,no entry,97.0,65.0,149.0,122.0
1430,pedestrian crossing,24.0,112.0,52.0,142.0
1431,pedestrian crossing,438.0,189.0,473.0,234.0
1432,pedestrian crossing,60.0,183.0,90.0,210.0
1433,pedestrian crossing,260.0,127.0,288.0,161.0
1434,pedestrian crossing,80.0,83.0,91.0,92.0
1434,pedestrian crossing,477.0,72.0,493.0,86.0
1434,keep right,21.0,191.0,68.0,237.0
1435,turn left,249.0,108.0,282.0,141.0
1436,no entry,206.0,146.0,240.0,182.0
1437,turn left,306.0,76.0,369.0,143.0
1438,no entry,216.0,152.0,247.0,243.0
1439,no parking,158.0,86.0,206.0,143.0
144,no parking,79.0,82.0,104.0,120.0
1440,stop,177.0,180.0,225.0,236.0
1441,no entry,41.0,156.0,72.0,219.0
1441,parking place,449.0,187.0,474.0,225.0
1442,parking place,107.0,228.0,132.0,258.0
1442,no parking,108.0,170.0,153.0,223.0
1443,no entry,79.0,144.0,107.0,216.0
1444,no parking,13.0,168.0,76.0,232.0
1444,pedestrian crossing,432.0,207.0,453.0,228.0
1445,no entry,62.0,201.0,106.0,246.0
1445,no entry,455.0,196.0,490.0,267.0
1446,stop,216.0,162.0,280.0,232.0
1446,turn left,217.0,233.0,279.0,303.0
1447,no entry,145.0,160.0,171.0,194.0
1448,drive straight or turn right,314.0,135.0,406.0,228.0
1448,stop,315.0,230.0,408.0,324.0
1448,one-way traffic (right),66.0,290.0,166.0,312.0
1449,drive straight or turn left,189.0,193.0,248.0,256.0
145,give way,71.0,93.0,126.0,167.0
145,roundabout,77.0,36.0,118.0,99.0
1450,no parking,68.0,137.0,191.0,257.0
1451,no parking,310.0,238.0,344.0,290.0
1451,no entry,44.0,100.0,85.0,318.0
1452,no entry,233.0,174.0,303.0,245.0
1453,drive straight or turn right,191.0,259.0,256.0,325.0
1454,no entry,324.0,178.0,389.0,245.0
1455,drive straight,152.0,148.0,214.0,285.0
1456,no entry,205.0,152.0,246.0,222.0
1457,drive straight or turn right,56.0,252.0,72.0,280.0
1457,drive straight or turn left,401.0,217.0,444.0,289.0
1457,stop,396.0,143.0,444.0,217.0
1457,no parking,379.0,288.0,385.0,296.0
1458,no parking,468.0,269.0,492.0,313.0
1458,drive straight or turn right,1.0,257.0,76.0,347.0
1458,stop,1.0,164.0,76.0,255.0
1459,no entry,213.0,187.0,258.0,260.0
146,pedestrian crossing,59.0,55.0,151.0,162.0
1460,no entry,277.0,176.0,332.0,232.0
1461,no entry,217.0,129.0,275.0,194.0
1462,no entry,419.0,197.0,481.0,259.0
1463,no entry,1.0,184.0,25.0,221.0
1463,turn right,418.0,220.0,506.0,308.0
1463,one-way traffic (right),233.0,231.0,291.0,248.0
1463,stop,419.0,125.0,510.0,216.0
1464,no entry,320.0,147.0,376.0,238.0
1465,no entry,47.0,125.0,109.0,197.0
1465,no parking,444.0,183.0,463.0,204.0
1466,no parking,183.0,120.0,236.0,179.0
1467,no parking,418.0,173.0,433.0,197.0
1467,drive straight or turn right,75.0,150.0,126.0,201.0
1468,no stopping,192.0,137.0,223.0,220.0
1469,no stopping,419.0,136.0,462.0,179.0
1469,no parking,146.0,174.0,154.0,181.0
1469,no stopping,320.0,177.0,329.0,189.0
147,no entry,83.0,79.0,142.0,143.0
1470,no entry,252.0,113.0,301.0,214.0
1471,no parking,157.0,213.0,176.0,245.0
1471,parking place,158.0,247.0,165.0,259.0
1471,one-way traffic (right),132.0,178.0,200.0,212.0
1472,no stopping,205.0,202.0,239.0,240.0
1472,no stopping,68.0,231.0,79.0,241.0
1472,no stopping,85.0,225.0,92.0,238.0
1473,no stopping,308.0,167.0,361.0,238.0
1474,no stopping,395.0,222.0,433.0,268.0
1475,stop,47.0,1.0,84.0,93.0
1475,turn right,16.0,90.0,138.0,230.0
1476,no entry,20.0,105.0,89.0,182.0
1477,stop,220.0,116.0,270.0,189.0
1477,drive straight or turn right,215.0,186.0,280.0,258.0
1478,stop,180.0,183.0,218.0,250.0
1478,turn left,164.0,251.0,229.0,317.0
1479,no entry,59.0,246.0,75.0,262.0
1479,parking place,459.0,230.0,470.0,243.0
1479,no parking,459.0,192.0,487.0,225.0
148,pedestrian crossing,80.0,72.0,130.0,126.0
1480,no parking,40.0,128.0,95.0,200.0
1481,no entry,410.0,84.0,491.0,180.0
1482,stop,307.0,82.0,399.0,195.0
1483,no entry,101.0,220.0,145.0,276.0
1484,stop,270.0,87.0,334.0,154.0
1485,stop,206.0,115.0,287.0,198.0
1485,drive straight or turn right,234.0,200.0,267.0,284.0
1486,no parking,80.0,202.0,102.0,227.0
1486,parking place,79.0,234.0,88.0,245.0
1486,no parking,332.0,277.0,339.0,291.0
1486,no parking,378.0,279.0,387.0,294.0
1487,drive straight or turn left,241.0,175.0,292.0,232.0
1488,no entry,44.0,149.0,103.0,209.0
1489,drive straight or turn right,311.0,147.0,359.0,195.0
1489,drive straight or turn left,44.0,197.0,54.0,206.0
1489,one-way traffic (right),116.0,193.0,146.0,200.0
149,drive straight or turn left,54.0,48.0,139.0,146.0
1490,drive straight or turn left,258.0,150.0,292.0,191.0
1490,drive straight or turn right,135.0,188.0,144.0,206.0
1491,no entry,256.0,143.0,300.0,192.0
1492,no entry,429.0,183.0,471.0,224.0
1493,drive straight or turn right,209.0,154.0,246.0,218.0
1494,no entry,364.0,134.0,392.0,200.0
1494,road works,34.0,340.0,89.0,414.0
1494,one-way traffic (right),486.0,136.0,512.0,164.0
1495,drive straight or turn left,266.0,198.0,346.0,298.0
1495,stop,262.0,97.0,344.0,198.0
1496,no parking,235.0,134.0,291.0,204.0
1497,stop,336.0,127.0,390.0,191.0
1498,no parking,428.0,184.0,470.0,228.0
1498,drive straight,33.0,187.0,60.0,221.0
1499,no entry,150.0,252.0,193.0,315.0
15,no parking,49.0,98.0,65.0,114.0
15,parking place,49.0,117.0,56.0,123.0
15,no parking,109.0,76.0,135.0,105.0
150,maximum speed 30km/h,82.0,110.0,127.0,156.0
150,bumps in the road,73.0,38.0,136.0,96.0
1500,drive straight,331.0,183.0,367.0,233.0
1501,no parking,225.0,191.0,254.0,278.0
1502,no parking,184.0,302.0,228.0,349.0
1503,no parking,384.0,184.0,407.0,209.0
1503,no entry,104.0,227.0,115.0,249.0
1503,parking place,378.0,214.0,394.0,230.0
1504,parking place,144.0,236.0,166.0,260.0
1504,no parking,150.0,186.0,183.0,224.0
1505,no parking,242.0,124.0,315.0,205.0
1506,no entry,208.0,178.0,247.0,240.0
1507,no entry,298.0,153.0,329.0,191.0
1507,no parking,215.0,175.0,237.0,196.0
1508,no parking,202.0,40.0,288.0,144.0
1509,no parking,180.0,229.0,201.0,248.0
1509,pedestrian crossing,226.0,213.0,263.0,249.0
1509,maximum speed 30km/h,347.0,229.0,418.0,304.0
1509,bumps in the road,329.0,99.0,434.0,194.0
151,bumps in the road,51.0,29.0,134.0,104.0
151,maximum speed 30km/h,69.0,130.0,128.0,190.0
1510,no parking,184.0,215.0,203.0,234.0
1510,drive straight,280.0,192.0,313.0,229.0
1510,pedestrian crossing,431.0,146.0,500.0,224.0
1511,no parking,290.0,140.0,336.0,190.0
1512,one-way traffic (right),104.0,184.0,155.0,197.0
1512,stop,296.0,184.0,349.0,240.0
1512,turn right,295.0,128.0,349.0,184.0
1513,drive straight or turn left,204.0,141.0,238.0,235.0
1514,drive straight or turn right,373.0,176.0,427.0,238.0
1514,stop,373.0,110.0,428.0,175.0
1514,no entry,60.0,228.0,75.0,243.0
1514,maximum speed 10 km/h,78.0,276.0,94.0,290.0
1514,road works,122.0,277.0,146.0,299.0
1515,road works,274.0,296.0,367.0,387.0
1515,no entry,142.0,73.0,203.0,139.0
1515,maximum speed 10 km/h,402.0,244.0,459.0,300.0
1516,drive straight or turn left,394.0,137.0,446.0,195.0
1516,stop,394.0,78.0,448.0,139.0
1517,stop,202.0,105.0,259.0,163.0
1517,drive straight or turn right,201.0,165.0,257.0,221.0
1518,stop,322.0,143.0,378.0,206.0
152,maximum speed 30km/h,75.0,118.0,95.0,158.0
152,bumps in the road,64.0,55.0,99.0,105.0
1520,no parking,143.0,186.0,169.0,220.0
1521,no parking,166.0,177.0,187.0,213.0
1522,no parking,238.0,196.0,262.0,227.0
1523,stop,287.0,86.0,353.0,151.0
1524,stop,339.0,179.0,358.0,199.0
1524,turn left,339.0,200.0,357.0,219.0
1524,no entry,126.0,178.0,134.0,189.0
1525,no entry,135.0,137.0,181.0,186.0
1525,stop,325.0,138.0,380.0,226.0
1525,turn left,314.0,230.0,383.0,317.0
1526,bumps in the road,98.0,124.0,232.0,251.0
1526,maximum speed 30km/h,263.0,212.0,294.0,242.0
1526,pedestrian crossing,264.0,177.0,295.0,210.0
1527,no entry,253.0,124.0,297.0,178.0
1528,stop,188.0,192.0,220.0,261.0
1529,no entry,174.0,133.0,229.0,196.0
153,roundabout,69.0,52.0,159.0,160.0
1530,no entry,83.0,112.0,116.0,165.0
1531,drive straight or turn left,330.0,56.0,344.0,73.0
1532,one-way traffic (left),144.0,149.0,192.0,161.0
1532,turn left,341.0,160.0,386.0,207.0
1532,stop,341.0,109.0,387.0,157.0
1533,no entry,141.0,164.0,211.0,235.0
1534,no parking,341.0,172.0,380.0,230.0
1535,no parking,206.0,192.0,265.0,281.0
1536,no parking,427.0,204.0,449.0,226.0
1536,parking place,425.0,230.0,435.0,240.0
1536,drive straight or turn right,156.0,244.0,178.0,265.0
1537,drive straight or turn right,392.0,182.0,452.0,252.0
1537,no stopping,319.0,204.0,349.0,234.0
1537,one-way traffic (left),12.0,196.0,38.0,211.0
1537,one-way traffic (right),48.0,192.0,124.0,211.0
1538,no entry,85.0,168.0,121.0,217.0
1539,no stopping,260.0,164.0,354.0,261.0
1540,no stopping,54.0,272.0,67.0,285.0
1540,stop,419.0,223.0,458.0,262.0
1540,drive straight or turn left,421.0,263.0,459.0,301.0
1541,drive straight,334.0,177.0,377.0,230.0
1541,one-way traffic (left),119.0,231.0,140.0,247.0
1542,no entry,114.0,140.0,163.0,190.0
1543,drive straight,288.0,200.0,320.0,234.0
1544,no entry,162.0,121.0,221.0,186.0
1545,no parking,22.0,93.0,54.0,131.0
1546,no entry,307.0,125.0,364.0,186.0
1547,no parking,241.0,51.0,303.0,116.0
1547,parking place,230.0,137.0,269.0,177.0
1548,roundabout,352.0,206.0,419.0,282.0
1549,no stopping,191.0,161.0,235.0,254.0
155,keep right,247.0,211.0,275.0,272.0
1550,no stopping,169.0,165.0,230.0,229.0
1551,no stopping,249.0,151.0,285.0,191.0
1552,no stopping,360.0,218.0,424.0,293.0
1553,no entry,216.0,177.0,271.0,239.0
1554,no parking,335.0,146.0,367.0,178.0
1555,no stopping,371.0,148.0,415.0,214.0
1556,no parking,211.0,143.0,232.0,167.0
1557,no parking,403.0,103.0,424.0,147.0
1558,no entry,349.0,242.0,391.0,287.0
1558,no stopping,119.0,215.0,178.0,329.0
1558,stop,130.0,97.0,187.0,214.0
1559,no entry,465.0,202.0,502.0,285.0
1559,no parking,16.0,255.0,35.0,276.0
1560,stop,320.0,154.0,357.0,195.0
1560,drive straight or turn left,319.0,196.0,357.0,235.0
1560,no parking,122.0,176.0,129.0,183.0
1561,drive straight or turn left,36.0,223.0,100.0,318.0
1561,stop,47.0,123.0,100.0,223.0
1562,no entry,318.0,200.0,403.0,288.0
1563,two-way traffic,268.0,101.0,366.0,200.0
1563,no parking,211.0,183.0,242.0,214.0
1564,no parking,345.0,180.0,365.0,224.0
1564,no parking,166.0,158.0,182.0,252.0
1565,no parking,82.0,138.0,118.0,213.0
1565,no parking,430.0,302.0,454.0,333.0
1565,parking place,71.0,214.0,88.0,249.0
1566,no parking,118.0,223.0,171.0,278.0
1567,no parking,368.0,218.0,398.0,255.0
1567,no parking,99.0,207.0,111.0,219.0
1567,parking place,366.0,259.0,379.0,273.0
1568,no entry,392.0,80.0,482.0,171.0
1569,no parking,314.0,136.0,341.0,192.0
1569,parking place,305.0,205.0,324.0,242.0
157,right or left turn only ahead,208.0,231.0,262.0,300.0
1570,no parking,245.0,68.0,286.0,110.0
1571,no parking,150.0,185.0,188.0,222.0
1571,no stopping,260.0,173.0,314.0,229.0
1572,no parking,232.0,188.0,253.0,211.0
1573,drive straight,327.0,156.0,388.0,219.0
1574,stop,291.0,156.0,340.0,207.0
1575,stop,431.0,85.0,467.0,159.0
1576,no entry,122.0,256.0,197.0,335.0
1576,pass either side,124.0,204.0,146.0,227.0
1576,give way,119.0,179.0,149.0,208.0
1577,give way,248.0,211.0,315.0,274.0
1577,pass either side,256.0,269.0,303.0,320.0
1578,drive straight,317.0,174.0,354.0,211.0
1578,give way,310.0,126.0,362.0,174.0
1579,pass either side,185.0,231.0,227.0,276.0
158,parking place,244.0,230.0,295.0,290.0
1580,pass either side,386.0,253.0,471.0,336.0
1580,roundabout,87.0,104.0,118.0,135.0
1580,give way,79.0,65.0,121.0,103.0
1580,give way,344.0,64.0,369.0,88.0
1580,turn right,346.0,90.0,364.0,107.0
1580,give way,467.0,79.0,474.0,90.0
1580,roundabout,468.0,92.0,473.0,99.0
1581,turn right,323.0,175.0,391.0,244.0
1581,stop,323.0,103.0,392.0,174.0
1581,one-way traffic (right),140.0,181.0,180.0,190.0
1582,pedestrian crossing,127.0,245.0,148.0,265.0
1582,pedestrian crossing,175.0,249.0,191.0,265.0
1582,pedestrian crossing,408.0,240.0,432.0,262.0
1583,roundabout,260.0,274.0,294.0,310.0
1583,give way,254.0,229.0,301.0,273.0
1583,turn right,88.0,125.0,176.0,226.0
1583,turn right,183.0,252.0,200.0,276.0
1583,stop,95.0,233.0,160.0,333.0
1584,roundabout,344.0,239.0,390.0,323.0
1584,give way,339.0,128.0,402.0,239.0
1584,no entry,122.0,158.0,130.0,166.0
1585,turn right,330.0,153.0,363.0,213.0
1587,turn right,329.0,131.0,360.0,189.0
1587,no entry,331.0,73.0,364.0,132.0
1588,no entry,25.0,152.0,47.0,173.0
1588,turn right,27.0,174.0,48.0,193.0
1588,roundabout,388.0,207.0,455.0,277.0
1588,give way,372.0,117.0,475.0,209.0
1588,turn left,373.0,157.0,380.0,164.0
1588,no entry,373.0,150.0,380.0,158.0
1589,no entry,84.0,39.0,153.0,135.0
1589,turn right,94.0,137.0,152.0,224.0
1589,pass either side,431.0,164.0,443.0,176.0
159,roundabout,157.0,179.0,268.0,310.0
159,stop,280.0,191.0,387.0,324.0
1590,pedestrian crossing,293.0,61.0,443.0,205.0
1590,maximum speed 50km/h,166.0,205.0,206.0,245.0
1590,junction with a minor side-road from left,157.0,155.0,214.0,205.0
1591,turn left,118.0,197.0,150.0,280.0
1592,turn left,28.0,250.0,84.0,316.0
1592,no entry,399.0,257.0,485.0,363.0
1593,no entry,164.0,172.0,238.0,246.0
1593,keep right,166.0,247.0,238.0,315.0
1593,give way,250.0,46.0,268.0,63.0
1593,roundabout,252.0,64.0,265.0,77.0
1594,no parking,212.0,124.0,274.0,194.0
1594,parking place,214.0,206.0,238.0,233.0
1595,stop,255.0,209.0,299.0,256.0
1596,no entry,149.0,213.0,177.0,244.0
1596,turn right,342.0,147.0,407.0,218.0
1597,drive straight,411.0,211.0,448.0,254.0
1597,no entry,84.0,255.0,93.0,266.0
1598,no entry,291.0,165.0,338.0,224.0
1599,no entry,437.0,160.0,451.0,236.0
1599,turn left,119.0,183.0,203.0,268.0
1599,stop,120.0,96.0,205.0,183.0
16,no parking,73.0,64.0,97.0,96.0
160,roundabout,168.0,240.0,263.0,342.0
160,stop,272.0,238.0,371.0,342.0
1600,no parking,402.0,213.0,428.0,259.0
1600,no parking,51.0,204.0,64.0,237.0
1601,no parking,356.0,324.0,381.0,349.0
1601,no entry,53.0,276.0,101.0,337.0
1602,drive straight or turn left,395.0,177.0,446.0,229.0
1602,stop,394.0,123.0,447.0,176.0
1603,no entry,180.0,122.0,215.0,201.0
1604,drive straight or turn left,358.0,191.0,430.0,262.0
1604,no entry,128.0,129.0,153.0,174.0
1605,drive straight or turn right,245.0,232.0,286.0,277.0
1605,one-way traffic (right),34.0,258.0,73.0,267.0
1606,stop,391.0,188.0,430.0,230.0
1606,turn left,391.0,232.0,431.0,273.0
1606,turn right,55.0,278.0,67.0,289.0
1606,no stopping,74.0,273.0,84.0,283.0
1606,maximum speed 10 km/h,56.0,266.0,67.0,278.0
1607,turn right,156.0,301.0,230.0,377.0
1607,no stopping,281.0,270.0,340.0,332.0
1607,maximum speed 10 km/h,157.0,226.0,230.0,302.0
1608,no entry,177.0,212.0,245.0,302.0
1609,no entry,112.0,200.0,155.0,254.0
161,parking place,204.0,168.0,275.0,308.0
1610,drive straight or turn left,37.0,208.0,81.0,257.0
1610,no parking,436.0,210.0,461.0,244.0
1610,parking place,433.0,254.0,446.0,270.0
1611,no entry,234.0,213.0,284.0,275.0
1612,no entry,83.0,117.0,171.0,220.0
1612,no stopping,319.0,281.0,330.0,302.0
1613,no entry,438.0,177.0,483.0,226.0
1613,no entry,168.0,227.0,182.0,241.0
1614,no entry,116.0,126.0,161.0,176.0
1615,drive straight or turn left,405.0,219.0,457.0,272.0
1615,drive straight or turn left,151.0,225.0,165.0,239.0
1616,drive straight or turn left,105.0,132.0,120.0,175.0
1616,no entry,20.0,118.0,61.0,160.0
1616,no entry,414.0,79.0,451.0,148.0
1616,stop,101.0,81.0,115.0,126.0
1617,stop,346.0,45.0,437.0,137.0
1617,drive straight or turn left,360.0,150.0,446.0,238.0
1618,no entry,31.0,171.0,80.0,234.0
1618,one-way traffic (right),285.0,172.0,353.0,193.0
1618,no parking,415.0,149.0,433.0,169.0
1618,parking place,436.0,150.0,450.0,164.0
1619,no entry,107.0,207.0,161.0,285.0
1619,no parking,422.0,199.0,456.0,235.0
162,restricted vehicular access,232.0,240.0,264.0,276.0
1620,no parking,15.0,259.0,47.0,292.0
1620,parking place,9.0,300.0,31.0,321.0
1620,parking place,437.0,198.0,503.0,276.0
1621,no parking,117.0,233.0,135.0,265.0
1621,parking place,431.0,240.0,468.0,276.0
1622,no parking,206.0,155.0,223.0,174.0
1623,stop,243.0,164.0,290.0,216.0
1623,turn right,248.0,216.0,293.0,266.0
1624,turn left,181.0,239.0,274.0,424.0
1624,stop,190.0,32.0,279.0,237.0
1624,no parking,451.0,279.0,467.0,294.0
1625,no parking,190.0,368.0,227.0,409.0
1625,no stopping,293.0,1.0,346.0,129.0
1626,no parking,314.0,95.0,374.0,159.0
1626,parking place,306.0,174.0,344.0,215.0
1627,no entry,244.0,130.0,326.0,247.0
1628,no entry,207.0,144.0,244.0,204.0
1629,no parking,320.0,170.0,396.0,246.0
1629,no parking,265.0,229.0,272.0,237.0
163,stop,169.0,210.0,237.0,291.0
1630,stop,284.0,206.0,327.0,258.0
1631,no parking,259.0,215.0,307.0,266.0
1631,restricted vehicular access,248.0,162.0,297.0,215.0
1632,no parking,328.0,117.0,359.0,152.0
1633,stop,95.0,167.0,211.0,285.0
1633,no parking,350.0,157.0,375.0,202.0
1634,no stopping,187.0,203.0,258.0,278.0
1635,no stopping,155.0,163.0,193.0,202.0
1636,parking place,220.0,196.0,230.0,214.0
1636,no parking,222.0,145.0,241.0,190.0
1637,drive straight,286.0,71.0,335.0,177.0
1638,no parking,304.0,140.0,333.0,171.0
1639,drive straight or turn right,136.0,169.0,199.0,297.0
1639,no stopping,273.0,144.0,327.0,216.0
164,stop,227.0,218.0,322.0,317.0
1640,no parking,246.0,153.0,289.0,195.0
1641,no entry,250.0,48.0,319.0,133.0
1642,no entry,43.0,217.0,95.0,268.0
1642,no stopping,424.0,229.0,454.0,265.0
1643,no entry,31.0,150.0,134.0,259.0
1643,drive straight,349.0,60.0,475.0,194.0
1644,no entry,291.0,153.0,402.0,270.0
1644,pedestrian crossing,239.0,223.0,296.0,283.0
1645,pedestrian crossing,385.0,204.0,409.0,278.0
1646,no entry,472.0,218.0,484.0,243.0
1646,no entry,40.0,224.0,51.0,241.0
1646,turn left,40.0,241.0,50.0,256.0
1647,turn left,402.0,198.0,471.0,269.0
1647,no entry,401.0,126.0,473.0,196.0
1648,no entry,359.0,152.0,398.0,194.0
1649,roundabout,222.0,108.0,321.0,215.0
165,pedestrian crossing,204.0,170.0,314.0,310.0
1650,no entry,129.0,176.0,178.0,231.0
1650,drive straight,343.0,106.0,410.0,186.0
1651,turn right,257.0,213.0,311.0,285.0
1651,stop,245.0,138.0,314.0,212.0
1652,no parking,175.0,175.0,230.0,232.0
1652,one-way traffic (left),117.0,105.0,296.0,157.0
1653,one-way traffic (right),13.0,234.0,53.0,243.0
1653,drive straight or turn right,123.0,236.0,159.0,274.0
1653,stop,123.0,196.0,158.0,235.0
1653,no parking,419.0,247.0,435.0,268.0
1654,drive straight or turn left,299.0,129.0,367.0,211.0
1654,no parking,205.0,195.0,230.0,227.0
1654,parking place,202.0,233.0,214.0,247.0
1655,turn left,235.0,191.0,367.0,338.0
1655,stop,222.0,39.0,347.0,191.0
1656,no parking,279.0,148.0,312.0,187.0
1657,pedestrian crossing,426.0,10.0,489.0,103.0
1658,no entry,263.0,142.0,315.0,198.0
1659,stop,10.0,181.0,57.0,229.0
1659,turn left,13.0,231.0,57.0,279.0
1659,parking place,454.0,182.0,509.0,259.0
166,pedestrian crossing,64.0,221.0,82.0,238.0
166,pedestrian crossing,424.0,194.0,448.0,217.0
1660,no entry,248.0,139.0,298.0,191.0
1660,no entry,68.0,192.0,74.0,201.0
1661,no parking,268.0,169.0,312.0,241.0
1662,stop,222.0,131.0,285.0,194.0
1662,turn left,225.0,196.0,286.0,259.0
1662,parking place,324.0,173.0,381.0,231.0
1663,stop,237.0,166.0,310.0,276.0
1664,stop,238.0,121.0,299.0,188.0
1664,drive straight or turn left,254.0,252.0,311.0,314.0
1665,no parking,436.0,157.0,462.0,200.0
1666,no parking,18.0,77.0,158.0,260.0
1666,no stopping,368.0,348.0,416.0,416.0
1666,other,419.0,345.0,466.0,412.0
1666,other,465.0,344.0,512.0,410.0
1667,no entry,332.0,121.0,410.0,249.0
1668,stop,241.0,106.0,351.0,227.0
1669,drive straight or turn right,163.0,28.0,243.0,454.0
167,turn left,208.0,143.0,310.0,264.0
1670,no parking,295.0,241.0,346.0,331.0
1671,no parking,12.0,150.0,60.0,204.0
1671,no parking,474.0,265.0,505.0,303.0
1671,parking place,4.0,220.0,35.0,254.0
1672,stop,161.0,146.0,230.0,246.0
1673,turn right,236.0,176.0,285.0,229.0
1674,stop,218.0,132.0,272.0,201.0
1674,one-way traffic (left),7.0,168.0,21.0,180.0
1675,one-way traffic (right),1.0,170.0,63.0,193.0
1675,drive straight or turn right,220.0,140.0,273.0,234.0
1676,turn left,274.0,215.0,308.0,250.0
1677,no entry,376.0,83.0,446.0,163.0
1678,no entry,375.0,189.0,425.0,240.0
1678,no entry,70.0,203.0,84.0,219.0
1679,drive straight or turn right,192.0,120.0,271.0,273.0
168,roundabout,214.0,246.0,285.0,317.0
1680,no entry,363.0,124.0,446.0,207.0
1680,no entry,351.0,229.0,361.0,239.0
1681,no entry,174.0,159.0,222.0,215.0
1682,drive straight or turn left,265.0,216.0,312.0,274.0
1683,drive straight or turn left,55.0,232.0,66.0,243.0
1683,one-way traffic (right),206.0,192.0,276.0,213.0
1683,drive straight or turn right,279.0,155.0,321.0,240.0
1684,drive straight or turn right,273.0,174.0,325.0,234.0
1684,one-way traffic (right),230.0,208.0,272.0,219.0
1685,stop,64.0,123.0,220.0,291.0
1685,no parking,320.0,312.0,349.0,348.0
1686,turn right,142.0,136.0,163.0,282.0
1687,stop,77.0,154.0,188.0,284.0
1687,no entry,313.0,221.0,337.0,248.0
1687,no entry,446.0,218.0,455.0,240.0
1688,keep left,376.0,236.0,399.0,263.0
1689,drive straight,275.0,50.0,373.0,173.0
169,no entry,200.0,249.0,246.0,299.0
1690,roundabout,448.0,170.0,478.0,207.0
1690,give way,444.0,122.0,489.0,169.0
1690,no entry,32.0,161.0,48.0,177.0
1690,turn right,34.0,177.0,49.0,191.0
1691,turn right,122.0,232.0,221.0,354.0
1691,no entry,116.0,107.0,229.0,232.0
1692,no entry,68.0,201.0,184.0,313.0
1692,turn right,78.0,300.0,187.0,396.0
1693,turn right,223.0,220.0,254.0,272.0
1693,no entry,219.0,164.0,258.0,220.0
1694,no entry,37.0,232.0,51.0,245.0
1694,turn right,37.0,219.0,49.0,231.0
1694,roundabout,369.0,223.0,405.0,264.0
1694,give way,366.0,170.0,417.0,223.0
1695,pedestrian crossing ahead,176.0,115.0,231.0,172.0
1696,pedestrian crossing ahead,125.0,134.0,204.0,209.0
1697,no parking,321.0,121.0,352.0,153.0
1698,no parking,197.0,218.0,232.0,254.0
1699,no entry,323.0,63.0,379.0,121.0
1699,no entry,234.0,81.0,240.0,96.0
17,no entry,109.0,58.0,128.0,106.0
17,keep right,102.0,140.0,140.0,184.0
170,pass either side,264.0,223.0,307.0,277.0
1700,turn right,91.0,186.0,143.0,238.0
1700,stop,89.0,132.0,143.0,185.0
1700,no parking,411.0,274.0,427.0,301.0
1701,no entry,355.0,215.0,379.0,241.0
1702,no entry,150.0,248.0,165.0,263.0
1702,right or left turn only ahead,317.0,232.0,366.0,282.0
1703,no entry,294.0,197.0,342.0,252.0
1704,turn left,265.0,205.0,307.0,250.0
1704,stop,265.0,155.0,309.0,201.0
1704,no parking,162.0,201.0,170.0,210.0
1705,turn right,371.0,121.0,438.0,201.0
1705,no entry,107.0,238.0,130.0,261.0
1706,no entry,310.0,195.0,344.0,231.0
1707,no entry,356.0,143.0,367.0,177.0
1707,stop,398.0,87.0,460.0,150.0
1707,drive straight or turn left,397.0,151.0,457.0,212.0
1708,drive straight or turn right,241.0,176.0,289.0,225.0
1708,one-way traffic (right),173.0,221.0,219.0,234.0
1708,turn left,85.0,276.0,99.0,294.0
1708,stop,81.0,256.0,101.0,275.0
1709,no parking,411.0,62.0,467.0,131.0
171,keep left,226.0,244.0,301.0,328.0
1710,no entry,329.0,72.0,392.0,154.0
1710,one-way traffic (right),363.0,45.0,505.0,115.0
1711,no parking,125.0,119.0,184.0,195.0
1712,no parking,341.0,177.0,428.0,268.0
1713,no stopping,447.0,127.0,480.0,160.0
1713,no stopping,31.0,159.0,42.0,174.0
1714,no stopping,387.0,83.0,433.0,296.0
1714,no entry,71.0,236.0,97.0,301.0
1715,stop,321.0,104.0,373.0,174.0
1715,right or left turn only ahead,320.0,175.0,376.0,244.0
1716,no stopping,366.0,139.0,420.0,218.0
1716,no stopping,141.0,177.0,171.0,207.0
1716,no stopping,48.0,213.0,60.0,224.0
1717,no entry,160.0,134.0,220.0,206.0
1718,no stopping,208.0,180.0,260.0,234.0
1719,no stopping,88.0,164.0,138.0,221.0
172,turn right,246.0,264.0,336.0,357.0
172,stop,246.0,167.0,335.0,261.0
172,maximum speed 30km/h,189.0,231.0,248.0,296.0
172,roundabout ahead,169.0,148.0,257.0,234.0
1720,no entry,388.0,75.0,451.0,143.0
1721,no stopping,349.0,104.0,445.0,205.0
1722,no stopping,397.0,311.0,455.0,377.0
1723,no parking,131.0,152.0,177.0,198.0
1724,no parking,430.0,253.0,479.0,302.0
1724,turn right,30.0,159.0,71.0,225.0
1725,drive straight or turn left,391.0,146.0,461.0,230.0
1726,no parking,199.0,145.0,238.0,191.0
1726,parking place,197.0,198.0,212.0,217.0
1727,stop,146.0,128.0,249.0,238.0
1727,no entry,326.0,184.0,364.0,284.0
1727,drive straight or turn left,147.0,237.0,250.0,347.0
1728,no parking,66.0,190.0,76.0,200.0
1728,drive straight,316.0,183.0,357.0,225.0
1728,one-way traffic (left),195.0,200.0,214.0,212.0
1729,stop,400.0,189.0,427.0,215.0
1729,drive straight or turn right,401.0,216.0,427.0,242.0
1729,no entry,79.0,199.0,85.0,215.0
173,no entry,196.0,179.0,269.0,269.0
1730,stop,197.0,226.0,248.0,291.0
1730,drive straight or turn left,193.0,290.0,247.0,353.0
1731,pedestrian crossing,218.0,179.0,274.0,245.0
1731,stop,64.0,273.0,79.0,289.0
1732,stop,118.0,200.0,144.0,228.0
1732,keep right,243.0,226.0,261.0,263.0
1732,no entry,240.0,187.0,259.0,224.0
1733,pedestrian crossing ahead,234.0,177.0,277.0,223.0
1734,pedestrian crossing ahead,343.0,82.0,414.0,164.0
1734,no parking,121.0,105.0,143.0,129.0
1734,parking place,122.0,131.0,130.0,140.0
1735,pedestrian crossing ahead,195.0,97.0,356.0,322.0
1736,no entry,139.0,112.0,215.0,195.0
1736,keep right,139.0,199.0,213.0,278.0
1737,no entry,65.0,131.0,110.0,181.0
1738,pass either side,244.0,47.0,286.0,92.0
1739,keep right,188.0,124.0,244.0,183.0
174,drive straight,310.0,188.0,384.0,261.0
174,turn right,111.0,274.0,138.0,317.0
174,stop,113.0,226.0,139.0,274.0
1740,keep right,157.0,214.0,176.0,236.0
1740,roundabout,342.0,187.0,396.0,245.0
1740,give way,336.0,113.0,411.0,187.0
1741,stop,199.0,142.0,254.0,199.0
1741,drive straight or turn right,201.0,199.0,254.0,256.0
1742,keep right,225.0,219.0,252.0,255.0
1743,pass either side,260.0,256.0,301.0,295.0
1744,keep right,127.0,227.0,138.0,248.0
1744,roundabout,298.0,197.0,345.0,246.0
1744,give way,288.0,136.0,355.0,197.0
1745,no entry,68.0,47.0,108.0,120.0
1745,no parking,408.0,102.0,428.0,126.0
1745,parking place,406.0,134.0,413.0,143.0
1746,no entry,144.0,207.0,193.0,271.0
1746,no entry,411.0,274.0,419.0,281.0
1747,no entry,374.0,177.0,432.0,236.0
1748,no entry,232.0,195.0,275.0,238.0
1748,turn left,286.0,205.0,340.0,262.0
1748,stop,298.0,142.0,327.0,202.0
1749,turn left,83.0,254.0,103.0,280.0
1749,stop,79.0,226.0,105.0,252.0
1749,no parking,189.0,253.0,214.0,279.0
1749,no stopping,229.0,253.0,254.0,279.0
1749,parking place,187.0,282.0,199.0,293.0
175,pedestrian crossing,207.0,237.0,267.0,298.0
1750,no entry,296.0,150.0,329.0,185.0
1751,no stopping,272.0,108.0,373.0,221.0
1751,parking place,253.0,184.0,266.0,198.0
1752,no stopping,380.0,168.0,453.0,248.0
1753,no entry,276.0,157.0,335.0,250.0
1754,no entry,313.0,141.0,349.0,188.0
1755,no parking,379.0,206.0,418.0,244.0
1756,no stopping,310.0,145.0,379.0,229.0
1757,turn right,186.0,201.0,257.0,278.0
1757,no entry,189.0,122.0,258.0,200.0
1758,no entry,58.0,167.0,66.0,189.0
1758,pedestrian crossing,117.0,184.0,133.0,199.0
1758,pedestrian crossing,432.0,184.0,461.0,213.0
1759,pedestrian crossing,321.0,163.0,358.0,223.0
176,no entry,198.0,237.0,262.0,309.0
1760,no entry,213.0,307.0,262.0,364.0
1760,no parking,108.0,448.0,120.0,464.0
1761,stop,307.0,144.0,367.0,216.0
1761,drive straight or turn right,306.0,215.0,363.0,285.0
1762,drive straight or turn right,359.0,164.0,450.0,255.0
1762,stop,360.0,70.0,455.0,163.0
1763,no parking,210.0,81.0,342.0,223.0
1763,children,359.0,77.0,452.0,290.0
1764,turn right,199.0,206.0,254.0,267.0
1765,no entry,159.0,134.0,200.0,212.0
1765,pedestrian crossing,252.0,240.0,317.0,416.0
1766,no parking,329.0,148.0,353.0,185.0
1766,parking place,328.0,189.0,338.0,203.0
1767,maximum speed 10 km/h,181.0,182.0,231.0,233.0
1767,uneven road,171.0,120.0,240.0,182.0
1768,uneven road,232.0,145.0,299.0,206.0
1768,maximum speed 10 km/h,242.0,205.0,290.0,253.0
1769,stop,226.0,118.0,290.0,240.0
1769,turn right,234.0,238.0,298.0,358.0
177,no parking,275.0,161.0,305.0,241.0
1770,stop,357.0,171.0,435.0,252.0
1770,maximum speed 10 km/h,150.0,207.0,180.0,241.0
1770,uneven road,145.0,168.0,182.0,208.0
1771,no entry,260.0,124.0,339.0,239.0
1772,pedestrian crossing,148.0,183.0,190.0,228.0
1773,maximum speed 10 km/h,153.0,155.0,205.0,233.0
1773,uneven road,139.0,54.0,214.0,157.0
1774,uneven road,338.0,185.0,411.0,257.0
1774,maximum speed 10 km/h,347.0,260.0,397.0,319.0
1774,stop,264.0,149.0,362.0,249.0
1774,turn right,263.0,249.0,361.0,348.0
1775,maximum speed 10 km/h,166.0,246.0,209.0,290.0
1775,restricted vehicular access,166.0,172.0,209.0,215.0
1776,maximum speed 50km/h,281.0,229.0,343.0,292.0
1776,bumps in the road,268.0,149.0,355.0,227.0
1777,restricted vehicular access,167.0,236.0,185.0,270.0
1777,maximum speed 10 km/h,343.0,292.0,361.0,317.0
1777,other danger,335.0,248.0,365.0,279.0
1778,restricted vehicular access,290.0,107.0,457.0,278.0
1778,pedestrian crossing ahead,132.0,265.0,175.0,305.0
1779,pedestrian crossing,256.0,168.0,298.0,213.0
178,no parking,194.0,189.0,233.0,237.0
1780,stop,159.0,148.0,193.0,196.0
1781,other danger,265.0,178.0,326.0,235.0
1782,bumps in the road,161.0,197.0,216.0,253.0
1782,maximum speed 50km/h,170.0,252.0,208.0,295.0
1783,keep right,266.0,172.0,312.0,228.0
1783,no entry,262.0,112.0,313.0,172.0
1784,turn left,236.0,198.0,308.0,279.0
1784,road works,324.0,141.0,411.0,242.0
1785,maximum speed 10 km/h,286.0,126.0,327.0,176.0
1786,stop,203.0,152.0,255.0,208.0
1787,pedestrian crossing,420.0,120.0,450.0,156.0
1788,pedestrian crossing,359.0,231.0,379.0,262.0
1789,no parking,425.0,1.0,488.0,28.0
1789,maximum speed 50km/h,421.0,29.0,486.0,109.0
179,no parking,235.0,216.0,297.0,291.0
1790,drive straight or turn right,218.0,154.0,248.0,203.0
1791,roundabout,255.0,193.0,288.0,229.0
1791,give way,251.0,147.0,298.0,193.0
1792,keep right,250.0,298.0,323.0,373.0
1792,segregated pedestrian and cycle path,452.0,164.0,470.0,182.0
1793,no entry,213.0,49.0,241.0,110.0
1794,pass either side,80.0,209.0,136.0,282.0
1794,pedestrian crossing ahead,219.0,101.0,244.0,126.0
1794,stop,291.0,89.0,305.0,110.0
1794,pedestrian crossing,145.0,110.0,152.0,116.0
1795,maximum speed 10 km/h,271.0,200.0,304.0,232.0
1795,uneven road,266.0,161.0,311.0,201.0
1796,pass either side,294.0,222.0,346.0,285.0
1796,no entry,124.0,166.0,136.0,190.0
1797,pass either side,180.0,341.0,239.0,407.0
1798,no stopping,287.0,204.0,330.0,259.0
1798,pedestrian crossing,452.0,265.0,462.0,275.0
1799,pedestrian crossing,318.0,226.0,361.0,275.0
18,two-way traffic,97.0,67.0,147.0,114.0
180,no entry,289.0,241.0,340.0,292.0
1800,pedestrian crossing,264.0,223.0,296.0,259.0
1801,pedestrian crossing,221.0,233.0,271.0,288.0
1802,keep right,84.0,277.0,102.0,297.0
1802,roundabout,406.0,284.0,442.0,325.0
1802,give way,398.0,205.0,453.0,257.0
1803,no entry,266.0,183.0,304.0,221.0
1804,maximum speed 50km/h,169.0,206.0,203.0,241.0
1805,pedestrian crossing,347.0,147.0,425.0,228.0
1805,no parking,99.0,224.0,129.0,255.0
1806,pedestrian crossing,190.0,190.0,211.0,211.0
1806,drive straight,338.0,175.0,364.0,203.0
1807,parking place,209.0,165.0,272.0,292.0
1808,pedestrian crossing,213.0,95.0,281.0,296.0
1809,pedestrian crossing,448.0,219.0,465.0,255.0
1809,pedestrian crossing,35.0,225.0,103.0,303.0
181,stop,213.0,191.0,268.0,291.0
181,turn left,219.0,282.0,272.0,371.0
1810,pedestrian crossing,88.0,200.0,139.0,249.0
1810,maximum speed 30km/h,312.0,180.0,402.0,271.0
1811,keep right,159.0,118.0,224.0,185.0
1811,no entry,149.0,166.0,187.0,232.0
1812,stop,96.0,136.0,210.0,263.0
1812,turn right,96.0,264.0,208.0,390.0
1812,no stopping,331.0,167.0,384.0,223.0
1813,no stopping,142.0,128.0,228.0,260.0
1814,roundabout,299.0,147.0,345.0,195.0
1814,maximum speed 50km/h,367.0,168.0,379.0,180.0
1814,give way,291.0,195.0,354.0,254.0
1815,keep right,210.0,191.0,241.0,244.0
1816,steep hill downwards,203.0,128.0,261.0,196.0
1817,give way,285.0,116.0,348.0,172.0
1818,give way,404.0,159.0,481.0,228.0
1818,roundabout,416.0,103.0,471.0,159.0
1818,keep right,18.0,225.0,46.0,253.0
1819,maximum speed 50km/h,348.0,86.0,400.0,148.0
182,turn right,214.0,190.0,275.0,254.0
1820,maximum speed 50km/h,313.0,115.0,356.0,163.0
1820,no vehicles over height 4.50m,312.0,66.0,356.0,115.0
1821,roundabout,344.0,120.0,388.0,164.0
1821,give way,335.0,163.0,397.0,217.0
1822,other danger,193.0,190.0,285.0,299.0
1823,maximum speed 20km/h,285.0,278.0,365.0,358.0
1823,other danger,280.0,176.0,367.0,280.0
1823,crossroads,269.0,76.0,379.0,176.0
1824,keep right,139.0,219.0,224.0,306.0
1824,pass either side,317.0,99.0,336.0,120.0
1824,give way,108.0,57.0,121.0,69.0
1825,pass either side,343.0,247.0,389.0,315.0
1825,stop,73.0,115.0,122.0,168.0
1826,give way,279.0,162.0,325.0,248.0
1827,restricted vehicular access,164.0,96.0,221.0,161.0
1828,uneven road,315.0,146.0,371.0,195.0
1828,maximum speed 20km/h,323.0,214.0,362.0,254.0
1829,no overtaking,82.0,160.0,127.0,210.0
1829,maximum speed 50km/h,80.0,110.0,127.0,160.0
183,no entry,309.0,254.0,339.0,286.0
1830,bend to right,1.0,164.0,73.0,232.0
1830,maximum speed 50km/h,399.0,166.0,471.0,248.0
1830,no overtaking,398.0,249.0,473.0,332.0
1831,restricted vehicular access,292.0,127.0,372.0,210.0
1831,children,121.0,125.0,244.0,250.0
1832,drive straight or turn left,289.0,111.0,329.0,152.0
1833,pedestrian crossing,195.0,193.0,225.0,241.0
1834,pedestrian crossing,249.0,257.0,293.0,314.0
1835,no stopping,264.0,135.0,334.0,226.0
1836,no stopping,331.0,296.0,386.0,358.0
1836,stop,91.0,323.0,197.0,435.0
1837,pedestrian crossing,127.0,94.0,202.0,185.0
1838,give way,279.0,185.0,332.0,246.0
1839,no parking,170.0,136.0,222.0,212.0
1839,parking place,170.0,223.0,192.0,253.0
184,no parking,130.0,265.0,151.0,287.0
184,no parking,428.0,270.0,438.0,287.0
1840,pedestrian crossing,214.0,177.0,257.0,240.0
1841,pedestrian crossing,157.0,212.0,241.0,311.0
1842,no entry,101.0,179.0,190.0,270.0
1843,no entry,339.0,238.0,357.0,258.0
1844,stop,170.0,220.0,212.0,270.0
1844,pedestrian crossing,281.0,232.0,309.0,272.0
1845,drive straight,375.0,302.0,403.0,340.0
1845,no entry,83.0,299.0,102.0,323.0
1845,pedestrian crossing,93.0,307.0,114.0,334.0
1846,turn right,230.0,236.0,268.0,285.0
1846,stop,230.0,184.0,270.0,235.0
1847,give way,246.0,142.0,318.0,228.0
1848,pedestrian crossing,191.0,217.0,226.0,258.0
1849,pedestrian crossing,134.0,7.0,214.0,106.0
185,no entry,237.0,207.0,285.0,272.0
1850,pedestrian crossing,194.0,287.0,262.0,372.0
1851,pedestrian crossing,65.0,101.0,147.0,196.0
1852,pedestrian crossing,119.0,285.0,222.0,404.0
1853,pedestrian crossing,105.0,154.0,153.0,203.0
1854,pedestrian crossing,117.0,305.0,215.0,441.0
1855,no parking,61.0,100.0,124.0,164.0
1855,parking place,57.0,169.0,83.0,195.0
1856,no parking,89.0,244.0,111.0,275.0
1856,pedestrian crossing,57.0,200.0,95.0,254.0
1857,pedestrian crossing,143.0,226.0,185.0,273.0
1857,one-way traffic (right),50.0,249.0,89.0,259.0
1858,pedestrian crossing,98.0,197.0,120.0,249.0
1858,no parking,403.0,234.0,407.0,242.0
1859,pedestrian crossing,186.0,306.0,285.0,423.0
186,no entry,264.0,279.0,288.0,395.0
186,turn left,222.0,161.0,332.0,277.0
1860,no parking,131.0,69.0,194.0,148.0
1860,parking place,133.0,155.0,155.0,182.0
1861,parking place,141.0,220.0,173.0,257.0
1861,no parking,139.0,115.0,230.0,214.0
1862,no parking,259.0,64.0,352.0,183.0
1862,parking place,261.0,196.0,296.0,240.0
1863,parking place,246.0,9.0,306.0,73.0
1864,no entry,234.0,55.0,276.0,108.0
1865,parking place,316.0,326.0,346.0,358.0
1865,no parking,326.0,244.0,401.0,320.0
1866,parking place,101.0,116.0,179.0,195.0
1866,no parking,16.0,235.0,32.0,253.0
1866,no parking,340.0,267.0,379.0,306.0
1867,no entry,27.0,181.0,87.0,245.0
1868,parking place,139.0,78.0,243.0,207.0
1869,parking place,413.0,261.0,435.0,285.0
1869,roundabout,49.0,275.0,124.0,350.0
1869,give way,39.0,179.0,144.0,273.0
1869,no parking,412.0,191.0,472.0,253.0
187,no entry,184.0,309.0,220.0,368.0
187,no stopping,313.0,165.0,343.0,219.0
1870,keep right,236.0,275.0,296.0,337.0
1870,no entry,240.0,157.0,300.0,220.0
1871,no entry,71.0,160.0,108.0,206.0
1872,no entry,172.0,86.0,186.0,159.0
1872,pass either side,335.0,78.0,420.0,164.0
1873,children,98.0,88.0,131.0,119.0
1873,no entry,298.0,203.0,348.0,256.0
1874,pass either side,1.0,285.0,16.0,303.0
1874,roundabout,176.0,261.0,246.0,346.0
1874,give way,155.0,153.0,258.0,266.0
1875,give way,335.0,106.0,363.0,138.0
1875,roundabout,336.0,137.0,355.0,161.0
1875,keep right,66.0,221.0,109.0,265.0
1875,no entry,62.0,174.0,107.0,221.0
1876,bend to right,260.0,217.0,318.0,276.0
1876,maximum speed 30km/h,269.0,187.0,312.0,234.0
1877,stop,210.0,194.0,271.0,255.0
1878,give way,214.0,111.0,265.0,291.0
1879,no large goods,43.0,150.0,59.0,172.0
1879,no entry,235.0,118.0,273.0,174.0
188,no parking,221.0,198.0,259.0,237.0
1880,no entry,123.0,163.0,142.0,190.0
1880,pedestrian crossing,429.0,146.0,454.0,179.0
1881,parking place,308.0,152.0,380.0,257.0
1881,parking place,305.0,263.0,318.0,275.0
1882,pedestrian crossing,316.0,189.0,374.0,279.0
1882,no entry,278.0,197.0,351.0,306.0
1883,no entry,432.0,131.0,480.0,181.0
1884,no entry,126.0,165.0,193.0,236.0
1884,pedestrian crossing,367.0,122.0,455.0,213.0
1885,no entry,424.0,150.0,489.0,219.0
1885,no entry,145.0,208.0,160.0,223.0
1885,no parking,385.0,194.0,393.0,203.0
1885,parking place,320.0,196.0,328.0,204.0
1886,no parking,294.0,30.0,415.0,172.0
1887,no entry,58.0,226.0,114.0,288.0
1888,no parking,333.0,165.0,365.0,258.0
1888,parking place,322.0,262.0,337.0,300.0
1889,parking place,296.0,278.0,319.0,301.0
1889,no parking,291.0,219.0,344.0,275.0
189,no entry,178.0,162.0,325.0,321.0
1890,no entry,130.0,113.0,230.0,266.0
1891,no entry,274.0,153.0,361.0,246.0
1892,no stopping,126.0,173.0,167.0,321.0
1893,no entry,391.0,190.0,429.0,228.0
1893,no entry,80.0,193.0,93.0,206.0
1894,no entry,340.0,237.0,395.0,297.0
1895,turn right,274.0,102.0,408.0,249.0
1896,drive straight or turn right,200.0,114.0,274.0,202.0
1897,drive straight or turn right,220.0,156.0,264.0,292.0
1898,no entry,250.0,390.0,284.0,428.0
1899,no stopping,392.0,237.0,429.0,272.0
1899,children,387.0,194.0,434.0,237.0
19,no parking,71.0,58.0,107.0,94.0
190,drive straight or turn right,194.0,122.0,271.0,400.0
1900,drive straight or turn right,372.0,148.0,394.0,197.0
1901,no parking,396.0,390.0,447.0,448.0
1902,no stopping,432.0,15.0,491.0,89.0
1903,restricted vehicular access,73.0,266.0,160.0,351.0
1904,no parking,392.0,28.0,449.0,86.0
1904,drive straight,31.0,77.0,41.0,87.0
1905,no parking,73.0,38.0,90.0,56.0
1905,drive straight,361.0,3.0,408.0,65.0
1905,stop,166.0,29.0,175.0,48.0
1906,no parking,88.0,52.0,162.0,136.0
1907,stop,64.0,127.0,149.0,213.0
1907,turn right,68.0,215.0,144.0,300.0
1908,no parking,350.0,47.0,435.0,137.0
1909,parking place,18.0,146.0,31.0,158.0
1909,drive straight or turn right,379.0,167.0,413.0,207.0
1909,stop,382.0,128.0,417.0,170.0
191,no entry,339.0,229.0,363.0,254.0
1910,no entry,92.0,172.0,131.0,230.0
1910,parking place,434.0,233.0,464.0,261.0
1910,parking place,501.0,246.0,508.0,252.0
1911,parking place,142.0,133.0,163.0,154.0
1911,drive straight or turn left,435.0,103.0,485.0,160.0
1911,parking place,55.0,152.0,64.0,160.0
1911,drive straight or turn right,81.0,153.0,93.0,163.0
1912,drive straight or turn right,405.0,169.0,460.0,223.0
1912,parking place,84.0,195.0,97.0,207.0
1913,parking place,65.0,172.0,120.0,237.0
1913,no parking,406.0,159.0,460.0,214.0
1914,parking place,358.0,139.0,423.0,205.0
1914,parking place,65.0,187.0,81.0,202.0
1915,parking place,301.0,76.0,344.0,124.0
1915,pedestrian crossing,169.0,115.0,195.0,140.0
1915,parking place,118.0,108.0,136.0,125.0
1915,parking place,63.0,125.0,72.0,133.0
1916,parking place,111.0,137.0,138.0,169.0
1916,no parking,109.0,36.0,191.0,130.0
1917,no parking,442.0,1.0,485.0,49.0
1917,parking place,441.0,52.0,459.0,71.0
1917,parking place,5.0,66.0,41.0,102.0
1918,turn left,170.0,188.0,269.0,309.0
1919,no parking,235.0,199.0,310.0,291.0
192,drive straight,114.0,257.0,131.0,278.0
1920,no entry,182.0,102.0,269.0,229.0
1921,no entry,88.0,61.0,208.0,207.0
1922,no parking,270.0,102.0,361.0,295.0
1923,parking place,163.0,323.0,235.0,406.0
1924,no entry,378.0,229.0,439.0,291.0
1925,no entry,95.0,91.0,157.0,159.0
1926,give way,231.0,99.0,314.0,175.0
1927,restricted vehicular access,101.0,321.0,200.0,457.0
1928,no parking,127.0,190.0,161.0,350.0
1929,no parking,40.0,194.0,91.0,254.0
1929,restricted vehicular access,433.0,188.0,473.0,240.0
193,no entry,121.0,189.0,146.0,214.0
193,no entry,256.0,218.0,297.0,262.0
1930,restricted vehicular access,285.0,115.0,436.0,266.0
1931,restricted vehicular access,81.0,311.0,138.0,398.0
1932,no parking,31.0,314.0,147.0,459.0
1933,restricted vehicular access,51.0,156.0,84.0,263.0
1934,children,202.0,116.0,335.0,263.0
1934,no stopping,232.0,256.0,317.0,376.0
1935,no parking,243.0,118.0,284.0,206.0
1936,no parking,22.0,150.0,80.0,210.0
1937,no parking,153.0,35.0,237.0,134.0
1937,no parking,324.0,296.0,338.0,313.0
1938,no parking,297.0,311.0,357.0,377.0
1939,no parking,266.0,222.0,374.0,333.0
1939,parking place,239.0,277.0,279.0,316.0
1939,no parking,184.0,316.0,193.0,327.0
194,maximum speed 40km/h,255.0,146.0,324.0,222.0
194,no overtaking,224.0,220.0,294.0,295.0
1940,no parking,379.0,92.0,430.0,150.0
1940,no entry,350.0,204.0,460.0,318.0
1941,parking place,87.0,15.0,204.0,143.0
1942,stop,313.0,61.0,490.0,249.0
1942,turn right,313.0,250.0,492.0,437.0
1943,no entry,46.0,68.0,114.0,174.0
1944,parking place,268.0,14.0,308.0,82.0
1945,no parking,49.0,302.0,102.0,357.0
1945,restricted vehicular access,249.0,247.0,294.0,308.0
1945,no stopping,384.0,290.0,445.0,359.0
1946,no parking,374.0,328.0,405.0,362.0
1946,parking place,372.0,365.0,385.0,379.0
1946,parking place,64.0,373.0,90.0,400.0
1947,pedestrian lane,41.0,248.0,72.0,282.0
1947,no stopping,376.0,214.0,423.0,268.0
1948,no parking,335.0,150.0,415.0,232.0
1949,turn right,337.0,164.0,407.0,244.0
195,maximum speed 50km/h,267.0,121.0,313.0,179.0
195,drive straight,313.0,123.0,355.0,180.0
1950,restricted vehicular access,116.0,130.0,207.0,280.0
1951,restricted vehicular access,27.0,145.0,63.0,179.0
1951,parking place,346.0,184.0,355.0,193.0
1951,stop,309.0,188.0,317.0,196.0
1951,right or left turn only ahead,309.0,179.0,318.0,188.0
1952,parking place,83.0,139.0,156.0,216.0
1953,right or left turn only ahead,340.0,168.0,400.0,229.0
1953,stop,340.0,229.0,401.0,291.0
1953,no stopping,298.0,242.0,309.0,285.0
1953,no entry,51.0,263.0,74.0,286.0
1954,no stopping,353.0,64.0,420.0,159.0
1955,no entry,45.0,281.0,189.0,425.0
1956,no stopping,348.0,138.0,454.0,252.0
1957,no entry,380.0,79.0,489.0,195.0
1958,restricted vehicular access,21.0,203.0,100.0,281.0
1958,no parking,401.0,221.0,428.0,254.0
1958,parking place,397.0,264.0,411.0,281.0
1959,restricted vehicular access,410.0,316.0,472.0,418.0
196,pedestrian crossing,124.0,213.0,159.0,247.0
1960,no entry,89.0,44.0,183.0,141.0
1961,restricted vehicular access,27.0,209.0,58.0,244.0
1961,no parking,422.0,185.0,463.0,226.0
1962,no parking,61.0,325.0,91.0,356.0
1962,parking place,61.0,358.0,73.0,370.0
1962,restricted vehicular access,339.0,278.0,428.0,377.0
1963,drive straight or turn left,243.0,233.0,281.0,312.0
1963,stop,240.0,151.0,281.0,232.0
1964,restricted vehicular access,214.0,76.0,270.0,138.0
1965,no stopping,312.0,45.0,401.0,135.0
1965,no parking,136.0,28.0,174.0,66.0
1965,parking place,136.0,70.0,150.0,85.0
1966,drive straight,107.0,292.0,168.0,385.0
1967,drive straight or turn right,337.0,171.0,402.0,239.0
1968,parking place,346.0,79.0,398.0,143.0
1968,no parking,27.0,161.0,36.0,170.0
1968,no parking,151.0,160.0,155.0,170.0
1968,parking place,27.0,171.0,31.0,174.0
1969,no entry,3.0,136.0,96.0,237.0
197,pedestrian crossing,351.0,217.0,390.0,266.0
1970,pedestrian crossing,350.0,177.0,470.0,312.0
1970,drive straight,71.0,228.0,99.0,272.0
1971,stop,142.0,119.0,233.0,213.0
1972,no parking,35.0,212.0,81.0,307.0
1973,parking place,84.0,267.0,114.0,297.0
1973,no stopping,421.0,267.0,441.0,288.0
1974,maximum speed 10 km/h,247.0,266.0,298.0,326.0
1974,restricted vehicular access,246.0,149.0,298.0,209.0
1975,restricted vehicular access,336.0,79.0,435.0,183.0
1975,two-way traffic,1.0,29.0,264.0,270.0
1976,restricted vehicular access,171.0,126.0,223.0,207.0
1976,no stopping,175.0,207.0,233.0,287.0
1977,give way,46.0,91.0,104.0,195.0
1977,no parking,414.0,140.0,455.0,181.0
1978,no stopping,115.0,66.0,242.0,193.0
1979,no parking,193.0,49.0,258.0,119.0
198,give way,366.0,236.0,401.0,267.0
198,roundabout,371.0,268.0,396.0,291.0
1980,parking place,358.0,379.0,391.0,413.0
1980,parking place,49.0,399.0,73.0,421.0
1981,no entry,231.0,84.0,301.0,154.0
1982,no stopping,323.0,401.0,388.0,469.0
1983,turn left,400.0,129.0,426.0,154.0
1983,pedestrian crossing,98.0,98.0,110.0,108.0
1984,no parking,137.0,57.0,178.0,144.0
1985,drive straight or turn left,281.0,44.0,411.0,181.0
1986,no parking,374.0,111.0,448.0,190.0
1987,no entry,296.0,142.0,344.0,193.0
1988,no parking,277.0,177.0,422.0,410.0
1989,no parking,144.0,330.0,206.0,395.0
1989,stop,337.0,420.0,384.0,492.0
199,no stopping,364.0,251.0,444.0,331.0
199,maximum speed 20km/h,323.0,233.0,340.0,252.0
1990,turn right,413.0,29.0,500.0,126.0
1990,stop,418.0,1.0,481.0,29.0
1991,no stopping,279.0,339.0,312.0,378.0
1992,no entry,308.0,93.0,357.0,143.0
1992,parking place,73.0,118.0,84.0,130.0
1993,pedestrian crossing,58.0,54.0,82.0,92.0
1994,no entry,243.0,134.0,306.0,238.0
1995,no parking,204.0,186.0,258.0,249.0
1996,no parking,355.0,124.0,413.0,187.0
1997,parking place,201.0,66.0,238.0,112.0
1997,parking place,201.0,129.0,212.0,143.0
1998,no parking,268.0,124.0,307.0,185.0
1998,no parking,88.0,144.0,94.0,158.0
1999,no entry,356.0,83.0,422.0,156.0
2,no parking,100.0,50.0,111.0,62.0
2,two-way traffic,90.0,44.0,144.0,88.0
20,give way,86.0,59.0,135.0,148.0
200,maximum speed 20km/h,411.0,233.0,462.0,286.0
2000,parking place,123.0,101.0,177.0,157.0
2001,no parking,325.0,109.0,372.0,158.0
2002,no parking,258.0,83.0,374.0,218.0
2003,no entry,201.0,128.0,278.0,211.0
2003,no entry,240.0,27.0,441.0,237.0
2004,parking place,349.0,104.0,438.0,204.0
2005,no parking,215.0,94.0,349.0,241.0
2006,no overtaking,382.0,204.0,449.0,279.0
2006,maximum speed 40km/h,384.0,127.0,451.0,203.0
2007,pedestrian crossing,34.0,99.0,46.0,111.0
2007,keep left,399.0,218.0,469.0,296.0
2008,keep left,315.0,75.0,370.0,151.0
2008,keep left,53.0,23.0,96.0,65.0
2009,maximum speed 30km/h,248.0,224.0,318.0,304.0
2009,pedestrian crossing ahead,233.0,88.0,330.0,188.0
201,parking place,374.0,193.0,431.0,250.0
2010,roundabout,253.0,158.0,289.0,213.0
2010,give way,247.0,89.0,297.0,158.0
2011,pass either side,273.0,94.0,316.0,140.0
2012,drive straight,304.0,172.0,332.0,203.0
2013,no entry,133.0,137.0,190.0,196.0
2014,no entry,74.0,142.0,90.0,165.0
2014,no entry,426.0,134.0,457.0,168.0
2015,no entry,32.0,188.0,45.0,204.0
2015,give way,443.0,171.0,484.0,210.0
2015,roundabout,449.0,205.0,479.0,236.0
2016,pass either side,185.0,52.0,268.0,136.0
2017,no entry,213.0,202.0,256.0,248.0
2018,keep right,105.0,203.0,146.0,247.0
2019,pass either side,241.0,132.0,285.0,182.0
202,no stopping,360.0,254.0,413.0,308.0
202,no parking,41.0,262.0,47.0,269.0
2020,drive straight,321.0,225.0,373.0,280.0
2020,pedestrian crossing,320.0,165.0,376.0,221.0
2021,road works,69.0,100.0,183.0,204.0
2021,maximum speed 50km/h,83.0,203.0,164.0,287.0
2021,no entry,312.0,160.0,358.0,218.0
2022,no entry,318.0,70.0,365.0,123.0
2023,stop,108.0,75.0,169.0,139.0
2023,turn right,110.0,144.0,169.0,207.0
2024,drive straight,29.0,197.0,42.0,210.0
2024,one-way traffic (right),382.0,160.0,427.0,192.0
2024,no entry,389.0,194.0,430.0,262.0
2025,no stopping,302.0,104.0,350.0,154.0
2026,no parking,327.0,119.0,339.0,132.0
2026,no entry,306.0,130.0,399.0,229.0
2027,drive straight or turn right,110.0,169.0,124.0,183.0
2027,drive straight or turn right,361.0,117.0,411.0,170.0
2028,drive straight or turn right,328.0,149.0,378.0,209.0
2029,pedestrian crossing,385.0,259.0,421.0,297.0
203,no parking,455.0,237.0,483.0,270.0
203,no stopping,338.0,273.0,356.0,291.0
203,maximum speed 30km/h,338.0,255.0,356.0,273.0
203,maximum speed 30km/h,208.0,257.0,220.0,269.0
203,pass either side,195.0,270.0,209.0,284.0
203,drive straight or turn left,75.0,262.0,91.0,278.0
203,pass either side,145.0,287.0,151.0,293.0
2030,restricted vehicular access,350.0,145.0,400.0,193.0
2031,restricted vehicular access,341.0,150.0,420.0,231.0
2031,no stopping,317.0,44.0,436.0,165.0
2032,no stopping,258.0,110.0,294.0,168.0
2032,no parking,504.0,173.0,509.0,179.0
2032,no parking,265.0,174.0,268.0,178.0
2033,no stopping,408.0,158.0,464.0,221.0
2033,no entry,20.0,146.0,78.0,215.0
2034,stop,121.0,156.0,191.0,229.0
2036,parking place,372.0,78.0,412.0,121.0
2037,restricted vehicular access,251.0,132.0,280.0,164.0
2038,stop,300.0,147.0,341.0,236.0
2039,roundabout,310.0,179.0,361.0,232.0
2039,give way,302.0,109.0,374.0,178.0
204,pass either side,375.0,281.0,428.0,333.0
204,pass either side,214.0,340.0,236.0,363.0
204,maximum speed 30km/h,427.0,232.0,471.0,274.0
204,bumps in the road,88.0,232.0,139.0,278.0
204,parking place,50.0,292.0,82.0,319.0
204,left turn only ahead,48.0,242.0,90.0,285.0
2040,restricted vehicular access,298.0,149.0,337.0,201.0
2041,pass either side,237.0,250.0,273.0,287.0
2042,restricted vehicular access,43.0,111.0,94.0,162.0
2043,pass either side,205.0,149.0,234.0,179.0
2044,pedestrian crossing,407.0,98.0,453.0,142.0
2045,no parking,370.0,181.0,406.0,217.0
2046,drive straight or turn right,118.0,151.0,168.0,221.0
2047,stop,189.0,173.0,288.0,310.0
2047,turn right,180.0,307.0,250.0,432.0
2048,pedestrian crossing ahead,303.0,97.0,386.0,201.0
2049,pass either side,349.0,207.0,378.0,238.0
205,left turn only ahead,48.0,258.0,87.0,296.0
205,parking place,53.0,300.0,80.0,327.0
205,bumps in the road,123.0,264.0,152.0,288.0
205,bumps in the road,306.0,262.0,333.0,287.0
205,maximum speed 30km/h,424.0,242.0,468.0,287.0
205,pass either side,193.0,310.0,200.0,317.0
2050,roundabout,373.0,148.0,430.0,206.0
2050,drive straight,326.0,180.0,333.0,188.0
2050,give way,366.0,71.0,446.0,147.0
2050,pass either side,191.0,216.0,197.0,223.0
2051,pass either side,24.0,287.0,51.0,313.0
2051,drive straight,466.0,185.0,500.0,226.0
2052,no entry,114.0,196.0,140.0,224.0
2052,no entry,374.0,173.0,436.0,237.0
2053,pedestrian crossing,399.0,218.0,458.0,281.0
2053,pass either side,63.0,299.0,77.0,313.0
2053,pedestrian crossing,67.0,268.0,76.0,276.0
2053,drive straight,55.0,266.0,68.0,278.0
2053,stop,178.0,289.0,191.0,301.0
2053,no entry,182.0,277.0,186.0,289.0
2053,no through road,159.0,276.0,170.0,287.0
2054,pass either side,164.0,334.0,218.0,391.0
2054,no through road,209.0,251.0,224.0,267.0
2054,drive straight,66.0,218.0,101.0,253.0
2054,stop,367.0,279.0,397.0,309.0
2054,no entry,370.0,249.0,392.0,280.0
2054,pedestrian crossing,22.0,235.0,38.0,250.0
2055,turn left,255.0,259.0,309.0,326.0
2055,no entry,247.0,191.0,308.0,259.0
2056,pass either side,90.0,202.0,165.0,283.0
2057,turn right,299.0,235.0,341.0,280.0
2057,give way,293.0,174.0,348.0,234.0
2058,turn right,410.0,257.0,452.0,300.0
2058,give way,404.0,201.0,456.0,257.0
2059,no stopping,330.0,186.0,386.0,241.0
206,pass either side,112.0,297.0,127.0,311.0
206,bumps in the road,92.0,250.0,109.0,265.0
206,parking place,96.0,276.0,105.0,284.0
206,bumps in the road,198.0,276.0,209.0,286.0
206,bumps in the road,340.0,275.0,355.0,289.0
206,maximum speed 30km/h,422.0,251.0,447.0,277.0
2060,maximum speed 30km/h,264.0,121.0,327.0,245.0
2061,pedestrian crossing,407.0,179.0,462.0,237.0
2062,pass either side,374.0,231.0,411.0,268.0
2063,no pedestrians,171.0,12.0,299.0,173.0
2063,no entry,208.0,174.0,266.0,336.0
2063,turn right,192.0,340.0,274.0,502.0
2064,drive straight,276.0,226.0,343.0,294.0
2064,give way,262.0,149.0,354.0,234.0
2064,no stopping,333.0,293.0,360.0,320.0
2064,pedestrian crossing,331.0,266.0,360.0,294.0
2065,drive straight,298.0,250.0,376.0,421.0
2065,give way,330.0,11.0,416.0,269.0
2066,no stopping,388.0,86.0,428.0,131.0
2067,pedestrian crossing,196.0,194.0,208.0,208.0
2067,no stopping,108.0,193.0,119.0,204.0
2067,pedestrian crossing ahead,331.0,102.0,394.0,178.0
2068,maximum speed 30km/h,132.0,182.0,178.0,228.0
2068,bumps in the road,124.0,109.0,188.0,167.0
2068,give way,406.0,185.0,452.0,229.0
2068,drive straight,412.0,221.0,445.0,256.0
2069,pedestrian crossing,422.0,152.0,467.0,197.0
2069,maximum speed 30km/h,177.0,212.0,198.0,233.0
2069,bumps in the road,176.0,178.0,204.0,204.0
207,no stopping,73.0,272.0,95.0,296.0
207,no stopping,385.0,271.0,408.0,293.0
207,maximum speed 30km/h,437.0,290.0,469.0,322.0
207,bumps in the road,430.0,221.0,475.0,260.0
207,parking place,471.0,310.0,479.0,317.0
2070,maximum speed 30km/h,337.0,119.0,378.0,199.0
2071,pedestrian crossing,312.0,192.0,357.0,245.0
2072,other danger,376.0,131.0,428.0,194.0
2073,no parking,73.0,295.0,103.0,328.0
2073,no parking,445.0,281.0,470.0,310.0
2074,other danger,105.0,143.0,166.0,203.0
2074,drive straight,256.0,205.0,264.0,213.0
2074,parking place,340.0,211.0,346.0,217.0
2075,restricted vehicular access,56.0,89.0,76.0,110.0
2076,restricted vehicular access,416.0,192.0,459.0,273.0
2077,parking place,387.0,114.0,458.0,190.0
2077,no large goods,418.0,157.0,475.0,236.0
2078,drive straight,96.0,248.0,118.0,275.0
2078,no parking,439.0,236.0,455.0,257.0
2079,no parking,377.0,141.0,415.0,184.0
208,no stopping,336.0,177.0,463.0,366.0
208,parking place,21.0,415.0,46.0,440.0
2080,turn left,379.0,81.0,430.0,137.0
2081,keep left,279.0,198.0,325.0,246.0
2081,keep left,451.0,224.0,464.0,245.0
2081,pedestrian crossing,172.0,182.0,187.0,197.0
2082,keep left,450.0,358.0,475.0,383.0
2082,pass either side,109.0,342.0,134.0,368.0
2083,no stopping,390.0,126.0,433.0,174.0
2083,maximum speed 30km/h,401.0,81.0,444.0,129.0
2084,pedestrian crossing,369.0,239.0,418.0,293.0
2085,pedestrian crossing,430.0,181.0,460.0,212.0
2085,pedestrian crossing,449.0,128.0,460.0,141.0
2085,no entry,46.0,111.0,58.0,123.0
2085,other,48.0,126.0,67.0,157.0
2086,other danger,371.0,133.0,438.0,195.0
2086,maximum speed 30km/h,379.0,91.0,429.0,145.0
2087,no stopping,305.0,125.0,340.0,167.0
2088,pedestrian crossing,403.0,332.0,428.0,360.0
2089,pass either side,25.0,268.0,57.0,299.0
2089,no stopping,333.0,228.0,341.0,243.0
2089,pedestrian crossing,435.0,223.0,459.0,250.0
2089,other,434.0,247.0,459.0,271.0
209,parking place,344.0,254.0,394.0,309.0
209,drive straight,208.0,258.0,233.0,285.0
2090,no parking,144.0,118.0,172.0,147.0
2091,no parking,300.0,261.0,311.0,279.0
2091,no parking,451.0,151.0,473.0,173.0
2091,pedestrian crossing,64.0,124.0,103.0,168.0
2092,no entry,25.0,100.0,61.0,139.0
2093,no parking,365.0,89.0,407.0,136.0
2094,no stopping,86.0,101.0,149.0,197.0
2095,no parking,425.0,238.0,465.0,293.0
2095,no entry,2.0,53.0,18.0,72.0
2096,pass either side,284.0,343.0,360.0,419.0
2096,no overtaking,70.0,166.0,108.0,205.0
2096,maximum speed 40km/h,70.0,126.0,108.0,165.0
2097,drive straight,367.0,157.0,411.0,202.0
2098,no entry,191.0,110.0,234.0,192.0
2098,no entry,259.0,144.0,286.0,185.0
2099,drive straight,16.0,280.0,44.0,308.0
2099,maximum speed 30km/h,421.0,188.0,479.0,247.0
2099,no overtaking,418.0,249.0,478.0,308.0
21,no parking,118.0,96.0,137.0,121.0
21,parking place,117.0,124.0,125.0,133.0
210,pass either side,120.0,322.0,175.0,385.0
210,parking place,143.0,167.0,186.0,213.0
210,bumps in the road,123.0,17.0,211.0,100.0
210,no stopping,222.0,115.0,272.0,170.0
210,maximum speed 30km/h,223.0,204.0,269.0,260.0
2100,other,51.0,168.0,126.0,237.0
2100,drive straight,422.0,194.0,475.0,292.0
2101,drive straight,329.0,252.0,383.0,317.0
2101,stop,319.0,167.0,391.0,252.0
2102,pass either side,160.0,236.0,210.0,309.0
2102,no overtaking,41.0,213.0,110.0,287.0
2102,maximum speed 40km/h,41.0,136.0,112.0,211.0
2103,drive straight,452.0,267.0,504.0,327.0
2103,drive straight,63.0,262.0,130.0,330.0
2103,maximum speed 30km/h,26.0,295.0,68.0,339.0
2103,maximum speed 30km/h,1.0,265.0,23.0,290.0
2103,other danger,1.0,225.0,27.0,255.0
2104,drive straight,405.0,183.0,462.0,245.0
2104,drive straight,37.0,226.0,45.0,234.0
2104,give way,33.0,243.0,50.0,257.0
2105,pass either side,41.0,324.0,59.0,344.0
2105,restricted vehicular access,423.0,244.0,439.0,264.0
2105,stop,381.0,263.0,392.0,282.0
2105,turn right,381.0,283.0,391.0,301.0
2106,turn right,90.0,338.0,119.0,399.0
2106,stop,91.0,277.0,122.0,338.0
2106,restricted vehicular access,392.0,87.0,477.0,217.0
2107,no parking,382.0,122.0,432.0,175.0
2108,no entry,182.0,119.0,255.0,210.0
2108,turn right,174.0,211.0,261.0,302.0
2109,drive straight,373.0,142.0,412.0,183.0
211,no stopping,369.0,133.0,470.0,236.0
211,bumps in the road,113.0,304.0,203.0,385.0
2110,no stopping,39.0,197.0,102.0,262.0
2110,one-way traffic (right),357.0,153.0,479.0,189.0
2110,restricted vehicular access,393.0,193.0,443.0,243.0
2111,no entry,143.0,82.0,195.0,174.0
2112,turn right,439.0,192.0,470.0,235.0
2112,stop,443.0,149.0,478.0,192.0
2112,drive straight,163.0,211.0,170.0,218.0
2113,turn right,34.0,192.0,110.0,283.0
2113,stop,23.0,100.0,108.0,192.0
2114,restricted vehicular access,132.0,175.0,149.0,206.0
2114,drive straight,323.0,53.0,408.0,144.0
2115,restricted vehicular access,200.0,115.0,278.0,213.0
2116,no parking,176.0,194.0,183.0,205.0
2116,no parking,316.0,68.0,385.0,143.0
2117,no entry,399.0,434.0,429.0,490.0
2118,stop,353.0,189.0,400.0,237.0
2118,turn right,354.0,237.0,400.0,284.0
2119,no entry,197.0,47.0,270.0,135.0
212,turn left,444.0,222.0,484.0,265.0
212,restricted vehicular access,213.0,242.0,231.0,261.0
212,restricted vehicular access,26.0,254.0,45.0,271.0
2120,no entry,287.0,104.0,362.0,208.0
2120,turn left,272.0,215.0,373.0,317.0
2121,pass either side,226.0,251.0,248.0,287.0
2122,pass either side,195.0,246.0,202.0,270.0
2122,pass either side,108.0,220.0,124.0,236.0
2122,keep right,411.0,269.0,454.0,313.0
2123,other danger,307.0,65.0,440.0,190.0
2124,bend to right,367.0,229.0,405.0,263.0
2124,maximum speed 30km/h,372.0,263.0,399.0,290.0
2125,pass either side,80.0,260.0,103.0,282.0
2126,no stopping,205.0,103.0,262.0,166.0
2127,no parking,59.0,187.0,98.0,235.0
2127,keep left,63.0,289.0,98.0,336.0
2128,cycle lane,290.0,89.0,304.0,106.0
2128,other,226.0,29.0,243.0,50.0
2128,keep right,317.0,235.0,340.0,302.0
2128,no entry,312.0,165.0,351.0,234.0
2129,parking place,223.0,207.0,239.0,243.0
2129,no parking,226.0,120.0,262.0,205.0
213,parking place,145.0,314.0,188.0,367.0
2130,keep right,231.0,319.0,280.0,435.0
2130,pedestrian crossing,427.0,196.0,434.0,202.0
2131,pedestrian crossing,267.0,88.0,278.0,99.0
2131,other danger,267.0,55.0,281.0,67.0
2131,turn right,417.0,172.0,452.0,252.0
2132,maximum speed 30km/h,241.0,277.0,368.0,416.0
2132,no parking,274.0,172.0,337.0,240.0
2132,restricted vehicular access,257.0,74.0,341.0,168.0
2133,pedestrian crossing,316.0,25.0,373.0,87.0
2134,no stopping,7.0,31.0,78.0,104.0
2135,other danger,295.0,164.0,372.0,235.0
2136,maximum speed 30km/h,77.0,189.0,105.0,218.0
2136,no parking,245.0,225.0,267.0,248.0
2136,restricted vehicular access,440.0,248.0,455.0,263.0
2137,no stopping,227.0,145.0,298.0,220.0
2138,restricted vehicular access,339.0,387.0,408.0,462.0
2139,no parking,402.0,395.0,452.0,460.0
214,no stopping,293.0,238.0,353.0,303.0
214,no pedestrians,107.0,262.0,130.0,285.0
2140,children,310.0,134.0,409.0,236.0
2141,keep right,128.0,233.0,163.0,269.0
2142,no parking,390.0,349.0,438.0,399.0
2142,parking place,390.0,403.0,409.0,422.0
2143,no parking,329.0,118.0,358.0,148.0
2144,pedestrian crossing,149.0,277.0,164.0,292.0
2145,pedestrian crossing,443.0,297.0,458.0,314.0
2145,keep left,329.0,285.0,340.0,295.0
2145,keep right,122.0,295.0,139.0,315.0
2145,keep left,184.0,274.0,188.0,278.0
2146,keep left,274.0,246.0,306.0,279.0
2147,parking place,377.0,211.0,391.0,228.0
2147,no parking,172.0,245.0,182.0,262.0
2147,no parking,375.0,161.0,411.0,206.0
2148,maximum speed 30km/h,227.0,38.0,266.0,79.0
2149,other danger,107.0,29.0,145.0,132.0
215,no stopping,286.0,273.0,327.0,319.0
215,maximum speed 30km/h,288.0,227.0,328.0,273.0
215,bumps in the road,126.0,242.0,170.0,284.0
2150,no parking,358.0,113.0,398.0,155.0
2150,no parking,55.0,104.0,89.0,141.0
2151,no parking,371.0,151.0,410.0,191.0
2152,maximum speed 30km/h,137.0,170.0,171.0,232.0
2152,other danger,388.0,163.0,446.0,220.0
2153,no parking,55.0,325.0,83.0,355.0
2153,no parking,414.0,353.0,423.0,363.0
2154,no parking,93.0,233.0,122.0,263.0
2154,no entry,85.0,295.0,129.0,341.0
2154,no stopping,437.0,281.0,449.0,293.0
2155,no stopping,56.0,249.0,131.0,326.0
2155,no stopping,463.0,298.0,483.0,321.0
2156,stop,358.0,183.0,400.0,236.0
2157,no entry,89.0,237.0,126.0,274.0
2157,no entry,419.0,294.0,450.0,331.0
2158,no parking,318.0,209.0,366.0,255.0
2158,restricted vehicular access,305.0,139.0,379.0,212.0
2159,no parking,394.0,152.0,458.0,217.0
2159,no parking,280.0,209.0,298.0,227.0
216,parking place,48.0,90.0,157.0,202.0
2160,roundabout,400.0,193.0,430.0,225.0
2160,give way,400.0,138.0,440.0,180.0
2160,keep right,18.0,201.0,37.0,219.0
2161,no parking,51.0,173.0,91.0,214.0
2161,restricted vehicular access,40.0,103.0,100.0,167.0
2162,children,170.0,29.0,254.0,123.0
2163,children,135.0,282.0,169.0,326.0
2164,children,234.0,89.0,287.0,139.0
2165,no entry,295.0,113.0,341.0,175.0
2165,no entry,256.0,83.0,259.0,88.0
2166,no entry,382.0,51.0,420.0,128.0
2167,turn right,368.0,109.0,406.0,161.0
2167,stop,366.0,54.0,407.0,108.0
2168,no entry,310.0,155.0,345.0,191.0
2169,no entry,86.0,145.0,121.0,184.0
217,pedestrian crossing,279.0,254.0,295.0,304.0
217,no stopping,146.0,265.0,161.0,285.0
217,no parking,197.0,282.0,205.0,291.0
217,no parking,362.0,275.0,371.0,284.0
217,parking place,362.0,286.0,366.0,290.0
2170,pedestrian crossing,429.0,143.0,465.0,179.0
2171,no stopping,126.0,197.0,149.0,221.0
2171,pedestrian crossing,382.0,120.0,451.0,188.0
2171,drive straight,389.0,212.0,454.0,274.0
2172,no stopping,193.0,1.0,244.0,43.0
2173,pedestrian crossing,65.0,135.0,105.0,185.0
2174,maximum speed 30km/h,70.0,191.0,83.0,204.0
2174,no parking,136.0,181.0,149.0,193.0
2174,parking place,137.0,195.0,142.0,200.0
2174,parking place,367.0,164.0,443.0,237.0
2174,no stopping,372.0,106.0,446.0,169.0
2175,maximum speed 30km/h,326.0,85.0,384.0,159.0
2176,no parking,84.0,98.0,125.0,145.0
2176,pedestrian crossing,430.0,296.0,476.0,415.0
2177,keep left,333.0,195.0,374.0,256.0
2178,restricted vehicular access,148.0,131.0,166.0,151.0
2178,pedestrian crossing,104.0,187.0,130.0,212.0
2178,keep left,278.0,201.0,308.0,233.0
2179,restricted vehicular access,127.0,115.0,205.0,199.0
218,no stopping,28.0,234.0,96.0,308.0
218,no stopping,443.0,269.0,461.0,287.0
218,no stopping,301.0,277.0,315.0,291.0
218,pedestrian crossing,367.0,279.0,393.0,304.0
2180,maximum speed 30km/h,352.0,134.0,404.0,185.0
2180,no parking,354.0,182.0,406.0,238.0
2181,other danger,230.0,125.0,320.0,229.0
2182,other danger,386.0,114.0,442.0,164.0
2182,other danger,213.0,127.0,236.0,155.0
2183,no parking,171.0,124.0,195.0,173.0
2183,no parking,63.0,217.0,68.0,223.0
2184,no stopping,123.0,131.0,180.0,186.0
2184,pedestrian crossing,186.0,199.0,192.0,205.0
2184,parking place,460.0,200.0,464.0,207.0
2185,no parking,339.0,216.0,357.0,253.0
2185,turn right,324.0,104.0,380.0,161.0
2186,no parking,389.0,104.0,455.0,172.0
2187,give way,365.0,215.0,455.0,292.0
2187,drive straight,378.0,293.0,440.0,356.0
2187,no parking,169.0,181.0,183.0,197.0
2187,pedestrian crossing ahead,138.0,171.0,167.0,202.0
2187,maximum speed 30km/h,125.0,167.0,146.0,192.0
2188,no parking,275.0,164.0,308.0,216.0
2188,pedestrian crossing ahead,179.0,125.0,263.0,245.0
2188,maximum speed 30km/h,119.0,114.0,202.0,213.0
2189,keep left,58.0,216.0,80.0,242.0
2189,other danger,392.0,112.0,448.0,162.0
219,maximum speed 30km/h,315.0,220.0,383.0,288.0
2190,no stopping,164.0,1.0,218.0,101.0
2191,pedestrian crossing,318.0,55.0,376.0,118.0
2191,pedestrian crossing,114.0,127.0,126.0,140.0
2191,pedestrian crossing,72.0,170.0,84.0,182.0
2191,cycle lane,186.0,112.0,204.0,132.0
2191,keep left,73.0,156.0,85.0,170.0
2192,bumps in the road,30.0,382.0,91.0,437.0
2193,parking place,179.0,220.0,212.0,255.0
2194,no stopping,260.0,124.0,326.0,196.0
2195,parking place,50.0,168.0,61.0,181.0
2195,give way,298.0,97.0,379.0,175.0
2195,roundabout,295.0,164.0,351.0,223.0
2195,turn left,373.0,163.0,387.0,176.0
2196,parking place,337.0,90.0,371.0,129.0
2196,parking place,109.0,127.0,115.0,134.0
2197,parking place,30.0,180.0,63.0,213.0
2197,parking place,400.0,239.0,409.0,250.0
2198,parking place,367.0,187.0,408.0,234.0
2199,no stopping,120.0,180.0,173.0,234.0
22,no entry,85.0,65.0,125.0,104.0
220,no stopping,140.0,174.0,200.0,236.0
220,pedestrian crossing,174.0,182.0,214.0,223.0
220,drive straight,228.0,235.0,237.0,247.0
220,give way,224.0,220.0,240.0,233.0
2200,no entry,163.0,182.0,210.0,233.0
2201,parking place,176.0,201.0,201.0,225.0
2202,parking place,98.0,235.0,147.0,281.0
2203,no stopping,395.0,171.0,453.0,246.0
2204,parking place,166.0,326.0,199.0,356.0
2204,pedestrian crossing,166.0,294.0,199.0,326.0
2205,no stopping,90.0,111.0,135.0,163.0
2205,no stopping,427.0,121.0,452.0,160.0
2206,stop,289.0,190.0,395.0,326.0
2206,drive straight or turn right,302.0,327.0,399.0,464.0
2206,no parking,56.0,260.0,160.0,368.0
2207,no entry,101.0,188.0,129.0,220.0
2208,no entry,218.0,91.0,275.0,158.0
2209,drive straight or turn left,18.0,103.0,86.0,192.0
2209,stop,21.0,23.0,88.0,110.0
221,pedestrian crossing,44.0,204.0,113.0,276.0
221,drive straight,364.0,287.0,375.0,299.0
221,give way,361.0,272.0,377.0,286.0
2210,pedestrian crossing,371.0,336.0,418.0,385.0
2211,pedestrian crossing,122.0,360.0,154.0,396.0
2211,parking place,361.0,372.0,390.0,399.0
2212,parking place,159.0,213.0,192.0,251.0
2212,pedestrian crossing,268.0,214.0,316.0,286.0
2212,no entry,392.0,227.0,412.0,274.0
2213,parking place,105.0,237.0,187.0,333.0
2213,parking place,436.0,214.0,491.0,306.0
2214,parking place,213.0,186.0,234.0,208.0
2214,no stopping,378.0,144.0,461.0,231.0
2215,stop,138.0,186.0,193.0,245.0
2215,turn left,138.0,248.0,193.0,304.0
2215,pedestrian crossing,355.0,195.0,380.0,255.0
2216,no entry,318.0,94.0,376.0,177.0
2216,turn right,317.0,177.0,374.0,260.0
2217,parking place,290.0,135.0,350.0,199.0
2218,parking place,1.0,320.0,90.0,441.0
2219,parking place,231.0,78.0,291.0,221.0
222,drive straight,422.0,257.0,480.0,315.0
222,give way,408.0,185.0,489.0,257.0
222,no stopping,183.0,209.0,213.0,240.0
222,no overtaking,138.0,220.0,152.0,235.0
222,maximum speed 30km/h,138.0,235.0,153.0,249.0
222,pedestrian crossing,121.0,224.0,134.0,235.0
222,parking place,110.0,223.0,118.0,230.0
222,pass either side,114.0,242.0,121.0,250.0
222,one-way traffic,161.0,220.0,180.0,238.0
2220,parking place,382.0,226.0,392.0,248.0
2220,no parking,375.0,163.0,401.0,218.0
2220,no entry,281.0,216.0,315.0,277.0
2221,parking place,162.0,200.0,211.0,252.0
2222,parking place,353.0,173.0,393.0,213.0
2223,no entry,317.0,169.0,354.0,218.0
2224,drive straight or turn left,39.0,14.0,77.0,54.0
2224,no entry,28.0,38.0,54.0,70.0
2225,no parking,457.0,236.0,485.0,264.0
2225,no parking,97.0,221.0,105.0,229.0
2225,parking place,358.0,127.0,406.0,181.0
2225,no parking,392.0,300.0,398.0,311.0
2225,stop,28.0,203.0,37.0,211.0
2225,stop,37.0,202.0,43.0,209.0
2225,drive straight or turn right,29.0,212.0,37.0,222.0
2225,no parking,39.0,216.0,43.0,222.0
2225,no parking,332.0,231.0,336.0,239.0
2226,stop,293.0,177.0,341.0,229.0
2226,stop,186.0,192.0,212.0,221.0
2226,drive straight or turn right,294.0,230.0,343.0,283.0
2226,drive straight or turn left,185.0,221.0,211.0,247.0
2226,no parking,484.0,263.0,512.0,298.0
2227,no entry,27.0,219.0,91.0,324.0
2228,parking place,358.0,193.0,421.0,256.0
2229,parking place,350.0,155.0,398.0,205.0
2229,parking place,144.0,180.0,168.0,206.0
2229,pedestrian crossing,211.0,178.0,241.0,208.0
2229,pedestrian crossing,59.0,194.0,72.0,208.0
2229,pedestrian crossing ahead,46.0,197.0,60.0,212.0
223,no overtaking,353.0,249.0,379.0,279.0
223,maximum speed 30km/h,352.0,278.0,379.0,306.0
223,pedestrian crossing,249.0,260.0,266.0,278.0
223,parking place,202.0,263.0,209.0,270.0
223,pass either side,177.0,282.0,182.0,289.0
223,no stopping,101.0,268.0,108.0,275.0
2230,no parking,320.0,107.0,358.0,151.0
2230,no parking,146.0,133.0,165.0,154.0
2230,no parking,52.0,144.0,63.0,157.0
2231,no parking,350.0,88.0,418.0,165.0
2231,no parking,368.0,171.0,400.0,203.0
2231,parking place,366.0,205.0,382.0,222.0
2231,parking place,84.0,124.0,108.0,170.0
2232,no parking,410.0,68.0,431.0,92.0
2232,parking place,407.0,17.0,423.0,37.0
2232,parking place,409.0,95.0,418.0,107.0
2232,parking place,37.0,77.0,56.0,100.0
2233,no parking,26.0,127.0,55.0,164.0
2233,no parking,382.0,135.0,420.0,176.0
2234,no stopping,52.0,257.0,67.0,273.0
2234,give way,65.0,220.0,108.0,259.0
2234,roundabout,71.0,257.0,103.0,287.0
2234,drive straight or turn right,432.0,209.0,476.0,282.0
2234,no entry,333.0,260.0,344.0,273.0
2235,no stopping,198.0,69.0,255.0,128.0
2236,drive straight,375.0,146.0,409.0,206.0
2237,roundabout,124.0,241.0,175.0,320.0
2237,give way,113.0,138.0,180.0,243.0
2238,no entry,415.0,198.0,446.0,234.0
2238,stop,69.0,190.0,93.0,215.0
2238,turn right,70.0,215.0,94.0,240.0
2239,no entry,316.0,148.0,378.0,215.0
224,no entry,40.0,247.0,108.0,323.0
224,no pedestrians,40.0,325.0,107.0,402.0
224,no parking,148.0,315.0,153.0,322.0
224,pedestrian crossing,200.0,319.0,207.0,328.0
224,pedestrian crossing,233.0,316.0,243.0,328.0
224,pedestrian lane,322.0,320.0,336.0,335.0
2240,pedestrian crossing,255.0,178.0,287.0,224.0
2241,pedestrian crossing ahead,343.0,176.0,383.0,215.0
2241,other,344.0,136.0,382.0,176.0
2242,pedestrian crossing ahead,253.0,63.0,301.0,133.0
2243,drive straight,198.0,60.0,259.0,276.0
2244,give way,333.0,92.0,414.0,167.0
2244,roundabout,344.0,156.0,403.0,212.0
2244,pedestrian crossing,156.0,140.0,185.0,169.0
2244,no stopping,97.0,167.0,107.0,177.0
2245,no stopping,293.0,147.0,335.0,193.0
2246,turn left,152.0,148.0,219.0,221.0
2247,turn left,437.0,165.0,473.0,209.0
2247,give way,53.0,190.0,77.0,212.0
2248,restricted vehicular access,63.0,93.0,82.0,112.0
2248,drive straight,268.0,42.0,288.0,66.0
2248,pedestrian crossing,266.0,92.0,299.0,127.0
2249,restricted vehicular access,207.0,80.0,226.0,147.0
225,no entry,324.0,212.0,428.0,327.0
225,no pedestrians,328.0,329.0,432.0,445.0
2250,restricted vehicular access,1.0,155.0,54.0,214.0
2250,restricted vehicular access,468.0,168.0,494.0,207.0
2251,no stopping,88.0,95.0,156.0,172.0
2251,give way,304.0,184.0,322.0,201.0
2251,roundabout,308.0,199.0,321.0,213.0
2252,restricted vehicular access,351.0,318.0,434.0,402.0
2253,give way,382.0,127.0,442.0,183.0
2253,turn right,392.0,174.0,435.0,220.0
2253,parking place,375.0,165.0,382.0,175.0
2253,restricted vehicular access,99.0,175.0,112.0,188.0
2254,no entry,131.0,178.0,149.0,210.0
2254,no entry,408.0,111.0,445.0,171.0
2255,restricted vehicular access,73.0,101.0,118.0,152.0
2255,no stopping,471.0,158.0,479.0,168.0
2256,no parking,308.0,194.0,358.0,250.0
2256,no entry,102.0,203.0,153.0,259.0
2257,no stopping,35.0,111.0,61.0,137.0
2257,no stopping,413.0,112.0,435.0,135.0
2258,parking place,151.0,140.0,166.0,167.0
2258,pedestrian crossing,396.0,141.0,420.0,165.0
2259,give way,307.0,81.0,370.0,137.0
226,no stopping,76.0,240.0,118.0,282.0
226,pedestrian crossing,398.0,254.0,416.0,272.0
2260,maximum speed 40km/h,249.0,167.0,285.0,234.0
2261,give way,400.0,148.0,450.0,199.0
2261,no stopping,30.0,153.0,55.0,178.0
2262,right turn only ahead,31.0,215.0,97.0,340.0
2263,pedestrian crossing,15.0,213.0,30.0,228.0
2263,give way,112.0,223.0,144.0,255.0
2263,give way,294.0,206.0,318.0,230.0
2263,roundabout ahead,381.0,193.0,454.0,264.0
2264,pedestrian crossing,382.0,321.0,448.0,390.0
2265,pedestrian crossing,244.0,299.0,299.0,354.0
2266,give way,308.0,252.0,374.0,311.0
2266,pedestrian crossing,60.0,285.0,131.0,358.0
2267,roundabout,423.0,196.0,433.0,208.0
2267,keep right,68.0,237.0,92.0,259.0
2267,give way,421.0,181.0,436.0,195.0
2267,give way,453.0,202.0,482.0,228.0
2268,give way,357.0,142.0,446.0,221.0
2268,roundabout,368.0,223.0,434.0,290.0
2269,no stopping,287.0,182.0,338.0,235.0
2269,maximum speed 30km/h,284.0,129.0,336.0,181.0
227,pass either side,417.0,329.0,484.0,396.0
227,drive straight,305.0,199.0,319.0,219.0
227,give way,302.0,176.0,323.0,198.0
227,pedestrian crossing,103.0,189.0,118.0,204.0
2270,no stopping,452.0,121.0,484.0,151.0
2270,maximum speed 30km/h,447.0,155.0,476.0,186.0
2270,keep left,58.0,200.0,86.0,229.0
2271,two-way traffic,343.0,85.0,462.0,192.0
2271,no stopping,360.0,194.0,444.0,281.0
2271,maximum speed 40km/h,166.0,101.0,203.0,138.0
2271,pedestrian crossing,86.0,121.0,116.0,148.0
2271,pedestrian crossing ahead,50.0,125.0,72.0,145.0
2272,pedestrian crossing,55.0,190.0,89.0,222.0
2272,pedestrian crossing ahead,381.0,194.0,402.0,215.0
2273,pedestrian crossing,274.0,132.0,312.0,197.0
2273,pedestrian crossing,229.0,132.0,272.0,193.0
2274,pedestrian crossing ahead,176.0,137.0,246.0,211.0
2275,two-way traffic,166.0,115.0,259.0,228.0
2275,no stopping,181.0,224.0,243.0,310.0
2276,maximum speed 40km/h,305.0,168.0,369.0,238.0
2276,no overtaking,308.0,240.0,370.0,308.0
2276,two-way traffic,31.0,197.0,49.0,212.0
2276,no stopping,34.0,211.0,46.0,223.0
2276,other,12.0,199.0,22.0,209.0
2277,give way,397.0,195.0,428.0,227.0
2277,turn left,399.0,228.0,421.0,252.0
2277,keep right,33.0,244.0,45.0,256.0
2277,roundabout,98.0,225.0,103.0,232.0
2277,give way,97.0,216.0,106.0,225.0
2278,give way,297.0,81.0,336.0,120.0
2278,keep right,70.0,290.0,162.0,381.0
2278,roundabout,296.0,124.0,329.0,156.0
2278,restricted vehicular access,339.0,64.0,351.0,79.0
2278,no entry,60.0,86.0,68.0,96.0
2278,turn right,60.0,97.0,68.0,106.0
2279,restricted vehicular access,45.0,64.0,68.0,91.0
2279,roundabout,293.0,221.0,441.0,367.0
2279,give way,290.0,41.0,476.0,219.0
228,drive straight,53.0,286.0,87.0,319.0
228,give way,50.0,244.0,96.0,286.0
228,no stopping,410.0,235.0,470.0,294.0
228,pedestrian crossing,51.0,265.0,74.0,285.0
228,no stopping,114.0,276.0,127.0,289.0
228,no entry,22.0,283.0,32.0,293.0
2280,restricted vehicular access,188.0,188.0,245.0,297.0
2281,pedestrian crossing,403.0,154.0,428.0,179.0
2281,pedestrian crossing,156.0,179.0,172.0,197.0
2282,maximum speed 40km/h,41.0,175.0,141.0,275.0
2282,stop,333.0,180.0,358.0,209.0
2282,turn right,335.0,208.0,353.0,240.0
2283,no stopping,253.0,107.0,371.0,246.0
2284,stop,326.0,140.0,382.0,197.0
2284,turn right,325.0,197.0,374.0,253.0
2285,roundabout ahead,252.0,76.0,362.0,234.0
2285,maximum speed 30km/h,238.0,235.0,343.0,360.0
2286,pedestrian crossing,289.0,231.0,334.0,276.0
2286,roundabout,215.0,261.0,240.0,287.0
2286,give way,209.0,228.0,245.0,261.0
2287,roundabout ahead,214.0,187.0,265.0,246.0
2287,maximum speed 30km/h,222.0,248.0,261.0,297.0
2288,keep left,243.0,117.0,316.0,191.0
2288,keep left,125.0,36.0,174.0,87.0
2289,pedestrian crossing,126.0,160.0,156.0,204.0
229,maximum speed 30km/h,139.0,274.0,184.0,321.0
229,no stopping,403.0,288.0,424.0,309.0
229,no entry,220.0,298.0,233.0,310.0
229,no entry,262.0,288.0,274.0,302.0
229,no pedestrians,220.0,280.0,233.0,294.0
229,no pedestrians,261.0,275.0,273.0,289.0
2290,pedestrian crossing ahead,170.0,94.0,233.0,166.0
2291,pedestrian crossing,353.0,174.0,421.0,245.0
2291,no stopping,353.0,101.0,418.0,170.0
2291,pedestrian crossing ahead,26.0,156.0,79.0,204.0
2291,no stopping,78.0,182.0,90.0,197.0
2292,pedestrian crossing,279.0,222.0,330.0,281.0
2293,pedestrian crossing,283.0,75.0,326.0,126.0
2294,no large goods,96.0,128.0,145.0,190.0
2295,no stopping,214.0,76.0,287.0,211.0
2296,keep left,351.0,220.0,389.0,258.0
2297,keep left,94.0,147.0,120.0,173.0
2298,pedestrian crossing,298.0,55.0,384.0,159.0
2298,pedestrian crossing,192.0,159.0,223.0,195.0
2299,pedestrian crossing,359.0,76.0,409.0,133.0
23,no parking,65.0,84.0,78.0,123.0
23,no parking,142.0,58.0,166.0,94.0
23,parking place,143.0,101.0,152.0,115.0
230,no pedestrians,257.0,261.0,282.0,287.0
230,no pedestrians,413.0,233.0,454.0,273.0
230,no entry,256.0,300.0,282.0,326.0
230,no entry,415.0,272.0,455.0,311.0
2300,pedestrian crossing,70.0,175.0,95.0,207.0
2300,pedestrian crossing,363.0,138.0,414.0,195.0
2301,no stopping,301.0,143.0,372.0,217.0
2302,maximum speed 40km/h,303.0,130.0,358.0,186.0
2302,pedestrian crossing,14.0,143.0,22.0,152.0
2303,pedestrian crossing,12.0,195.0,59.0,244.0
2303,pedestrian crossing,471.0,207.0,494.0,232.0
2303,drive straight,436.0,229.0,447.0,246.0
2304,drive straight,182.0,128.0,230.0,183.0
2305,turn left,351.0,186.0,386.0,225.0
2306,pedestrian crossing,52.0,21.0,118.0,141.0
2306,pedestrian crossing,48.0,147.0,70.0,185.0
2307,pedestrian crossing ahead,356.0,125.0,399.0,162.0
2308,pedestrian crossing,88.0,79.0,120.0,116.0
2308,pedestrian crossing,406.0,62.0,438.0,95.0
2309,other danger,384.0,48.0,457.0,117.0
2309,pedestrian crossing,89.0,116.0,97.0,125.0
2310,no parking,258.0,108.0,329.0,181.0
2311,pedestrian crossing,56.0,182.0,75.0,227.0
2312,pedestrian crossing,12.0,216.0,49.0,259.0
2312,other danger,353.0,153.0,449.0,240.0
2313,left turn only ahead,130.0,159.0,189.0,220.0
2313,drive straight,297.0,216.0,323.0,242.0
2313,turn left,33.0,220.0,42.0,233.0
2314,pedestrian crossing,56.0,127.0,106.0,180.0
2315,pedestrian crossing ahead,115.0,91.0,213.0,175.0
2315,maximum speed 40km/h,181.0,108.0,207.0,140.0
2316,pedestrian crossing,379.0,128.0,447.0,208.0
2316,pedestrian crossing,88.0,171.0,115.0,212.0
2317,pedestrian crossing,425.0,69.0,484.0,129.0
2317,pedestrian crossing,53.0,103.0,61.0,111.0
2317,bend to right,257.0,80.0,283.0,104.0
2318,no parking,66.0,286.0,93.0,313.0
2318,no parking,421.0,348.0,437.0,368.0
2319,pedestrian crossing,362.0,85.0,394.0,136.0
232,pass either side,42.0,359.0,109.0,432.0
232,no entry,207.0,89.0,219.0,104.0
2320,keep right,66.0,199.0,100.0,240.0
2321,no parking,405.0,201.0,467.0,264.0
2321,pedestrian crossing,146.0,230.0,183.0,278.0
2322,no entry,381.0,247.0,410.0,277.0
2322,no entry,170.0,251.0,193.0,278.0
2323,give way,269.0,220.0,350.0,292.0
2323,roundabout,278.0,292.0,339.0,349.0
2323,pass either side,233.0,343.0,249.0,360.0
2323,no entry,118.0,320.0,123.0,335.0
2324,pass either side,237.0,263.0,299.0,327.0
2325,other danger,269.0,199.0,335.0,257.0
2326,roundabout,228.0,217.0,279.0,314.0
2326,give way,215.0,83.0,282.0,217.0
2327,pass either side,315.0,273.0,383.0,343.0
2327,roundabout,169.0,196.0,186.0,224.0
2327,no entry,59.0,180.0,106.0,228.0
2327,give way,161.0,156.0,190.0,194.0
2328,no entry,55.0,208.0,103.0,262.0
2328,keep right,55.0,261.0,105.0,312.0
2328,roundabout,391.0,193.0,417.0,218.0
2328,give way,385.0,157.0,422.0,192.0
2328,give way,10.0,196.0,16.0,212.0
2328,turn right,46.0,214.0,58.0,231.0
2328,keep right,184.0,207.0,190.0,215.0
2328,other danger,348.0,167.0,360.0,183.0
2329,no entry,320.0,150.0,369.0,207.0
233,give way,428.0,46.0,466.0,121.0
2330,keep right,1.0,437.0,19.0,480.0
2330,no entry,59.0,307.0,83.0,336.0
2330,no entry,454.0,308.0,483.0,335.0
2331,no entry,237.0,271.0,290.0,333.0
2331,keep right,236.0,334.0,293.0,396.0
2331,give way,308.0,230.0,328.0,250.0
2331,give way,97.0,243.0,117.0,262.0
2331,roundabout,100.0,263.0,114.0,278.0
2331,pass either side,141.0,275.0,157.0,291.0
2331,turn right,310.0,251.0,325.0,266.0
2332,no entry,53.0,217.0,88.0,254.0
2332,no parking,105.0,234.0,113.0,244.0
2332,restricted vehicular access,105.0,223.0,112.0,232.0
2333,restricted vehicular access,142.0,48.0,188.0,98.0
2333,no parking,139.0,123.0,189.0,174.0
2334,no entry,62.0,242.0,87.0,273.0
2335,no entry,231.0,158.0,277.0,205.0
2336,parking place,156.0,140.0,206.0,206.0
2337,restricted vehicular access,82.0,95.0,105.0,136.0
2337,no parking,83.0,152.0,106.0,192.0
2338,no entry,303.0,129.0,349.0,176.0
2338,turn right,305.0,177.0,350.0,224.0
2338,drive straight or turn left,89.0,185.0,98.0,194.0
2339,no entry,278.0,84.0,300.0,134.0
234,no entry,241.0,172.0,288.0,282.0
2340,no parking,295.0,229.0,329.0,271.0
2340,parking place,295.0,272.0,305.0,285.0
2341,stop,379.0,152.0,462.0,243.0
2341,turn left,378.0,245.0,463.0,336.0
2341,no entry,361.0,230.0,409.0,313.0
2342,no entry,128.0,187.0,306.0,365.0
2342,turn left,417.0,217.0,471.0,406.0
2342,stop,412.0,26.0,461.0,217.0
2343,no entry,406.0,175.0,442.0,220.0
2343,no entry,118.0,238.0,127.0,248.0
2344,parking place,188.0,193.0,252.0,265.0
2345,turn right,410.0,310.0,453.0,353.0
2345,no entry,233.0,217.0,259.0,262.0
2345,no entry,116.0,206.0,136.0,228.0
2345,no entry,83.0,228.0,101.0,267.0
2346,no large goods,420.0,167.0,453.0,200.0
2346,pass either side,40.0,241.0,60.0,268.0
2347,give way,406.0,155.0,438.0,186.0
2347,keep right,46.0,220.0,73.0,245.0
2347,roundabout,410.0,187.0,432.0,208.0
2348,bumps in the road,341.0,118.0,385.0,168.0
2349,bumps in the road,94.0,110.0,125.0,139.0
235,other danger,53.0,170.0,88.0,210.0
2350,stop,145.0,131.0,166.0,152.0
2351,stop,373.0,105.0,427.0,158.0
2352,stop,421.0,134.0,458.0,170.0
2353,no parking,206.0,126.0,243.0,172.0
2353,no entry,206.0,174.0,242.0,218.0
2354,no entry,32.0,161.0,63.0,190.0
2354,no parking,464.0,141.0,479.0,154.0
2355,no parking,194.0,264.0,214.0,285.0
2355,maximum speed 40km/h,194.0,295.0,214.0,315.0
2356,parking place,95.0,184.0,116.0,204.0
2357,no entry,177.0,48.0,230.0,184.0
2358,stop,276.0,186.0,308.0,219.0
2358,roundabout,270.0,214.0,279.0,225.0
2358,keep right,16.0,223.0,36.0,242.0
2359,keep right,415.0,237.0,439.0,284.0
2359,pass either side,475.0,194.0,494.0,213.0
2359,turn right,19.0,218.0,42.0,243.0
236,drive straight or turn right,436.0,184.0,454.0,210.0
236,no parking,261.0,201.0,268.0,209.0
236,no large goods,286.0,180.0,305.0,202.0
2360,turn right,33.0,179.0,48.0,193.0
2360,keep right,10.0,257.0,74.0,324.0
2360,pass either side,282.0,166.0,290.0,174.0
2361,maximum speed 20km/h,360.0,192.0,406.0,237.0
2361,uneven road,351.0,134.0,415.0,191.0
2362,roundabout,238.0,77.0,301.0,142.0
2362,stop,246.0,144.0,310.0,207.0
2362,no entry,66.0,183.0,84.0,207.0
2362,parking place,22.0,136.0,33.0,147.0
2363,no entry,389.0,302.0,449.0,362.0
2363,parking place,112.0,171.0,123.0,183.0
2364,no parking,111.0,165.0,228.0,286.0
2365,no parking,422.0,204.0,483.0,267.0
2365,no entry,18.0,171.0,78.0,248.0
2366,no parking,52.0,274.0,72.0,293.0
2366,no parking,255.0,270.0,264.0,280.0
2366,no parking,299.0,256.0,309.0,266.0
2366,stop,220.0,266.0,231.0,277.0
2366,parking place,395.0,213.0,431.0,251.0
2366,parking place,306.0,269.0,310.0,274.0
2366,parking place,162.0,272.0,169.0,279.0
2366,drive straight or turn left,220.0,278.0,232.0,289.0
2367,drive straight or turn left,316.0,200.0,380.0,263.0
2367,drive straight or turn left,287.0,194.0,311.0,218.0
2367,parking place,171.0,175.0,200.0,206.0
2367,stop,316.0,135.0,380.0,200.0
2367,no parking,410.0,143.0,472.0,203.0
2367,parking place,409.0,210.0,432.0,234.0
2368,no entry,189.0,155.0,295.0,271.0
2369,parking place,16.0,187.0,50.0,221.0
2369,parking place,453.0,173.0,498.0,219.0
2369,parking place,391.0,226.0,402.0,237.0
237,no stopping,382.0,152.0,418.0,190.0
237,stop,120.0,180.0,134.0,195.0
237,drive straight or turn left,122.0,195.0,132.0,204.0
2370,stop,214.0,60.0,332.0,224.0
2370,drive straight or turn left,219.0,225.0,330.0,386.0
2371,no entry,279.0,183.0,367.0,281.0
2372,no parking,156.0,99.0,250.0,223.0
2373,bumps in the road,201.0,56.0,275.0,202.0
2373,maximum speed 40km/h,203.0,269.0,270.0,415.0
2374,no parking,73.0,238.0,88.0,256.0
2374,no parking,423.0,222.0,437.0,238.0
2375,no parking,410.0,170.0,466.0,232.0
2375,parking place,410.0,241.0,432.0,266.0
2375,parking place,122.0,196.0,209.0,288.0
2376,no entry,43.0,204.0,85.0,248.0
2376,no entry,396.0,220.0,419.0,243.0
2377,no entry,271.0,156.0,324.0,243.0
2377,stop,66.0,87.0,183.0,212.0
2377,turn left,68.0,215.0,192.0,342.0
2379,turn left,26.0,176.0,46.0,224.0
2379,turn right,445.0,204.0,478.0,289.0
238,no parking,433.0,152.0,447.0,170.0
238,parking place,432.0,181.0,441.0,194.0
238,parking place,190.0,165.0,211.0,188.0
238,parking place,55.0,188.0,63.0,195.0
238,drive straight or turn left,19.0,191.0,28.0,200.0
2380,no entry,313.0,101.0,418.0,206.0
2380,no entry,38.0,171.0,68.0,202.0
2381,turn right,265.0,235.0,311.0,285.0
2381,stop,263.0,180.0,311.0,234.0
2382,turn left,136.0,104.0,320.0,329.0
2383,no parking,143.0,134.0,229.0,297.0
2384,no entry,166.0,111.0,234.0,187.0
2386,no entry,23.0,147.0,48.0,203.0
2386,no entry,471.0,128.0,506.0,162.0
2387,stop,226.0,194.0,298.0,265.0
2387,turn right,225.0,268.0,297.0,339.0
2388,no parking,182.0,194.0,230.0,250.0
2389,turn left,326.0,179.0,399.0,269.0
2389,stop,111.0,199.0,158.0,257.0
239,drive straight or turn left,435.0,156.0,481.0,202.0
2390,stop,160.0,64.0,271.0,205.0
2390,turn left,174.0,207.0,268.0,322.0
2391,no entry,52.0,265.0,77.0,291.0
2391,no entry,397.0,251.0,435.0,288.0
2392,stop,293.0,104.0,433.0,252.0
2393,no entry,457.0,210.0,504.0,256.0
2393,no stopping,7.0,121.0,58.0,175.0
2394,no stopping,140.0,84.0,282.0,235.0
2395,parking place,124.0,52.0,250.0,180.0
2395,parking place,231.0,332.0,248.0,353.0
2396,parking place,213.0,117.0,327.0,231.0
2396,no stopping,226.0,269.0,329.0,375.0
2397,no stopping,382.0,125.0,473.0,225.0
2397,drive straight or turn right,114.0,194.0,139.0,220.0
2398,drive straight or turn right,420.0,192.0,466.0,247.0
2398,no parking,108.0,244.0,120.0,256.0
2399,no parking,448.0,171.0,484.0,207.0
2399,no entry,26.0,193.0,61.0,231.0
24,restricted vehicular access,61.0,56.0,85.0,82.0
24,maximum speed 10 km/h,60.0,105.0,83.0,129.0
240,parking place,410.0,83.0,452.0,128.0
2400,parking place,400.0,124.0,437.0,160.0
2400,parking place,296.0,196.0,302.0,205.0
2400,parking place,51.0,217.0,61.0,226.0
2400,no parking,52.0,189.0,78.0,216.0
2400,no parking,297.0,171.0,311.0,193.0
2401,parking place,46.0,191.0,83.0,228.0
2401,parking place,396.0,139.0,446.0,187.0
2402,parking place,121.0,93.0,177.0,152.0
2402,parking place,120.0,171.0,176.0,232.0
2402,parking place,296.0,255.0,351.0,315.0
2403,no parking,280.0,93.0,346.0,163.0
2404,parking place,440.0,68.0,486.0,112.0
2404,no entry,22.0,148.0,74.0,201.0
2404,restricted vehicular access,416.0,64.0,441.0,91.0
2405,no parking,188.0,159.0,269.0,248.0
2405,parking place,184.0,263.0,215.0,296.0
2406,stop,170.0,51.0,186.0,104.0
2406,drive straight or turn left,346.0,26.0,457.0,148.0
2408,parking place,76.0,207.0,100.0,247.0
2408,parking place,383.0,193.0,422.0,238.0
2409,parking place,94.0,22.0,145.0,125.0
241,no stopping,93.0,192.0,123.0,223.0
241,no parking,378.0,199.0,390.0,210.0
241,parking place,378.0,211.0,382.0,216.0
241,turn left,325.0,204.0,340.0,219.0
241,no stopping,315.0,212.0,321.0,218.0
2410,no parking,173.0,167.0,286.0,281.0
2411,stop,462.0,174.0,485.0,196.0
2411,give way,28.0,199.0,79.0,245.0
2411,roundabout,37.0,162.0,74.0,198.0
2412,turn right,194.0,196.0,241.0,289.0
2413,give way,200.0,201.0,269.0,343.0
2413,roundabout,199.0,76.0,261.0,200.0
2414,no entry,171.0,88.0,309.0,243.0
2415,no entry,135.0,144.0,153.0,176.0
2415,give way,278.0,155.0,431.0,295.0
2415,roundabout,304.0,39.0,410.0,151.0
2416,parking place,72.0,126.0,154.0,209.0
2416,bumps in the road,296.0,238.0,377.0,317.0
2416,maximum speed 20km/h,308.0,173.0,365.0,236.0
2417,parking place,466.0,159.0,493.0,234.0
2417,parking place,26.0,263.0,32.0,270.0
2417,no parking,27.0,247.0,41.0,262.0
2418,maximum speed 40km/h,205.0,230.0,292.0,317.0
2418,pedestrian crossing ahead,189.0,116.0,311.0,225.0
2419,no entry,259.0,122.0,319.0,220.0
242,no parking,456.0,143.0,482.0,170.0
242,parking place,453.0,174.0,464.0,185.0
242,turn left,230.0,163.0,256.0,190.0
242,no stopping,190.0,179.0,200.0,188.0
2420,no parking,196.0,228.0,292.0,334.0
2420,roundabout ahead,169.0,97.0,306.0,225.0
2421,no entry,250.0,143.0,294.0,205.0
2422,no entry,238.0,173.0,286.0,253.0
2423,parking place,324.0,113.0,360.0,156.0
2423,maximum speed 40km/h,141.0,177.0,153.0,190.0
2423,roundabout ahead,138.0,162.0,155.0,178.0
2423,no parking,123.0,167.0,128.0,172.0
2424,maximum speed 40km/h,363.0,218.0,476.0,337.0
2424,roundabout ahead,339.0,77.0,498.0,222.0
2424,no parking,30.0,148.0,60.0,179.0
2424,parking place,29.0,181.0,40.0,196.0
2425,parking place,273.0,186.0,296.0,213.0
2425,parking place,276.0,114.0,334.0,181.0
2426,parking place,413.0,136.0,445.0,180.0
2426,no parking,180.0,199.0,186.0,206.0
2427,keep right,50.0,217.0,93.0,259.0
2427,give way,391.0,149.0,432.0,201.0
2427,roundabout,392.0,102.0,432.0,146.0
2427,no stopping,24.0,116.0,36.0,129.0
2428,give way,174.0,233.0,338.0,398.0
2428,roundabout,198.0,90.0,323.0,225.0
2429,no entry,183.0,259.0,268.0,356.0
2429,no entry,177.0,111.0,208.0,144.0
243,no stopping,127.0,147.0,141.0,160.0
243,turn left,351.0,101.0,397.0,167.0
243,no entry,396.0,132.0,424.0,181.0
2430,keep right,56.0,244.0,106.0,298.0
2430,no stopping,400.0,118.0,423.0,142.0
2430,parking place,501.0,205.0,511.0,216.0
2430,parking place,502.0,189.0,511.0,201.0
2431,"bend, to right",186.0,79.0,286.0,184.0
2431,maximum speed 50km/h,197.0,186.0,273.0,275.0
2432,parking place,203.0,77.0,269.0,151.0
2433,crossroads,183.0,128.0,326.0,258.0
2433,roundabout ahead,53.0,195.0,96.0,238.0
2433,maximum speed 50km/h,65.0,238.0,94.0,273.0
2434,parking place,283.0,50.0,334.0,153.0
2435,maximum speed 50km/h,257.0,127.0,330.0,206.0
2435,roundabout ahead,238.0,27.0,348.0,126.0
2436,roundabout,424.0,183.0,459.0,218.0
2436,give way,422.0,137.0,465.0,182.0
2436,keep right,35.0,211.0,59.0,235.0
2436,turn right,200.0,199.0,215.0,214.0
2437,roundabout,229.0,106.0,299.0,276.0
2438,pass either side,12.0,221.0,70.0,294.0
2438,pass either side,132.0,174.0,155.0,197.0
2438,no entry,468.0,111.0,508.0,150.0
2438,parking place,450.0,116.0,455.0,128.0
2439,no stopping,15.0,181.0,81.0,243.0
2439,parking place,470.0,187.0,495.0,210.0
2439,parking place,339.0,212.0,343.0,217.0
244,no entry,30.0,142.0,88.0,206.0
244,restricted vehicular access,452.0,136.0,475.0,159.0
2440,no entry,21.0,121.0,45.0,146.0
2440,no entry,395.0,114.0,494.0,218.0
2441,parking place,15.0,187.0,50.0,227.0
2441,parking place,453.0,211.0,469.0,231.0
2441,no parking,458.0,165.0,488.0,201.0
2442,turn right,57.0,110.0,107.0,185.0
2442,maximum speed 30km/h,355.0,131.0,382.0,158.0
2442,bumps in the road,355.0,90.0,385.0,116.0
2443,no parking,449.0,62.0,486.0,102.0
2443,parking place,448.0,106.0,462.0,122.0
2443,parking place,247.0,98.0,300.0,153.0
2444,parking place,407.0,36.0,482.0,111.0
2444,turn right,59.0,92.0,131.0,228.0
2445,parking place,432.0,61.0,462.0,150.0
2445,parking place,49.0,182.0,59.0,191.0
2445,no parking,49.0,158.0,71.0,180.0
2446,no parking,279.0,98.0,333.0,151.0
2447,no parking,452.0,102.0,479.0,130.0
2447,no parking,119.0,172.0,140.0,194.0
2447,parking place,22.0,171.0,33.0,184.0
2447,parking place,453.0,135.0,463.0,148.0
2448,maximum speed 30km/h,129.0,153.0,175.0,202.0
2448,bumps in the road,123.0,73.0,176.0,127.0
2449,no entry,429.0,164.0,471.0,208.0
2449,no entry,38.0,153.0,63.0,192.0
245,no parking,36.0,181.0,53.0,203.0
245,parking place,35.0,206.0,44.0,216.0
245,drive straight or turn right,387.0,186.0,406.0,206.0
245,drive straight or turn right,433.0,113.0,466.0,146.0
245,no parking,361.0,166.0,372.0,179.0
2450,no parking,336.0,248.0,364.0,282.0
2450,parking place,133.0,28.0,186.0,90.0
2451,no entry,346.0,142.0,380.0,179.0
2452,no entry,372.0,174.0,406.0,236.0
2452,no entry,175.0,192.0,180.0,199.0
2452,no entry,24.0,188.0,30.0,199.0
2453,no parking,66.0,307.0,88.0,340.0
2453,parking place,214.0,48.0,303.0,143.0
2454,no entry,164.0,109.0,215.0,166.0
2455,parking place,237.0,77.0,325.0,167.0
2456,stop,202.0,134.0,241.0,222.0
2456,turn left,202.0,226.0,240.0,312.0
2457,no parking,221.0,195.0,271.0,254.0
2458,no parking,220.0,85.0,273.0,151.0
2458,parking place,218.0,158.0,238.0,182.0
2459,no parking,224.0,123.0,244.0,160.0
246,no entry,110.0,181.0,132.0,217.0
246,no parking,440.0,141.0,465.0,174.0
246,no parking,288.0,201.0,298.0,210.0
246,no parking,276.0,200.0,285.0,209.0
2460,no parking,164.0,50.0,221.0,155.0
2460,parking place,163.0,165.0,183.0,207.0
2461,stop,448.0,179.0,483.0,215.0
2461,no entry,14.0,205.0,31.0,265.0
2461,no parking,351.0,196.0,361.0,206.0
2462,no entry,216.0,212.0,269.0,268.0
2463,no entry,21.0,162.0,63.0,206.0
2463,turn left,401.0,200.0,486.0,292.0
2463,stop,332.0,95.0,416.0,190.0
2464,stop,373.0,145.0,424.0,204.0
2464,no entry,107.0,158.0,123.0,191.0
2465,no parking,107.0,118.0,159.0,178.0
2466,turn left,458.0,103.0,493.0,135.0
2466,no entry,13.0,93.0,66.0,140.0
2466,no stopping,452.0,137.0,488.0,168.0
2466,parking place,370.0,114.0,377.0,122.0
2468,no parking,241.0,196.0,255.0,214.0
2468,no parking,309.0,199.0,326.0,220.0
2469,parking place,75.0,190.0,116.0,229.0
2469,no stopping,391.0,186.0,412.0,209.0
247,no parking,53.0,146.0,94.0,188.0
247,parking place,443.0,218.0,469.0,243.0
247,parking place,353.0,260.0,362.0,268.0
247,no parking,374.0,261.0,379.0,267.0
2470,turn left,303.0,170.0,322.0,229.0
2471,no stopping,268.0,140.0,317.0,206.0
2472,no parking,269.0,137.0,288.0,169.0
2473,no parking,379.0,163.0,393.0,183.0
2474,no entry,306.0,36.0,449.0,198.0
2475,no entry,305.0,117.0,341.0,152.0
2476,drive straight or turn right,80.0,92.0,105.0,135.0
2476,stop,276.0,11.0,448.0,216.0
2477,stop,277.0,60.0,359.0,143.0
2478,no entry,342.0,131.0,369.0,166.0
2479,no parking,228.0,113.0,264.0,176.0
2479,one-way traffic (left),192.0,80.0,300.0,111.0
248,stop,405.0,138.0,457.0,223.0
248,parking place,1.0,210.0,13.0,236.0
2480,no parking,410.0,178.0,431.0,199.0
2480,no entry,135.0,106.0,185.0,180.0
2481,no parking,83.0,210.0,101.0,228.0
2481,no parking,355.0,159.0,366.0,175.0
2482,no parking,310.0,175.0,322.0,191.0
2483,no parking,379.0,44.0,442.0,138.0
2484,no parking,186.0,65.0,230.0,222.0
2484,parking place,189.0,244.0,207.0,305.0
2485,no parking,194.0,212.0,208.0,226.0
2486,no parking,182.0,206.0,202.0,232.0
2486,no parking,205.0,211.0,225.0,235.0
2487,no entry,24.0,69.0,73.0,138.0
2487,one-way traffic (right),3.0,145.0,89.0,173.0
2487,no stopping,439.0,175.0,493.0,232.0
2488,no entry,419.0,170.0,456.0,237.0
2489,no parking,191.0,124.0,221.0,156.0
249,no parking,443.0,90.0,475.0,133.0
249,parking place,439.0,139.0,453.0,157.0
249,no entry,222.0,129.0,238.0,161.0
249,no parking,229.0,175.0,236.0,183.0
249,no through road,223.0,96.0,238.0,129.0
2490,no parking,125.0,132.0,157.0,170.0
2490,parking place,350.0,162.0,377.0,191.0
2491,parking place,111.0,154.0,137.0,191.0
2492,no entry,442.0,98.0,485.0,161.0
2493,no parking,114.0,206.0,146.0,249.0
2493,parking place,171.0,244.0,179.0,260.0
2493,stop,332.0,77.0,448.0,199.0
2493,drive straight or turn right,341.0,203.0,440.0,318.0
2494,no parking,402.0,134.0,426.0,179.0
2495,no entry,375.0,91.0,396.0,131.0
2496,no parking,358.0,174.0,375.0,192.0
2496,no parking,151.0,197.0,161.0,209.0
2496,no parking,79.0,190.0,87.0,202.0
2497,no stopping,348.0,249.0,360.0,263.0
2498,no entry,9.0,136.0,79.0,203.0
2498,no entry,453.0,178.0,471.0,209.0
2499,no entry,30.0,137.0,44.0,157.0
2499,no entry,222.0,139.0,242.0,161.0
2499,stop,341.0,96.0,383.0,161.0
2499,drive straight or turn left,336.0,165.0,383.0,225.0
25,no entry,84.0,72.0,116.0,105.0
250,parking place,438.0,101.0,489.0,156.0
250,drive straight or turn right,229.0,168.0,243.0,182.0
2500,stop,440.0,184.0,471.0,212.0
2500,turn left,436.0,214.0,466.0,240.0
2500,no entry,222.0,197.0,234.0,209.0
2501,no entry,282.0,188.0,314.0,232.0
2502,stop,214.0,249.0,245.0,285.0
2503,no entry,131.0,183.0,166.0,219.0
2504,turn right,160.0,199.0,204.0,271.0
2504,stop,158.0,108.0,211.0,198.0
2505,no parking,440.0,259.0,450.0,277.0
2506,parking place,443.0,176.0,488.0,220.0
2507,roundabout,370.0,228.0,409.0,268.0
2507,give way,371.0,174.0,426.0,226.0
2507,turn right,157.0,232.0,174.0,250.0
2507,pass either side,344.0,221.0,351.0,228.0
2508,keep right,74.0,192.0,98.0,216.0
2508,give way,427.0,112.0,496.0,184.0
2508,roundabout,435.0,185.0,485.0,240.0
2509,stop,337.0,104.0,357.0,124.0
251,drive straight or turn right,420.0,58.0,484.0,162.0
251,no parking,314.0,58.0,370.0,131.0
2510,no parking,283.0,155.0,302.0,176.0
2511,no parking,260.0,87.0,342.0,174.0
2512,stop,352.0,75.0,391.0,125.0
2513,no parking,340.0,170.0,358.0,188.0
2514,drive straight,331.0,27.0,394.0,102.0
2516,no entry,335.0,28.0,414.0,112.0
2517,no parking,26.0,66.0,68.0,108.0
2517,no parking,478.0,208.0,498.0,238.0
2517,parking place,24.0,111.0,32.0,122.0
2518,stop,311.0,173.0,345.0,207.0
2518,right or left turn only ahead,314.0,210.0,344.0,243.0
2519,no parking,333.0,183.0,345.0,197.0
2519,no parking,140.0,169.0,146.0,179.0
252,no entry,53.0,86.0,111.0,250.0
2520,no parking,100.0,81.0,170.0,161.0
2520,one-way traffic (left),75.0,38.0,184.0,73.0
2521,no parking,243.0,130.0,269.0,156.0
2522,junction with a minor side-road from right,344.0,127.0,426.0,220.0
2523,junction with a minor side-road from left,397.0,52.0,504.0,162.0
2523,roundabout ahead,46.0,55.0,111.0,112.0
2524,give way,328.0,145.0,421.0,233.0
2524,roundabout,339.0,69.0,409.0,140.0
2524,keep right,64.0,196.0,83.0,216.0
2524,no entry,58.0,151.0,78.0,171.0
2525,roundabout,249.0,215.0,281.0,248.0
2526,pass either side,269.0,231.0,324.0,289.0
2527,pass either side,193.0,183.0,260.0,257.0
2528,turn right,22.0,238.0,123.0,353.0
2528,roundabout,312.0,147.0,350.0,185.0
2529,roundabout,333.0,38.0,414.0,120.0
2529,give way,318.0,119.0,427.0,220.0
2529,turn right,86.0,177.0,99.0,190.0
253,no entry,380.0,85.0,440.0,152.0
2530,no entry,220.0,174.0,270.0,222.0
2531,no parking,81.0,158.0,118.0,195.0
2532,roundabout ahead,166.0,49.0,335.0,205.0
2533,junction with a minor side-road from right,320.0,140.0,378.0,219.0
2534,parking place,146.0,218.0,166.0,253.0
2534,parking place,211.0,268.0,229.0,301.0
2535,roundabout,448.0,92.0,499.0,143.0
2535,give way,444.0,145.0,504.0,207.0
2535,turn right,5.0,222.0,37.0,255.0
2536,roundabout ahead,353.0,131.0,444.0,214.0
2536,keep right,1.0,185.0,11.0,196.0
2537,no entry,292.0,187.0,323.0,230.0
2538,keep right,72.0,203.0,105.0,236.0
2538,no parking,368.0,204.0,386.0,223.0
2539,parking place,56.0,148.0,91.0,192.0
254,drive straight or turn left,239.0,100.0,307.0,240.0
2540,parking place,90.0,187.0,113.0,213.0
2541,no stopping,165.0,86.0,235.0,158.0
2542,no stopping,369.0,161.0,401.0,196.0
2543,no stopping,196.0,220.0,223.0,254.0
2544,roundabout ahead,231.0,102.0,347.0,220.0
2545,stop,429.0,192.0,467.0,231.0
2546,turn right,15.0,217.0,32.0,235.0
2546,roundabout,467.0,193.0,495.0,224.0
2546,roundabout,455.0,200.0,460.0,211.0
2546,give way,458.0,224.0,500.0,263.0
2546,give way,454.0,212.0,459.0,223.0
2546,no parking,210.0,188.0,218.0,196.0
2547,no entry,417.0,151.0,460.0,193.0
2548,give way,407.0,136.0,465.0,195.0
2548,roundabout,417.0,94.0,460.0,137.0
2548,turn right,29.0,167.0,58.0,198.0
2549,no parking,169.0,113.0,201.0,170.0
255,drive straight or turn left,443.0,140.0,487.0,183.0
255,turn right,318.0,231.0,326.0,239.0
2550,turn right,220.0,71.0,292.0,170.0
2551,restricted vehicular access,223.0,89.0,296.0,163.0
2552,no entry,247.0,115.0,306.0,180.0
2553,no entry,190.0,75.0,258.0,145.0
2554,parking place,230.0,142.0,260.0,184.0
2554,parking place,228.0,201.0,259.0,243.0
2556,no entry,434.0,218.0,455.0,241.0
2556,no entry,59.0,226.0,79.0,247.0
2557,bumps in the road,262.0,73.0,358.0,163.0
2558,parking place,63.0,200.0,89.0,228.0
2558,no stopping,368.0,221.0,394.0,253.0
2559,roundabout ahead,308.0,134.0,361.0,182.0
256,no entry,343.0,81.0,437.0,179.0
2560,keep right,33.0,253.0,62.0,280.0
2560,roundabout,319.0,159.0,344.0,185.0
2560,give way,314.0,186.0,349.0,217.0
2560,stop,365.0,180.0,377.0,208.0
2561,no entry,229.0,55.0,390.0,223.0
2562,bumps in the road,273.0,152.0,322.0,196.0
2563,bumps in the road,151.0,128.0,187.0,177.0
2564,stop,330.0,82.0,380.0,136.0
2565,stop,153.0,63.0,262.0,176.0
2566,give way,352.0,133.0,400.0,175.0
2567,give way,224.0,90.0,286.0,151.0
2568,no parking,88.0,85.0,111.0,119.0
2569,stop,292.0,194.0,323.0,228.0
257,drive straight or turn right,398.0,168.0,465.0,243.0
257,stop,394.0,87.0,470.0,165.0
257,no stopping,267.0,163.0,289.0,185.0
257,stop,240.0,184.0,251.0,195.0
257,drive straight or turn left,240.0,174.0,252.0,184.0
2570,stop,315.0,54.0,380.0,119.0
2571,maximum speed 30km/h,223.0,98.0,304.0,187.0
2572,pedestrian crossing,279.0,57.0,341.0,145.0
2573,pedestrian crossing,84.0,117.0,136.0,171.0
2574,pedestrian crossing,100.0,126.0,118.0,147.0
2574,pedestrian crossing,401.0,103.0,443.0,147.0
2574,pedestrian crossing,209.0,157.0,214.0,164.0
2574,pedestrian crossing,83.0,161.0,89.0,168.0
2575,turn right,288.0,215.0,319.0,253.0
2575,no entry,288.0,173.0,320.0,213.0
2576,no entry,109.0,131.0,153.0,180.0
2577,stop,223.0,111.0,306.0,200.0
2578,pedestrian crossing,18.0,214.0,44.0,241.0
2578,pedestrian crossing,466.0,185.0,503.0,222.0
2578,pedestrian crossing,297.0,237.0,307.0,249.0
2578,pedestrian crossing,143.0,240.0,151.0,250.0
258,no stopping,398.0,173.0,459.0,237.0
258,no stopping,192.0,219.0,200.0,241.0
258,drive straight or turn left,102.0,216.0,110.0,226.0
258,stop,102.0,227.0,110.0,235.0
2580,pedestrian crossing,16.0,206.0,40.0,228.0
2580,pedestrian crossing,463.0,183.0,498.0,219.0
2580,stop,272.0,234.0,282.0,244.0
2581,pedestrian crossing,13.0,169.0,36.0,192.0
2581,pedestrian crossing,115.0,199.0,123.0,207.0
2581,pedestrian crossing,246.0,199.0,253.0,207.0
2581,pedestrian crossing,469.0,149.0,499.0,182.0
2581,stop,219.0,203.0,225.0,209.0
2582,pedestrian crossing,442.0,194.0,481.0,231.0
2582,pedestrian crossing,92.0,235.0,109.0,252.0
2583,pedestrian crossing,23.0,140.0,43.0,159.0
2583,pedestrian crossing,441.0,117.0,467.0,150.0
2584,pedestrian crossing,20.0,179.0,45.0,205.0
2584,pedestrian crossing,475.0,175.0,511.0,209.0
2585,stop,299.0,145.0,346.0,194.0
2585,turn right,295.0,196.0,341.0,243.0
2585,no parking,72.0,195.0,77.0,201.0
2585,no parking,139.0,197.0,144.0,204.0
2586,no parking,99.0,178.0,107.0,189.0
2586,turn left,204.0,187.0,231.0,230.0
2586,no entry,206.0,151.0,229.0,183.0
2587,roundabout ahead,165.0,66.0,287.0,181.0
2588,no parking,285.0,217.0,298.0,232.0
2588,no entry,235.0,155.0,240.0,161.0
2589,no parking,114.0,183.0,159.0,228.0
259,stop,397.0,136.0,448.0,190.0
259,drive straight or turn left,398.0,73.0,449.0,128.0
259,parking place,197.0,153.0,207.0,168.0
259,stop,157.0,166.0,164.0,174.0
259,drive straight or turn left,156.0,173.0,165.0,182.0
2590,give way,343.0,98.0,412.0,162.0
2590,roundabout,339.0,164.0,380.0,210.0
2591,keep right,66.0,252.0,83.0,283.0
2591,roundabout,372.0,183.0,411.0,222.0
2591,give way,368.0,130.0,417.0,181.0
2592,no parking,462.0,256.0,473.0,273.0
2592,drive straight,260.0,180.0,289.0,211.0
2593,no entry,292.0,103.0,320.0,182.0
2594,stop,250.0,213.0,283.0,249.0
2595,stop,339.0,91.0,402.0,161.0
2595,parking place,99.0,156.0,126.0,182.0
2596,turn left,414.0,135.0,456.0,188.0
2596,drive straight,54.0,167.0,68.0,180.0
2597,no parking,191.0,179.0,355.0,357.0
2598,drive straight or turn right,353.0,71.0,460.0,178.0
2598,turn right,49.0,73.0,71.0,96.0
2599,pass either side,169.0,219.0,208.0,261.0
26,no parking,66.0,96.0,101.0,132.0
260,no parking,363.0,159.0,380.0,177.0
260,parking place,364.0,189.0,375.0,201.0
260,parking place,128.0,180.0,147.0,201.0
2600,no entry,182.0,261.0,255.0,351.0
2600,turn right,289.0,252.0,353.0,338.0
2600,stop,208.0,48.0,230.0,74.0
2601,roundabout,227.0,122.0,260.0,165.0
2601,give way,219.0,166.0,266.0,216.0
2602,no parking,248.0,93.0,295.0,142.0
2603,turn right,18.0,244.0,44.0,271.0
2603,roundabout,463.0,158.0,508.0,208.0
2604,roundabout,404.0,135.0,442.0,176.0
2604,turn right,52.0,224.0,90.0,261.0
2605,turn right,53.0,211.0,89.0,248.0
2605,roundabout,372.0,120.0,416.0,165.0
2606,pedestrian crossing,286.0,57.0,360.0,132.0
2607,turn left,60.0,204.0,81.0,226.0
2607,turn left,442.0,174.0,491.0,222.0
2607,turn right,402.0,97.0,427.0,134.0
2607,no entry,405.0,136.0,424.0,175.0
2607,stop,443.0,122.0,493.0,173.0
2608,pedestrian crossing,400.0,137.0,464.0,222.0
2608,roundabout,55.0,208.0,76.0,228.0
2608,give way,52.0,228.0,80.0,254.0
2609,pedestrian crossing,216.0,84.0,316.0,303.0
261,turn right,374.0,116.0,402.0,146.0
261,no stopping,339.0,83.0,356.0,102.0
261,no entry,130.0,53.0,140.0,72.0
2610,pedestrian crossing,102.0,399.0,170.0,462.0
2610,turn right,270.0,22.0,467.0,224.0
2610,no entry,268.0,228.0,468.0,432.0
2611,other danger,211.0,120.0,282.0,201.0
2612,maximum speed 30km/h,127.0,112.0,164.0,159.0
2612,right turn only ahead,128.0,160.0,165.0,205.0
2613,no parking,198.0,149.0,225.0,185.0
2614,no entry,280.0,125.0,355.0,205.0
2615,no parking,381.0,211.0,411.0,248.0
2616,stop,300.0,101.0,368.0,169.0
2617,stop,239.0,160.0,272.0,211.0
2618,stop,387.0,67.0,468.0,162.0
2618,turn right,36.0,167.0,81.0,213.0
2619,no entry,231.0,137.0,287.0,220.0
262,no entry,26.0,123.0,57.0,161.0
262,no stopping,452.0,180.0,489.0,219.0
2620,no parking,121.0,93.0,172.0,156.0
2620,drive straight or turn left,388.0,117.0,423.0,160.0
2621,no stopping,373.0,106.0,440.0,174.0
2621,no stopping,136.0,131.0,154.0,151.0
2622,stop,379.0,148.0,434.0,251.0
2622,pedestrian crossing,97.0,178.0,190.0,273.0
2623,no entry,61.0,191.0,83.0,212.0
2623,no entry,433.0,170.0,483.0,217.0
2624,drive straight or turn right,253.0,123.0,295.0,166.0
2625,no parking,219.0,155.0,276.0,222.0
2625,parking place,221.0,229.0,239.0,252.0
2626,bumps in the road,169.0,135.0,227.0,187.0
2626,bumps in the road,361.0,192.0,429.0,252.0
2626,no large goods,471.0,181.0,485.0,227.0
2627,parking place,218.0,140.0,268.0,210.0
2628,no parking,143.0,117.0,174.0,180.0
2629,drive straight or turn left,324.0,171.0,379.0,232.0
263,no entry,23.0,180.0,65.0,225.0
263,no entry,438.0,202.0,481.0,243.0
2630,uneven road,191.0,121.0,326.0,264.0
2631,no parking,391.0,232.0,408.0,251.0
2632,no stopping,10.0,93.0,64.0,147.0
2632,bumps in the road,384.0,43.0,505.0,159.0
2633,bumps in the road,238.0,87.0,326.0,173.0
2634,no entry,205.0,130.0,253.0,200.0
2635,bumps in the road,94.0,125.0,177.0,211.0
2636,bumps in the road,146.0,133.0,202.0,182.0
2637,other danger,183.0,80.0,258.0,187.0
2638,drive straight,423.0,168.0,492.0,251.0
2638,no entry,11.0,189.0,26.0,224.0
2639,no parking,405.0,216.0,430.0,241.0
264,no stopping,143.0,157.0,159.0,191.0
264,drive straight or turn right,395.0,100.0,446.0,180.0
2640,stop,264.0,130.0,319.0,184.0
2640,pass either side,163.0,242.0,229.0,320.0
2641,no entry,208.0,96.0,264.0,165.0
2642,no parking,98.0,200.0,112.0,220.0
2642,no parking,394.0,220.0,425.0,255.0
2643,no stopping,237.0,95.0,298.0,172.0
2643,give priority to vehicles from opposite direction,238.0,175.0,290.0,253.0
2644,stop,183.0,71.0,269.0,160.0
2644,turn right,189.0,168.0,275.0,259.0
2645,no parking,168.0,258.0,229.0,353.0
2645,parking place,169.0,367.0,191.0,401.0
2646,no entry,35.0,155.0,103.0,237.0
2646,no parking,448.0,171.0,487.0,218.0
2647,no entry,145.0,260.0,206.0,327.0
2648,no entry,209.0,95.0,338.0,220.0
2649,stop,132.0,260.0,243.0,371.0
2649,turn left,136.0,374.0,249.0,488.0
265,no entry,51.0,323.0,77.0,358.0
265,no stopping,460.0,281.0,475.0,315.0
2650,parking place,415.0,291.0,459.0,337.0
2651,no parking,38.0,344.0,68.0,371.0
2652,no parking,19.0,187.0,84.0,277.0
2652,parking place,19.0,286.0,42.0,318.0
2653,no parking,254.0,348.0,295.0,400.0
2654,no entry,132.0,205.0,154.0,228.0
2654,no entry,283.0,200.0,298.0,217.0
2655,no parking,389.0,326.0,451.0,412.0
2656,no parking,345.0,174.0,472.0,302.0
2656,parking place,34.0,315.0,119.0,402.0
2656,one-way traffic (left),1.0,243.0,159.0,314.0
2657,no parking,100.0,270.0,208.0,386.0
2657,parking place,109.0,408.0,152.0,453.0
2658,drive straight or turn left,408.0,337.0,486.0,421.0
2658,stop,418.0,249.0,479.0,334.0
2659,no entry,271.0,260.0,307.0,308.0
2659,no entry,227.0,263.0,247.0,288.0
266,no stopping,101.0,167.0,130.0,196.0
266,stop,400.0,146.0,443.0,187.0
266,drive straight or turn left,405.0,189.0,444.0,231.0
2660,turn left,281.0,380.0,325.0,459.0
2661,turn left,53.0,199.0,81.0,226.0
2661,stop,301.0,224.0,339.0,265.0
2662,no entry,103.0,366.0,159.0,424.0
2663,no parking,444.0,342.0,487.0,384.0
2663,turn right,41.0,314.0,79.0,377.0
2664,turn right,419.0,252.0,486.0,326.0
2665,no parking,221.0,33.0,245.0,62.0
2666,stop,122.0,254.0,229.0,377.0
2667,no entry,260.0,364.0,341.0,445.0
2668,stop,93.0,294.0,173.0,373.0
2668,turn left,109.0,374.0,157.0,452.0
2669,drive straight,331.0,356.0,356.0,383.0
2669,no parking,329.0,328.0,356.0,354.0
267,parking place,420.0,132.0,439.0,151.0
267,no parking,423.0,77.0,470.0,126.0
2670,turn right,39.0,320.0,83.0,365.0
2670,parking place,404.0,290.0,429.0,315.0
2671,no parking,40.0,135.0,55.0,170.0
2671,parking place,40.0,176.0,50.0,191.0
2671,no entry,436.0,155.0,481.0,200.0
2671,turn left,438.0,201.0,472.0,244.0
2672,parking place,179.0,328.0,218.0,370.0
2673,turn right,200.0,360.0,218.0,377.0
2673,stop,231.0,335.0,256.0,378.0
2674,drive straight,250.0,152.0,374.0,313.0
2674,parking place,263.0,337.0,298.0,378.0
2675,no parking,25.0,329.0,49.0,354.0
2675,no entry,429.0,193.0,499.0,322.0
2676,no parking,106.0,198.0,129.0,221.0
2676,parking place,106.0,222.0,115.0,233.0
2677,no parking,195.0,322.0,216.0,344.0
2678,no parking,395.0,317.0,407.0,335.0
2679,stop,455.0,305.0,497.0,356.0
2679,stop,15.0,302.0,34.0,327.0
268,stop,38.0,27.0,70.0,122.0
268,no through road,21.0,123.0,107.0,213.0
2680,no parking,146.0,307.0,191.0,351.0
2680,parking place,146.0,357.0,163.0,375.0
2681,no parking,404.0,46.0,462.0,103.0
2682,no parking,213.0,164.0,255.0,211.0
2682,parking place,206.0,217.0,224.0,235.0
2683,no parking,379.0,205.0,398.0,234.0
2684,no parking,216.0,364.0,228.0,376.0
2685,stop,446.0,36.0,473.0,104.0
2686,parking place,355.0,253.0,425.0,322.0
2688,no parking,49.0,31.0,64.0,48.0
2688,no parking,416.0,60.0,436.0,82.0
2689,no parking,378.0,277.0,398.0,297.0
2689,restricted vehicular access,153.0,227.0,178.0,252.0
269,no parking,404.0,148.0,475.0,220.0
2690,no entry,337.0,243.0,392.0,316.0
2690,pedestrian crossing,336.0,156.0,399.0,239.0
2691,no parking,216.0,40.0,289.0,128.0
2691,parking place,215.0,138.0,243.0,171.0
2692,parking place,264.0,202.0,278.0,218.0
2692,parking place,124.0,202.0,130.0,208.0
2692,no parking,123.0,181.0,141.0,200.0
2693,no parking,82.0,197.0,111.0,230.0
2694,no parking,32.0,281.0,90.0,341.0
2695,parking place,160.0,319.0,172.0,340.0
2696,no stopping,234.0,226.0,308.0,306.0
2697,no stopping,85.0,350.0,108.0,378.0
2697,no stopping,388.0,336.0,413.0,381.0
2697,one-way traffic (left),479.0,286.0,512.0,310.0
2697,no stopping,203.0,351.0,213.0,363.0
2698,no parking,231.0,196.0,262.0,232.0
2699,no stopping,22.0,201.0,67.0,256.0
27,no entry,54.0,86.0,83.0,117.0
27,no parking,143.0,103.0,159.0,119.0
270,no entry,311.0,82.0,443.0,220.0
2700,no entry,114.0,143.0,348.0,395.0
2701,turn left,225.0,162.0,334.0,274.0
2702,turn right,113.0,262.0,147.0,318.0
2703,no entry,284.0,183.0,308.0,207.0
2704,restricted vehicular access,334.0,198.0,377.0,259.0
2705,turn right,105.0,291.0,180.0,368.0
2706,no entry,35.0,210.0,76.0,250.0
2706,no entry,451.0,222.0,466.0,243.0
2707,no entry,486.0,215.0,498.0,234.0
2707,parking place,6.0,204.0,47.0,246.0
2708,no parking,413.0,188.0,433.0,213.0
2709,no entry,207.0,197.0,305.0,296.0
271,no entry,243.0,86.0,392.0,245.0
2710,no parking,396.0,70.0,452.0,204.0
2710,no parking,98.0,256.0,108.0,287.0
2711,no stopping,203.0,149.0,280.0,227.0
2712,no parking,338.0,204.0,363.0,245.0
2712,no parking,26.0,326.0,42.0,343.0
2713,no parking,102.0,258.0,117.0,272.0
2713,turn left,98.0,300.0,123.0,333.0
2713,parking place,102.0,276.0,109.0,284.0
2714,no entry,154.0,216.0,247.0,380.0
2715,no entry,200.0,354.0,276.0,429.0
2716,no entry,117.0,321.0,138.0,359.0
2717,no stopping,106.0,363.0,130.0,387.0
2717,no stopping,354.0,390.0,371.0,408.0
2717,no parking,73.0,390.0,81.0,404.0
2718,no parking,168.0,110.0,243.0,218.0
2719,no parking,287.0,184.0,294.0,191.0
2719,no stopping,321.0,178.0,338.0,197.0
272,no stopping,338.0,113.0,376.0,161.0
2720,no parking,381.0,171.0,477.0,266.0
2720,one-way traffic (right),349.0,130.0,506.0,169.0
2720,bumps in the road,17.0,150.0,61.0,195.0
2721,no entry,215.0,275.0,277.0,347.0
2722,no parking,313.0,302.0,354.0,363.0
2723,turn left,123.0,109.0,156.0,198.0
2724,turn right,172.0,194.0,272.0,331.0
2725,no parking,182.0,253.0,204.0,282.0
2725,no parking,217.0,257.0,240.0,285.0
2726,turn right,245.0,162.0,281.0,249.0
2727,no parking,78.0,150.0,111.0,188.0
2728,turn right,193.0,305.0,273.0,401.0
2729,no entry,179.0,187.0,229.0,256.0
273,stop,407.0,89.0,482.0,167.0
273,drive straight or turn right,406.0,172.0,473.0,245.0
2730,no stopping,99.0,343.0,154.0,397.0
2731,no entry,173.0,160.0,212.0,236.0
2732,no stopping,17.0,137.0,34.0,156.0
2732,turn left,449.0,65.0,490.0,132.0
2733,turn left,234.0,106.0,289.0,184.0
2734,no parking,15.0,306.0,190.0,491.0
2735,give way,238.0,284.0,294.0,335.0
2735,turn left,74.0,304.0,96.0,326.0
2736,no parking,396.0,138.0,454.0,229.0
2737,no entry,106.0,74.0,169.0,145.0
2738,no entry,155.0,214.0,225.0,291.0
2738,turn left,153.0,293.0,226.0,366.0
2739,no parking,42.0,322.0,82.0,362.0
274,drive straight or turn left,390.0,51.0,433.0,112.0
274,no stopping,257.0,86.0,286.0,116.0
2740,no parking,452.0,270.0,480.0,297.0
2740,no parking,89.0,258.0,101.0,272.0
2741,no parking,162.0,10.0,344.0,208.0
2742,drive straight or turn left,87.0,11.0,162.0,138.0
2743,stop,320.0,76.0,390.0,156.0
2743,turn left,312.0,158.0,378.0,232.0
2744,no entry,26.0,205.0,101.0,316.0
2745,no parking,115.0,209.0,154.0,283.0
2745,one-way traffic (left),207.0,178.0,237.0,193.0
2746,stop,202.0,134.0,284.0,253.0
2747,stop,381.0,141.0,500.0,263.0
2747,one-way traffic (right),142.0,125.0,241.0,163.0
2748,keep right,34.0,217.0,75.0,259.0
2748,roundabout,438.0,186.0,460.0,208.0
2748,roundabout,310.0,168.0,318.0,179.0
2748,give way,308.0,151.0,317.0,166.0
2748,give way,431.0,153.0,461.0,181.0
2749,give way,431.0,104.0,492.0,156.0
2749,keep right,54.0,248.0,139.0,337.0
2749,roundabout,440.0,157.0,482.0,202.0
275,no parking,107.0,96.0,138.0,136.0
2750,roundabout,153.0,328.0,220.0,407.0
2750,give way,141.0,231.0,233.0,328.0
2751,keep right,146.0,316.0,173.0,348.0
2752,bumps in the road,168.0,166.0,218.0,215.0
2752,maximum speed 40km/h,169.0,242.0,216.0,294.0
2753,roundabout ahead,199.0,204.0,236.0,253.0
2754,maximum speed 40km/h,63.0,210.0,125.0,276.0
2754,bumps in the road,58.0,114.0,127.0,175.0
2755,roundabout,93.0,180.0,119.0,207.0
2755,roundabout,422.0,199.0,479.0,261.0
2755,give way,407.0,119.0,498.0,197.0
2756,roundabout,156.0,124.0,226.0,193.0
2757,bumps in the road,224.0,203.0,316.0,288.0
2758,give way,140.0,185.0,191.0,265.0
2758,roundabout,146.0,267.0,184.0,328.0
2759,roundabout,172.0,148.0,204.0,283.0
276,no entry,355.0,31.0,488.0,178.0
2760,roundabout,12.0,270.0,32.0,293.0
2760,roundabout,153.0,252.0,157.0,263.0
2760,roundabout,464.0,250.0,493.0,284.0
2760,give way,459.0,205.0,502.0,249.0
2760,one-way traffic (right),417.0,236.0,433.0,242.0
2761,roundabout ahead,203.0,144.0,239.0,268.0
2762,roundabout ahead,355.0,41.0,409.0,93.0
2763,give way,165.0,146.0,272.0,250.0
2764,bumps in the road,239.0,273.0,280.0,316.0
2765,roundabout ahead,29.0,194.0,82.0,250.0
2766,give way,247.0,207.0,291.0,246.0
2767,no parking,455.0,198.0,478.0,243.0
2767,give way,33.0,211.0,54.0,230.0
2767,roundabout,39.0,232.0,52.0,246.0
2768,roundabout,153.0,276.0,296.0,424.0
2768,give way,139.0,69.0,299.0,271.0
2769,give way,466.0,84.0,504.0,129.0
2769,keep right,12.0,288.0,85.0,361.0
2769,roundabout,476.0,131.0,505.0,164.0
277,no parking,455.0,29.0,512.0,105.0
2770,roundabout,421.0,217.0,479.0,268.0
2770,give way,425.0,148.0,502.0,215.0
2770,turn right,63.0,228.0,82.0,245.0
2771,roundabout ahead,61.0,158.0,96.0,193.0
2772,keep right,35.0,223.0,64.0,251.0
2774,keep right,20.0,275.0,28.0,285.0
2774,keep right,61.0,270.0,69.0,278.0
2774,roundabout,413.0,187.0,446.0,224.0
2774,give way,403.0,225.0,452.0,270.0
2775,keep right,70.0,311.0,127.0,372.0
2775,keep right,448.0,171.0,484.0,210.0
2776,pass either side,171.0,264.0,218.0,308.0
2777,give way,129.0,125.0,193.0,200.0
2778,pass either side,136.0,179.0,163.0,235.0
2779,give way,150.0,146.0,218.0,225.0
2779,roundabout,166.0,80.0,206.0,148.0
278,stop,350.0,78.0,388.0,117.0
278,drive straight or turn right,352.0,40.0,389.0,79.0
278,no entry,43.0,142.0,61.0,166.0
278,parking place,171.0,148.0,180.0,157.0
2780,keep right,201.0,378.0,275.0,457.0
2781,turn right,83.0,171.0,281.0,383.0
2782,give way,195.0,125.0,252.0,187.0
2782,roundabout,203.0,72.0,244.0,122.0
2783,roundabout,353.0,12.0,392.0,53.0
2783,give way,345.0,54.0,397.0,103.0
2783,keep right,32.0,202.0,109.0,298.0
2784,roundabout ahead,33.0,184.0,83.0,242.0
2785,stop,206.0,170.0,261.0,231.0
2786,give way,216.0,251.0,270.0,305.0
2787,maximum speed 50km/h,266.0,145.0,310.0,214.0
2788,stop,35.0,141.0,114.0,226.0
2788,other danger,284.0,88.0,319.0,159.0
279,no entry,1.0,143.0,47.0,197.0
2790,stop,110.0,17.0,180.0,104.0
2791,keep left,111.0,220.0,159.0,265.0
2792,other danger,29.0,139.0,96.0,201.0
2793,no parking,210.0,327.0,233.0,348.0
2794,stop,233.0,55.0,285.0,105.0
2795,parking place,216.0,230.0,270.0,312.0
2796,parking place,40.0,251.0,66.0,277.0
2796,parking place,371.0,257.0,383.0,271.0
2797,give way,318.0,204.0,372.0,281.0
2798,stop,137.0,99.0,213.0,178.0
2799,give way,302.0,118.0,371.0,199.0
28,no parking,109.0,90.0,136.0,118.0
28,parking place,105.0,127.0,119.0,142.0
280,no stopping,95.0,159.0,119.0,184.0
2800,give way,291.0,150.0,338.0,193.0
2801,give way,33.0,147.0,70.0,183.0
2801,bumps in the road,380.0,120.0,476.0,212.0
2802,give way,186.0,185.0,209.0,205.0
2803,give way,234.0,46.0,317.0,151.0
2804,give way,146.0,236.0,196.0,283.0
2805,give way,88.0,161.0,186.0,260.0
2806,bumps in the road,236.0,24.0,320.0,101.0
2806,maximum speed 30km/h,248.0,132.0,308.0,193.0
2807,maximum speed 30km/h,265.0,201.0,322.0,293.0
2807,bumps in the road,253.0,47.0,336.0,165.0
2808,no entry,336.0,245.0,358.0,280.0
2809,keep right,63.0,279.0,81.0,299.0
2809,stop,69.0,223.0,89.0,244.0
2809,stop,384.0,223.0,401.0,239.0
281,no entry,192.0,174.0,200.0,189.0
281,no stopping,199.0,178.0,212.0,191.0
2810,no entry,123.0,183.0,164.0,227.0
2810,no entry,294.0,183.0,312.0,206.0
2811,maximum speed 30km/h,40.0,308.0,139.0,411.0
2811,bumps in the road,15.0,139.0,153.0,263.0
2812,no parking,265.0,144.0,341.0,221.0
2812,parking place,271.0,240.0,296.0,266.0
2813,maximum speed 30km/h,53.0,157.0,100.0,210.0
2813,bumps in the road,46.0,64.0,106.0,136.0
2814,bumps in the road,262.0,35.0,320.0,113.0
2814,maximum speed 30km/h,277.0,140.0,313.0,195.0
2815,stop,229.0,140.0,256.0,172.0
2815,drive straight or turn right,228.0,172.0,255.0,203.0
2816,no parking,49.0,121.0,85.0,160.0
2817,no entry,179.0,67.0,267.0,161.0
2818,turn right,234.0,223.0,268.0,261.0
2818,stop,238.0,182.0,266.0,222.0
2819,drive straight,173.0,116.0,210.0,170.0
282,no entry,52.0,65.0,131.0,160.0
282,no stopping,261.0,122.0,304.0,172.0
2820,no entry,35.0,199.0,70.0,235.0
2821,no entry,39.0,108.0,67.0,148.0
2821,stop,383.0,100.0,460.0,202.0
2821,right or left turn only ahead,369.0,205.0,453.0,300.0
2822,no entry,32.0,132.0,87.0,226.0
2822,parking place,375.0,168.0,393.0,188.0
2823,no parking,118.0,202.0,141.0,230.0
2823,parking place,476.0,194.0,504.0,227.0
2824,parking place,438.0,224.0,464.0,257.0
2824,no parking,19.0,263.0,29.0,287.0
2824,no stopping,117.0,264.0,131.0,280.0
2825,no entry,90.0,156.0,137.0,207.0
2825,parking place,374.0,195.0,412.0,254.0
2826,no stopping,150.0,152.0,200.0,201.0
2827,no entry,86.0,94.0,186.0,204.0
2827,pedestrian lane,51.0,149.0,58.0,155.0
2828,no entry,367.0,169.0,416.0,247.0
2828,no parking,130.0,260.0,141.0,278.0
2829,no entry,84.0,80.0,132.0,133.0
2829,right or left turn only ahead,256.0,174.0,339.0,271.0
2829,stop,246.0,76.0,341.0,172.0
283,stop,351.0,92.0,406.0,151.0
283,drive straight or turn left,348.0,152.0,401.0,206.0
2830,no entry,119.0,158.0,168.0,211.0
2831,no entry,240.0,138.0,312.0,220.0
2832,drive straight or turn left,312.0,210.0,345.0,258.0
2833,maximum speed 20km/h,217.0,193.0,278.0,263.0
2833,bumps in the road,197.0,76.0,293.0,163.0
2834,no parking,176.0,145.0,218.0,254.0
2835,no entry,228.0,170.0,299.0,247.0
2836,no parking,211.0,221.0,234.0,260.0
2836,no parking,264.0,308.0,275.0,326.0
2836,parking place,210.0,265.0,220.0,280.0
2837,no parking,305.0,156.0,333.0,189.0
2837,no entry,86.0,148.0,130.0,196.0
2838,stop,420.0,108.0,492.0,184.0
2838,turn left,419.0,187.0,491.0,261.0
2839,no parking,296.0,76.0,373.0,157.0
2839,no entry,203.0,95.0,224.0,117.0
284,no parking,198.0,132.0,217.0,153.0
2840,no entry,138.0,125.0,166.0,193.0
2840,right or left turn only ahead,134.0,224.0,164.0,290.0
2841,no entry,182.0,132.0,350.0,304.0
2842,no entry,10.0,154.0,44.0,189.0
2842,no entry,468.0,185.0,493.0,209.0
2843,stop,323.0,127.0,382.0,187.0
2843,turn right,326.0,188.0,383.0,249.0
2844,no parking,106.0,106.0,153.0,169.0
2845,no entry,210.0,201.0,234.0,246.0
2846,stop,310.0,141.0,371.0,206.0
2846,drive straight,313.0,208.0,372.0,269.0
2846,no stopping,26.0,168.0,53.0,202.0
2848,no parking,248.0,170.0,266.0,218.0
2848,drive straight or turn left,39.0,225.0,46.0,232.0
2848,stop,38.0,217.0,46.0,225.0
2849,no entry,272.0,128.0,361.0,220.0
285,no stopping,74.0,77.0,133.0,141.0
2850,stop,237.0,79.0,319.0,165.0
2850,drive straight or turn right,238.0,167.0,314.0,246.0
2851,no stopping,64.0,53.0,152.0,159.0
2852,no entry,397.0,184.0,419.0,208.0
2852,no entry,30.0,181.0,47.0,201.0
2853,no entry,218.0,177.0,250.0,220.0
2853,drive straight or turn left,122.0,150.0,166.0,217.0
2854,parking place,251.0,154.0,320.0,222.0
2854,drive straight or turn right,1.0,191.0,22.0,212.0
2855,drive straight or turn right,253.0,228.0,283.0,255.0
2855,parking place,86.0,228.0,102.0,247.0
2856,no entry,126.0,193.0,159.0,228.0
2856,no parking,400.0,173.0,422.0,196.0
2857,no parking,143.0,107.0,237.0,204.0
2858,no entry,174.0,191.0,261.0,282.0
2859,no entry,332.0,59.0,406.0,171.0
2859,stop,104.0,156.0,119.0,173.0
286,stop,381.0,141.0,407.0,168.0
286,drive straight or turn right,382.0,168.0,407.0,193.0
2860,no entry,141.0,113.0,208.0,190.0
2861,no stopping,389.0,107.0,481.0,204.0
2861,turn right,165.0,98.0,181.0,117.0
2861,stop,165.0,81.0,181.0,99.0
2862,parking place,47.0,26.0,90.0,82.0
2862,parking place,50.0,89.0,58.0,98.0
2863,no parking,348.0,204.0,403.0,266.0
2863,drive straight or turn right,63.0,149.0,85.0,174.0
2864,drive straight or turn right,130.0,127.0,169.0,166.0
2864,stop,131.0,86.0,170.0,126.0
2865,no stopping,74.0,148.0,109.0,184.0
2865,no parking,421.0,161.0,447.0,192.0
2865,drive straight or turn right,341.0,168.0,348.0,176.0
2865,no parking,340.0,175.0,348.0,181.0
2866,stop,244.0,130.0,311.0,202.0
2867,no parking,225.0,164.0,273.0,214.0
2868,no parking,131.0,150.0,214.0,284.0
2868,no parking,420.0,23.0,434.0,52.0
2869,drive straight or turn right,317.0,133.0,424.0,244.0
287,no entry,409.0,107.0,464.0,168.0
2870,no parking,194.0,224.0,270.0,302.0
2871,no entry,45.0,188.0,76.0,223.0
2871,no entry,203.0,173.0,218.0,206.0
2871,no entry,388.0,183.0,434.0,244.0
2872,drive straight or turn left,346.0,155.0,450.0,260.0
2872,no parking,69.0,184.0,110.0,227.0
2873,no parking,325.0,163.0,382.0,228.0
2873,no entry,111.0,167.0,165.0,235.0
2874,no parking,205.0,181.0,250.0,239.0
2874,parking place,204.0,247.0,218.0,268.0
2875,drive straight or turn left,379.0,83.0,481.0,185.0
2875,no parking,144.0,124.0,177.0,168.0
2875,drive straight or turn right,19.0,164.0,33.0,185.0
2876,drive straight or turn right,143.0,60.0,281.0,369.0
2877,no entry,62.0,43.0,203.0,197.0
2878,no stopping,28.0,127.0,98.0,200.0
2879,drive straight or turn left,321.0,35.0,385.0,119.0
288,no parking,1.0,129.0,30.0,163.0
288,parking place,1.0,165.0,12.0,178.0
288,drive straight,351.0,149.0,361.0,159.0
2880,no parking,182.0,66.0,229.0,131.0
2881,stop,161.0,185.0,223.0,258.0
2881,drive straight or turn right,162.0,259.0,224.0,330.0
2882,no entry,183.0,114.0,265.0,231.0
2883,turn right,382.0,147.0,463.0,233.0
2884,stop,174.0,71.0,249.0,146.0
2885,stop,332.0,34.0,413.0,122.0
2886,stop,173.0,77.0,238.0,147.0
2887,stop,110.0,35.0,216.0,158.0
2888,stop,218.0,31.0,306.0,164.0
2889,stop,254.0,142.0,294.0,187.0
289,drive straight,290.0,103.0,371.0,186.0
289,stop,241.0,216.0,263.0,256.0
2890,stop,162.0,72.0,222.0,152.0
2890,drive straight or turn left,165.0,151.0,222.0,223.0
2890,no entry,268.0,169.0,295.0,200.0
2891,no parking,220.0,141.0,255.0,191.0
2891,parking place,219.0,199.0,233.0,220.0
2892,stop,132.0,26.0,249.0,148.0
2893,no parking,190.0,120.0,265.0,212.0
2893,parking place,191.0,223.0,219.0,258.0
2894,stop,145.0,88.0,233.0,203.0
2895,stop,26.0,80.0,82.0,158.0
2896,stop,192.0,154.0,245.0,218.0
2897,bumps in the road,220.0,111.0,329.0,234.0
2898,no stopping,142.0,98.0,225.0,188.0
2898,stop,30.0,190.0,42.0,201.0
2898,drive straight or turn right,29.0,203.0,43.0,215.0
2899,drive straight or turn right,240.0,259.0,283.0,338.0
2899,stop,238.0,178.0,287.0,258.0
2899,no stopping,342.0,229.0,386.0,283.0
29,no parking,86.0,79.0,156.0,154.0
290,no parking,342.0,132.0,358.0,148.0
290,no parking,453.0,169.0,462.0,182.0
290,parking place,341.0,152.0,349.0,159.0
2900,maximum speed 20km/h,361.0,180.0,400.0,224.0
2900,bumps in the road,358.0,125.0,399.0,164.0
2901,no stopping,158.0,119.0,224.0,247.0
2902,no entry,226.0,86.0,251.0,201.0
2903,no parking,72.0,200.0,113.0,244.0
2903,no parking,74.0,123.0,114.0,168.0
2903,parking place,73.0,173.0,88.0,189.0
2903,parking place,69.0,248.0,84.0,266.0
2904,stop,282.0,134.0,318.0,187.0
2904,keep left,276.0,237.0,324.0,291.0
2905,parking place,119.0,212.0,160.0,258.0
2906,no entry,193.0,84.0,250.0,197.0
2907,no entry,366.0,158.0,419.0,214.0
2908,drive straight,153.0,124.0,235.0,208.0
2909,no entry,409.0,75.0,466.0,135.0
291,drive straight or turn right,325.0,188.0,337.0,200.0
2910,no parking,16.0,125.0,39.0,147.0
2910,no through road,16.0,98.0,39.0,123.0
2910,no stopping,390.0,92.0,493.0,193.0
2911,no entry,86.0,254.0,108.0,296.0
2911,turn left,91.0,297.0,112.0,335.0
2912,no entry,220.0,186.0,249.0,241.0
2913,stop,272.0,161.0,332.0,220.0
2914,maximum speed 20km/h,314.0,210.0,379.0,278.0
2914,bumps in the road,305.0,85.0,394.0,177.0
2916,stop,212.0,190.0,276.0,258.0
2916,turn left,233.0,258.0,275.0,322.0
2917,no parking,64.0,222.0,81.0,240.0
2918,no entry,168.0,123.0,228.0,191.0
2919,parking place,306.0,173.0,339.0,210.0
292,drive straight or turn right,456.0,153.0,481.0,180.0
292,no entry,107.0,157.0,115.0,177.0
2920,parking place,44.0,153.0,86.0,194.0
2921,no entry,125.0,40.0,221.0,144.0
2922,no entry,111.0,88.0,154.0,184.0
2923,maximum speed 20km/h,236.0,202.0,332.0,316.0
2923,bumps in the road,205.0,13.0,355.0,151.0
2924,stop,149.0,197.0,191.0,241.0
2925,stop,319.0,66.0,378.0,146.0
2926,stop,387.0,86.0,416.0,127.0
2927,stop,359.0,123.0,395.0,160.0
2927,stop,159.0,136.0,166.0,144.0
2928,no entry,123.0,83.0,157.0,141.0
2929,stop,279.0,223.0,324.0,272.0
2929,other danger,45.0,182.0,83.0,219.0
293,no stopping,369.0,88.0,397.0,133.0
2930,no parking,337.0,97.0,438.0,201.0
2931,stop,189.0,63.0,279.0,156.0
2932,stop,242.0,162.0,265.0,187.0
2932,turn left,242.0,189.0,265.0,214.0
2933,parking place,47.0,176.0,106.0,246.0
2934,parking place,76.0,129.0,149.0,205.0
2935,stop,228.0,95.0,268.0,258.0
2935,turn left,221.0,261.0,266.0,418.0
2936,turn right,242.0,178.0,289.0,227.0
2936,stop,239.0,128.0,290.0,177.0
2937,no entry,104.0,114.0,139.0,172.0
2938,stop,286.0,45.0,376.0,135.0
2938,turn left,378.0,44.0,467.0,133.0
2939,parking place,67.0,77.0,166.0,172.0
294,no entry,462.0,50.0,512.0,160.0
2940,parking place,366.0,115.0,416.0,169.0
2940,stop,64.0,145.0,87.0,167.0
2941,no parking,180.0,157.0,235.0,210.0
2942,maximum speed 30km/h,256.0,132.0,293.0,170.0
2942,bumps in the road,249.0,64.0,299.0,112.0
2943,turn right,292.0,189.0,392.0,350.0
2943,stop,301.0,8.0,392.0,173.0
2944,no entry,81.0,131.0,156.0,238.0
2945,stop,230.0,140.0,280.0,206.0
2945,turn left,257.0,198.0,303.0,260.0
2946,no stopping,203.0,235.0,310.0,349.0
2946,other,131.0,72.0,278.0,222.0
2947,keep right,210.0,146.0,249.0,188.0
2948,stop,27.0,97.0,116.0,193.0
2948,no entry,460.0,128.0,494.0,184.0
2948,turn left,29.0,194.0,119.0,288.0
2949,no stopping,94.0,282.0,122.0,310.0
2949,parking place,229.0,193.0,258.0,230.0
295,drive straight,379.0,204.0,392.0,217.0
2950,bumps in the road,142.0,72.0,251.0,172.0
2951,parking place,70.0,109.0,109.0,154.0
2952,stop,397.0,245.0,445.0,293.0
2952,no stopping,20.0,298.0,31.0,315.0
2952,parking place,180.0,270.0,185.0,281.0
2953,no stopping,331.0,97.0,405.0,195.0
2954,parking place,285.0,65.0,377.0,166.0
2955,parking place,308.0,148.0,315.0,165.0
2955,stop,423.0,112.0,465.0,170.0
2955,parking place,141.0,161.0,146.0,170.0
2956,parking place,299.0,160.0,334.0,213.0
2957,maximum speed 30km/h,123.0,220.0,178.0,277.0
2958,stop,253.0,56.0,305.0,174.0
2959,stop,244.0,32.0,395.0,189.0
296,stop,349.0,135.0,397.0,186.0
296,turn right,353.0,187.0,394.0,237.0
296,no parking,273.0,240.0,281.0,249.0
2960,stop,70.0,248.0,112.0,302.0
2961,bumps in the road,355.0,208.0,371.0,224.0
2962,stop,344.0,191.0,358.0,205.0
2963,stop,369.0,66.0,402.0,149.0
2964,stop,72.0,250.0,90.0,275.0
2965,bumps in the road,114.0,171.0,138.0,204.0
2966,bumps in the road,427.0,107.0,471.0,148.0
2966,no parking,506.0,203.0,512.0,215.0
2967,stop,131.0,158.0,149.0,195.0
297,no entry,106.0,130.0,207.0,239.0
2970,stop,436.0,22.0,489.0,94.0
2972,stop,106.0,24.0,192.0,200.0
2973,other danger,249.0,126.0,286.0,160.0
2973,no overtaking,245.0,160.0,288.0,204.0
2975,stop,295.0,157.0,340.0,205.0
2976,bumps in the road,112.0,218.0,148.0,250.0
2977,stop,182.0,316.0,237.0,378.0
2978,bumps in the road,419.0,276.0,473.0,326.0
2979,stop,266.0,106.0,318.0,166.0
298,no parking,257.0,397.0,334.0,482.0
2980,no parking,12.0,172.0,87.0,243.0
2980,stop,442.0,185.0,465.0,210.0
2980,no stopping,368.0,200.0,382.0,214.0
2980,no stopping,258.0,192.0,270.0,206.0
2981,no parking,273.0,121.0,335.0,200.0
2982,no parking,289.0,213.0,333.0,258.0
2983,no stopping,181.0,130.0,213.0,170.0
2984,no parking,27.0,74.0,124.0,232.0
2985,roundabout,233.0,70.0,324.0,161.0
2986,no parking,366.0,150.0,396.0,180.0
2987,no parking,331.0,109.0,347.0,128.0
2987,drive straight or turn left,243.0,126.0,249.0,131.0
2988,drive straight or turn left,81.0,127.0,120.0,170.0
2988,no parking,244.0,165.0,259.0,185.0
2988,parking place,243.0,188.0,248.0,196.0
2989,parking place,171.0,140.0,183.0,154.0
2989,no parking,174.0,103.0,204.0,134.0
299,no parking,221.0,203.0,257.0,238.0
2990,parking place,214.0,79.0,264.0,148.0
2991,no entry,352.0,179.0,402.0,231.0
2991,maximum speed 30km/h,175.0,214.0,182.0,220.0
2991,give priority to vehicles from opposite direction,175.0,206.0,181.0,213.0
2992,no stopping,63.0,126.0,149.0,228.0
2993,no entry,34.0,74.0,84.0,127.0
2993,no parking,434.0,141.0,448.0,177.0
2994,no parking,220.0,194.0,289.0,274.0
2995,no entry,379.0,187.0,436.0,246.0
2995,no entry,54.0,207.0,76.0,239.0
2996,stop,258.0,128.0,298.0,176.0
2996,no entry,253.0,152.0,273.0,182.0
2997,no stopping,144.0,155.0,178.0,188.0
2998,no stopping,86.0,18.0,146.0,85.0
2998,one-way traffic (left),71.0,1.0,118.0,16.0
2999,no entry,71.0,164.0,96.0,190.0
2999,no entry,501.0,148.0,512.0,163.0
3,parking place,109.0,91.0,135.0,119.0
30,parking place,94.0,75.0,123.0,106.0
3000,stop,220.0,155.0,275.0,214.0
3000,drive straight or turn right,219.0,217.0,277.0,277.0
3000,no parking,355.0,280.0,363.0,296.0
3000,no stopping,55.0,201.0,76.0,224.0
3000,one-way traffic (left),48.0,187.0,71.0,200.0
3000,no large goods,57.0,165.0,76.0,187.0
3001,no entry,392.0,41.0,463.0,110.0
3002,no parking,80.0,186.0,117.0,226.0
3003,no entry,30.0,191.0,59.0,220.0
3004,stop,385.0,156.0,440.0,216.0
3004,turn right,390.0,92.0,455.0,154.0
3005,turn right,319.0,207.0,328.0,216.0
3005,stop,318.0,216.0,327.0,225.0
3005,no parking,394.0,220.0,414.0,240.0
3006,no parking,348.0,138.0,383.0,185.0
3007,drive straight,357.0,162.0,396.0,202.0
3008,no stopping,343.0,113.0,385.0,181.0
3008,no stopping,92.0,180.0,121.0,212.0
3009,no entry,295.0,173.0,317.0,210.0
301,stop,469.0,168.0,497.0,195.0
301,drive straight or turn right,468.0,195.0,495.0,221.0
3010,no entry,259.0,161.0,317.0,232.0
3010,no stopping,263.0,236.0,297.0,304.0
3011,no stopping,79.0,186.0,92.0,226.0
3011,stop,385.0,124.0,423.0,163.0
3011,turn left,384.0,167.0,422.0,203.0
3012,no stopping,286.0,195.0,318.0,276.0
3013,no entry,122.0,151.0,145.0,180.0
3014,no entry,362.0,169.0,405.0,214.0
3015,no entry,250.0,217.0,273.0,245.0
3016,no entry,80.0,147.0,156.0,251.0
3016,drive straight,145.0,211.0,228.0,295.0
3016,no parking,150.0,121.0,230.0,210.0
3016,no parking,461.0,210.0,473.0,222.0
3016,parking place,460.0,224.0,465.0,229.0
3017,no parking,362.0,182.0,437.0,258.0
3018,restricted vehicular access,246.0,157.0,297.0,212.0
3019,drive straight,301.0,127.0,334.0,184.0
302,no entry,44.0,188.0,68.0,231.0
302,no entry,405.0,196.0,426.0,229.0
3020,no stopping,103.0,160.0,131.0,204.0
3020,no stopping,457.0,208.0,474.0,229.0
3021,restricted vehicular access,395.0,177.0,421.0,204.0
3021,no stopping,63.0,195.0,106.0,239.0
3021,parking place,294.0,216.0,304.0,227.0
3021,no stopping,262.0,221.0,266.0,226.0
3022,no stopping,56.0,189.0,80.0,220.0
3022,no stopping,296.0,98.0,385.0,198.0
3023,parking place,208.0,158.0,250.0,231.0
3023,one-way traffic (right),184.0,125.0,284.0,153.0
3024,restricted vehicular access,259.0,181.0,279.0,223.0
3024,no parking,459.0,377.0,475.0,418.0
3025,drive straight,130.0,112.0,217.0,202.0
3025,no parking,426.0,253.0,438.0,270.0
3025,no entry,219.0,202.0,257.0,268.0
3026,restricted vehicular access,120.0,145.0,136.0,171.0
3026,no parking,124.0,197.0,138.0,220.0
3026,parking place,124.0,225.0,129.0,235.0
3026,parking place,321.0,158.0,346.0,194.0
3027,no entry,386.0,172.0,492.0,278.0
3029,parking place,321.0,240.0,394.0,318.0
303,no parking,73.0,189.0,87.0,210.0
3030,no stopping,255.0,214.0,279.0,256.0
3031,no parking,106.0,203.0,143.0,250.0
3032,parking place,294.0,198.0,311.0,218.0
3032,no parking,123.0,258.0,130.0,265.0
3033,no stopping,207.0,112.0,261.0,171.0
3034,parking place,132.0,200.0,180.0,250.0
3035,no parking,91.0,223.0,108.0,246.0
3035,no parking,440.0,258.0,469.0,285.0
3036,no entry,67.0,149.0,103.0,198.0
3037,parking place,327.0,92.0,367.0,138.0
3037,one-way traffic (left),304.0,178.0,368.0,205.0
3037,no stopping,87.0,178.0,107.0,198.0
3037,parking place,86.0,203.0,93.0,212.0
3038,parking place,206.0,13.0,241.0,55.0
3039,no through road,326.0,260.0,424.0,378.0
3039,no stopping,324.0,153.0,421.0,258.0
304,turn right,204.0,148.0,268.0,245.0
304,one-way traffic (right),170.0,74.0,313.0,178.0
3040,no entry,122.0,70.0,202.0,172.0
3041,no parking,230.0,178.0,282.0,252.0
3042,no entry,32.0,73.0,60.0,170.0
3043,no parking,171.0,149.0,249.0,260.0
3044,no parking,84.0,72.0,110.0,107.0
3044,no entry,336.0,203.0,353.0,265.0
3044,parking place,84.0,111.0,94.0,125.0
3045,no entry,89.0,111.0,184.0,210.0
3045,no stopping,259.0,160.0,351.0,264.0
3046,restricted vehicular access,267.0,194.0,302.0,242.0
3047,restricted vehicular access,64.0,24.0,165.0,203.0
3047,no stopping,250.0,163.0,427.0,494.0
3048,no entry,331.0,93.0,406.0,193.0
3049,restricted vehicular access,138.0,163.0,174.0,207.0
3049,no stopping,345.0,241.0,403.0,308.0
305,no entry,45.0,183.0,76.0,218.0
305,no entry,35.0,122.0,64.0,159.0
305,no parking,431.0,188.0,441.0,200.0
3050,no parking,13.0,197.0,60.0,257.0
3051,drive straight,81.0,146.0,164.0,237.0
3051,no entry,211.0,156.0,258.0,206.0
3051,no stopping,318.0,84.0,340.0,130.0
3051,no stopping,425.0,93.0,440.0,109.0
3051,restricted vehicular access,460.0,74.0,469.0,84.0
3051,stop,89.0,89.0,111.0,139.0
3052,no entry,240.0,150.0,301.0,214.0
3053,no parking,254.0,62.0,292.0,99.0
3053,parking place,247.0,116.0,272.0,142.0
3053,no stopping,225.0,152.0,317.0,243.0
3054,no parking,150.0,323.0,165.0,350.0
3054,no parking,93.0,242.0,99.0,267.0
3054,restricted vehicular access,212.0,161.0,238.0,187.0
3054,one-way traffic (left),313.0,275.0,393.0,296.0
3055,restricted vehicular access,212.0,286.0,270.0,358.0
3056,restricted vehicular access,132.0,193.0,144.0,209.0
3056,parking place,73.0,205.0,90.0,225.0
3056,no stopping,20.0,201.0,37.0,220.0
3056,no stopping,411.0,63.0,496.0,158.0
3056,maximum speed 10km/h,131.0,226.0,151.0,255.0
3057,no stopping,191.0,97.0,366.0,290.0
3058,no stopping,2.0,276.0,15.0,289.0
3058,no stopping,62.0,216.0,104.0,259.0
3058,no parking,72.0,276.0,94.0,297.0
3058,parking place,72.0,301.0,82.0,311.0
3058,restricted vehicular access,395.0,141.0,441.0,183.0
3059,restricted vehicular access,228.0,82.0,267.0,125.0
3059,no stopping,60.0,201.0,75.0,218.0
3059,one-way traffic (left),166.0,227.0,191.0,259.0
306,no parking,408.0,89.0,452.0,134.0
3060,turn right,103.0,114.0,140.0,154.0
3060,turn right,272.0,147.0,279.0,156.0
3060,stop,272.0,136.0,280.0,145.0
3061,stop,394.0,23.0,479.0,104.0
3061,turn right,408.0,107.0,474.0,190.0
3062,restricted vehicular access,182.0,146.0,222.0,221.0
3063,no entry,121.0,30.0,191.0,141.0
3064,stop,99.0,6.0,278.0,214.0
3065,no parking,56.0,185.0,98.0,247.0
3065,parking place,56.0,252.0,72.0,276.0
3065,restricted vehicular access,287.0,126.0,320.0,165.0
3066,no stopping,359.0,102.0,434.0,176.0
3067,no stopping,45.0,16.0,135.0,140.0
3067,no parking,413.0,200.0,439.0,236.0
3068,no entry,203.0,68.0,271.0,147.0
3069,stop,52.0,126.0,106.0,186.0
3069,turn right,58.0,223.0,112.0,277.0
3069,no parking,387.0,183.0,398.0,196.0
3069,parking place,384.0,201.0,392.0,208.0
307,no parking,338.0,88.0,353.0,104.0
307,parking place,338.0,104.0,345.0,111.0
307,no entry,64.0,78.0,103.0,120.0
3070,no stopping,38.0,162.0,76.0,200.0
3071,no parking,162.0,214.0,196.0,261.0
3071,no entry,229.0,53.0,303.0,158.0
3072,no entry,24.0,153.0,39.0,187.0
3072,no entry,257.0,204.0,271.0,218.0
3072,no stopping,410.0,188.0,432.0,215.0
3073,no stopping,189.0,124.0,283.0,261.0
3074,turn right,169.0,198.0,212.0,242.0
3075,no entry,173.0,267.0,238.0,337.0
3076,drive straight or turn left,215.0,173.0,277.0,240.0
3076,one-way traffic (left),381.0,114.0,439.0,133.0
3077,no parking,434.0,175.0,447.0,194.0
3077,no parking,28.0,248.0,54.0,271.0
3078,no parking,324.0,188.0,352.0,223.0
3078,no entry,98.0,120.0,149.0,180.0
3079,no parking,390.0,117.0,409.0,136.0
3079,parking place,450.0,107.0,478.0,136.0
3079,parking place,33.0,86.0,70.0,127.0
3079,parking place,390.0,140.0,397.0,147.0
308,no stopping,344.0,178.0,369.0,205.0
308,parking place,376.0,184.0,399.0,210.0
3080,no stopping,431.0,215.0,478.0,256.0
3081,no stopping,174.0,77.0,253.0,175.0
3082,parking place,111.0,267.0,152.0,325.0
3082,no parking,415.0,150.0,456.0,192.0
3083,no parking,162.0,85.0,188.0,115.0
3083,no parking,427.0,71.0,508.0,153.0
3083,parking place,161.0,120.0,173.0,133.0
3083,parking place,34.0,90.0,79.0,135.0
3083,maximum speed 30km/h,16.0,83.0,42.0,115.0
3083,maximum speed 30km/h,7.0,119.0,23.0,141.0
3084,maximum speed 30km/h,25.0,175.0,65.0,211.0
3084,no parking,467.0,190.0,493.0,212.0
3086,no entry,188.0,307.0,239.0,357.0
3087,no parking,119.0,76.0,149.0,119.0
3087,parking place,118.0,127.0,130.0,144.0
3087,no parking,394.0,324.0,411.0,366.0
3088,no parking,15.0,190.0,43.0,219.0
3088,parking place,451.0,168.0,486.0,223.0
3089,restricted vehicular access,311.0,253.0,368.0,315.0
309,no stopping,212.0,180.0,289.0,259.0
309,parking place,313.0,197.0,366.0,277.0
3090,no stopping,175.0,188.0,219.0,243.0
3090,parking place,177.0,245.0,221.0,292.0
3091,no entry,142.0,61.0,242.0,162.0
3091,turn left,144.0,167.0,233.0,270.0
3093,maximum speed 30km/h,103.0,165.0,143.0,205.0
3093,no parking,329.0,240.0,343.0,258.0
3094,no parking,47.0,138.0,69.0,166.0
3094,no parking,416.0,234.0,430.0,248.0
3094,parking place,47.0,167.0,58.0,179.0
3095,no entry,182.0,156.0,209.0,220.0
3095,drive straight,265.0,147.0,359.0,246.0
3096,stop,19.0,172.0,43.0,195.0
3096,turn right,18.0,193.0,43.0,218.0
3097,drive straight or turn right,338.0,128.0,368.0,158.0
3098,no parking,445.0,170.0,492.0,211.0
3098,no entry,75.0,88.0,156.0,192.0
3099,no entry,155.0,186.0,284.0,330.0
3099,stop,215.0,30.0,245.0,182.0
31,no parking,80.0,95.0,107.0,125.0
310,no parking,112.0,124.0,138.0,150.0
310,parking place,110.0,154.0,121.0,165.0
3100,drive straight,170.0,85.0,334.0,264.0
3101,turn right,255.0,209.0,275.0,232.0
3101,stop,367.0,120.0,409.0,169.0
3102,parking place,251.0,125.0,303.0,185.0
3103,turn right,239.0,158.0,298.0,221.0
3103,stop,239.0,92.0,298.0,160.0
3104,parking place,136.0,208.0,190.0,267.0
3104,no parking,123.0,97.0,175.0,157.0
3104,no parking,373.0,237.0,388.0,265.0
3105,parking place,162.0,135.0,214.0,192.0
3106,keep right,46.0,168.0,106.0,228.0
3106,no entry,299.0,105.0,323.0,131.0
3107,no entry,360.0,288.0,428.0,358.0
3107,parking place,159.0,147.0,183.0,173.0
3107,parking place,85.0,149.0,106.0,172.0
3108,restricted vehicular access,245.0,195.0,283.0,236.0
3109,pass either side,421.0,152.0,495.0,229.0
3109,no entry,50.0,166.0,79.0,223.0
311,no parking,65.0,158.0,92.0,185.0
311,no parking,342.0,156.0,360.0,179.0
3110,turn right,67.0,252.0,100.0,284.0
3110,give way,388.0,170.0,440.0,216.0
3110,no entry,120.0,215.0,132.0,229.0
3111,parking place,324.0,144.0,364.0,185.0
3111,parking place,276.0,163.0,297.0,186.0
3111,parking place,172.0,191.0,178.0,198.0
3112,turn right,26.0,192.0,73.0,240.0
3112,drive straight,458.0,133.0,494.0,169.0
3112,no entry,60.0,137.0,74.0,157.0
3112,give way,454.0,87.0,506.0,132.0
3113,no stopping,264.0,158.0,326.0,230.0
3114,parking place,225.0,151.0,255.0,253.0
3115,parking place,23.0,91.0,100.0,166.0
3115,no parking,440.0,205.0,466.0,234.0
3116,stop,230.0,84.0,291.0,174.0
3117,no stopping,213.0,190.0,247.0,228.0
3118,no parking,400.0,191.0,438.0,231.0
3118,parking place,396.0,233.0,414.0,253.0
3118,parking place,47.0,154.0,96.0,209.0
3119,parking place,41.0,187.0,61.0,206.0
3119,no stopping,422.0,180.0,468.0,227.0
312,no parking,62.0,155.0,93.0,211.0
3120,parking place,33.0,152.0,62.0,176.0
3120,parking place,447.0,147.0,455.0,159.0
3120,no parking,448.0,116.0,471.0,145.0
3121,parking place,16.0,167.0,38.0,189.0
3121,parking place,451.0,113.0,504.0,164.0
3122,stop,236.0,133.0,283.0,182.0
3123,parking place,166.0,147.0,201.0,201.0
3124,parking place,192.0,20.0,266.0,162.0
3125,no stopping,106.0,33.0,167.0,184.0
3126,keep right,2.0,272.0,54.0,320.0
3126,keep right,147.0,223.0,166.0,242.0
3126,turn right,153.0,246.0,163.0,261.0
3126,no entry,180.0,221.0,188.0,231.0
3126,give way,438.0,132.0,499.0,186.0
3126,give way,407.0,174.0,418.0,192.0
3126,roundabout,408.0,194.0,418.0,208.0
3126,roundabout,445.0,185.0,486.0,225.0
3127,keep right,125.0,79.0,261.0,215.0
3127,turn right,148.0,221.0,252.0,354.0
3128,give way,291.0,100.0,381.0,181.0
3128,roundabout,311.0,181.0,372.0,242.0
3129,no stopping,170.0,109.0,249.0,223.0
3129,parking place,313.0,291.0,334.0,315.0
3129,no stopping,29.0,403.0,39.0,425.0
313,no parking,13.0,156.0,31.0,181.0
313,parking place,15.0,183.0,22.0,193.0
313,drive straight,419.0,208.0,437.0,227.0
313,no parking,392.0,213.0,405.0,226.0
3130,no entry,273.0,164.0,320.0,213.0
3130,turn left,274.0,214.0,321.0,260.0
3131,maximum speed 30km/h,225.0,64.0,278.0,191.0
3131,bumps in the road,217.0,203.0,280.0,355.0
3131,no stopping,142.0,302.0,214.0,423.0
3132,no entry,125.0,70.0,180.0,163.0
3133,pedestrian lane,284.0,280.0,356.0,358.0
3133,pedestrian crossing,307.0,204.0,336.0,277.0
3134,no entry,113.0,221.0,157.0,260.0
3134,stop,209.0,55.0,338.0,187.0
3134,turn right,210.0,194.0,335.0,323.0
3135,keep right,27.0,281.0,79.0,325.0
3135,no parking,388.0,175.0,409.0,194.0
3135,no parking,483.0,195.0,491.0,205.0
3136,stop,160.0,107.0,243.0,192.0
3137,no stopping,109.0,46.0,278.0,235.0
3138,no entry,37.0,189.0,58.0,208.0
3138,no entry,302.0,160.0,338.0,196.0
3138,turn left,304.0,197.0,338.0,232.0
3139,stop,176.0,114.0,245.0,184.0
3139,drive straight or turn right,176.0,188.0,246.0,257.0
314,drive straight,435.0,187.0,470.0,221.0
314,no parking,370.0,203.0,386.0,219.0
314,no entry,177.0,210.0,192.0,226.0
3140,no parking,261.0,201.0,276.0,225.0
3141,stop,226.0,154.0,254.0,184.0
3141,turn right,228.0,183.0,255.0,211.0
3142,stop,173.0,241.0,230.0,308.0
3142,turn left,180.0,310.0,224.0,377.0
3143,no stopping,236.0,173.0,360.0,310.0
3144,turn left,3.0,116.0,110.0,267.0
3145,no parking,170.0,123.0,238.0,223.0
3146,no entry,346.0,185.0,381.0,228.0
3147,no parking,86.0,162.0,157.0,237.0
3148,parking place,392.0,155.0,454.0,241.0
3148,parking place,101.0,229.0,121.0,251.0
3149,parking place,23.0,185.0,52.0,254.0
3149,parking place,405.0,293.0,412.0,307.0
3149,no parking,408.0,250.0,426.0,291.0
315,no entry,108.0,127.0,157.0,200.0
3150,no entry,217.0,103.0,272.0,202.0
3151,no parking,171.0,65.0,279.0,281.0
3152,no parking,79.0,188.0,98.0,206.0
3152,parking place,80.0,207.0,87.0,217.0
3152,no stopping,187.0,177.0,240.0,228.0
3152,no stopping,355.0,157.0,436.0,235.0
3153,drive straight,162.0,184.0,234.0,260.0
3153,no entry,171.0,103.0,213.0,182.0
3154,no parking,51.0,115.0,86.0,150.0
3154,no parking,226.0,77.0,250.0,100.0
3154,parking place,226.0,102.0,235.0,112.0
3154,drive straight,216.0,116.0,260.0,162.0
3155,parking place,129.0,350.0,189.0,410.0
3156,turn left,149.0,143.0,212.0,224.0
3157,no entry,75.0,180.0,96.0,246.0
3157,no entry,208.0,213.0,237.0,243.0
3158,no entry,141.0,284.0,150.0,320.0
3158,stop,75.0,264.0,121.0,310.0
3158,turn left,76.0,312.0,120.0,357.0
3159,turn right,314.0,182.0,358.0,224.0
3159,stop,315.0,135.0,360.0,181.0
316,turn left,405.0,204.0,448.0,248.0
316,no entry,76.0,221.0,94.0,257.0
3160,no parking,312.0,302.0,359.0,417.0
3161,no parking,106.0,194.0,120.0,210.0
3161,no parking,396.0,168.0,428.0,205.0
3161,parking place,394.0,210.0,407.0,225.0
3161,parking place,106.0,211.0,112.0,217.0
3162,parking place,331.0,205.0,368.0,244.0
3162,no stopping,124.0,203.0,151.0,233.0
3163,stop,179.0,201.0,221.0,255.0
3163,turn left,180.0,263.0,224.0,316.0
3164,no stopping,291.0,233.0,316.0,264.0
3165,no parking,49.0,191.0,74.0,227.0
3165,parking place,47.0,228.0,59.0,247.0
3165,parking place,345.0,114.0,440.0,227.0
3166,pedestrian crossing,305.0,74.0,391.0,168.0
3167,parking place,173.0,38.0,306.0,248.0
3167,parking place,189.0,254.0,200.0,269.0
3167,no parking,216.0,352.0,255.0,393.0
3168,stop,103.0,70.0,121.0,88.0
3168,turn right,102.0,88.0,120.0,107.0
3169,no parking,151.0,93.0,177.0,121.0
3169,no parking,374.0,200.0,404.0,231.0
317,drive straight or turn right,375.0,200.0,412.0,238.0
3170,parking place,86.0,9.0,183.0,111.0
3170,parking place,94.0,114.0,102.0,122.0
3171,one-way traffic (left),210.0,176.0,314.0,212.0
3171,no parking,63.0,274.0,69.0,289.0
3171,no parking,125.0,302.0,134.0,317.0
3171,maximum speed 30km/h,248.0,216.0,284.0,302.0
3172,maximum speed 30km/h,173.0,94.0,240.0,305.0
3172,no parking,197.0,314.0,237.0,358.0
3172,no parking,106.0,250.0,123.0,281.0
3173,stop,362.0,45.0,470.0,153.0
3173,drive straight or turn right,363.0,155.0,469.0,260.0
3173,no parking,79.0,234.0,87.0,244.0
3174,restricted vehicular access,23.0,86.0,55.0,114.0
3174,parking place,404.0,126.0,497.0,217.0
3174,no parking,218.0,91.0,288.0,165.0
3174,no parking,22.0,134.0,68.0,180.0
3175,turn left,172.0,105.0,231.0,185.0
318,no parking,462.0,127.0,512.0,207.0
319,no entry,232.0,128.0,282.0,271.0
319,drive straight or turn left,199.0,271.0,323.0,412.0
32,no stopping,71.0,97.0,98.0,127.0
32,parking place,179.0,110.0,193.0,124.0
320,no parking,141.0,103.0,190.0,161.0
321,stop,175.0,134.0,268.0,236.0
321,drive straight or turn right,185.0,237.0,248.0,304.0
322,no entry,424.0,142.0,484.0,206.0
323,no parking,248.0,237.0,305.0,298.0
324,drive straight or turn right,364.0,165.0,400.0,201.0
324,no parking,315.0,177.0,334.0,197.0
325,no entry,164.0,124.0,199.0,204.0
326,drive straight or turn left,368.0,175.0,405.0,217.0
326,no parking,73.0,199.0,86.0,222.0
327,no stopping,386.0,193.0,426.0,232.0
328,no entry,187.0,165.0,324.0,312.0
329,no entry,5.0,170.0,23.0,217.0
329,drive straight,318.0,23.0,420.0,164.0
33,parking place,109.0,83.0,140.0,117.0
330,no entry,293.0,131.0,412.0,259.0
331,no entry,230.0,209.0,247.0,226.0
331,no entry,57.0,214.0,79.0,236.0
331,stop,385.0,135.0,428.0,178.0
331,turn right,403.0,178.0,417.0,220.0
331,no parking,380.0,243.0,386.0,252.0
332,no entry,100.0,170.0,149.0,227.0
332,no entry,254.0,249.0,313.0,308.0
333,no entry,319.0,255.0,336.0,272.0
333,stop,331.0,221.0,360.0,250.0
333,turn left,61.0,261.0,90.0,294.0
334,stop,385.0,66.0,424.0,118.0
334,right or left turn only ahead,386.0,119.0,430.0,168.0
334,no parking,31.0,189.0,38.0,200.0
334,parking place,32.0,204.0,36.0,209.0
334,no entry,318.0,166.0,336.0,185.0
334,one-way traffic (right),321.0,191.0,352.0,199.0
335,no entry,364.0,146.0,395.0,179.0
335,one-way traffic (right),371.0,190.0,421.0,206.0
336,no entry,407.0,164.0,420.0,198.0
336,stop,342.0,164.0,351.0,188.0
336,parking place,238.0,206.0,248.0,215.0
337,parking place,58.0,139.0,102.0,185.0
338,parking place,239.0,211.0,247.0,220.0
338,drive straight or turn right,392.0,168.0,419.0,197.0
339,no entry,349.0,178.0,377.0,205.0
34,no entry,74.0,96.0,115.0,145.0
340,parking place,75.0,175.0,105.0,205.0
341,parking place,22.0,161.0,34.0,173.0
341,drive straight,456.0,153.0,484.0,186.0
342,no entry,327.0,93.0,407.0,181.0
343,no entry,345.0,210.0,372.0,241.0
343,no entry,422.0,236.0,434.0,273.0
344,no entry,203.0,169.0,219.0,186.0
344,no entry,56.0,198.0,68.0,214.0
344,one-way traffic (right),224.0,182.0,246.0,189.0
344,stop,374.0,145.0,441.0,215.0
344,turn right,371.0,216.0,435.0,284.0
345,parking place,227.0,166.0,290.0,230.0
345,no parking,358.0,206.0,365.0,219.0
346,no stopping,225.0,195.0,232.0,206.0
346,turn right,314.0,183.0,337.0,209.0
346,no parking,426.0,176.0,444.0,195.0
346,parking place,424.0,197.0,432.0,205.0
347,no stopping,87.0,167.0,122.0,205.0
347,one-way traffic (right),81.0,206.0,132.0,223.0
348,no entry,197.0,190.0,228.0,252.0
349,no entry,421.0,85.0,483.0,150.0
35,no entry,91.0,88.0,124.0,133.0
350,no stopping,119.0,112.0,146.0,138.0
351,no stopping,135.0,79.0,415.0,362.0
351,one-way traffic (right),168.0,363.0,405.0,477.0
352,one-way traffic (right),300.0,187.0,330.0,195.0
352,stop,397.0,155.0,435.0,197.0
352,no parking,202.0,189.0,206.0,193.0
353,two-way traffic,100.0,163.0,147.0,204.0
353,no stopping,157.0,169.0,191.0,205.0
353,no stopping,294.0,171.0,320.0,199.0
353,level crossing with barrier,172.0,181.0,219.0,223.0
354,no entry,265.0,86.0,369.0,200.0
355,no entry,371.0,184.0,381.0,207.0
355,drive straight or turn left,375.0,189.0,411.0,227.0
355,one-way traffic (left),191.0,189.0,218.0,196.0
356,parking place,218.0,145.0,244.0,172.0
356,one-way traffic (left),1.0,184.0,49.0,195.0
356,no entry,419.0,155.0,460.0,212.0
357,two-way traffic,318.0,171.0,369.0,217.0
357,no stopping,325.0,219.0,361.0,256.0
357,drive straight or turn left,146.0,227.0,155.0,235.0
358,no entry,287.0,201.0,388.0,323.0
359,no entry,379.0,200.0,404.0,234.0
359,parking place,34.0,158.0,87.0,211.0
36,parking place,76.0,82.0,109.0,123.0
360,stop,53.0,222.0,76.0,243.0
360,stop,413.0,192.0,444.0,222.0
360,parking place,334.0,199.0,340.0,217.0
360,turn left,55.0,244.0,74.0,264.0
360,cycle lane,267.0,217.0,276.0,226.0
361,turn right,118.0,150.0,159.0,200.0
361,no stopping,260.0,213.0,291.0,246.0
361,stop,356.0,226.0,376.0,246.0
361,turn left,356.0,247.0,373.0,266.0
362,no entry,209.0,70.0,276.0,141.0
363,maximum speed 30km/h,100.0,183.0,169.0,268.0
363,bumps in the road,87.0,30.0,186.0,144.0
363,no stopping,422.0,200.0,434.0,214.0
364,no stopping,134.0,148.0,172.0,191.0
365,no stopping,419.0,183.0,449.0,214.0
365,maximum speed 30km/h,451.0,206.0,472.0,227.0
366,no entry,263.0,231.0,326.0,298.0
366,keep right,260.0,163.0,323.0,230.0
367,give way,374.0,165.0,410.0,199.0
367,give way,117.0,161.0,130.0,177.0
367,roundabout,118.0,178.0,124.0,188.0
368,roundabout,364.0,185.0,384.0,218.0
368,give way,360.0,141.0,401.0,184.0
369,give way,326.0,147.0,379.0,197.0
369,roundabout,330.0,198.0,370.0,237.0
369,pedestrian crossing ahead,54.0,140.0,72.0,166.0
37,drive straight,114.0,60.0,139.0,124.0
370,keep right,88.0,227.0,164.0,315.0
370,roundabout,248.0,78.0,257.0,100.0
370,give way,249.0,48.0,256.0,77.0
371,turn left,352.0,126.0,391.0,166.0
371,no entry,318.0,163.0,344.0,190.0
372,no entry,412.0,170.0,461.0,219.0
373,no stopping,406.0,149.0,444.0,194.0
373,turn left,250.0,207.0,282.0,240.0
373,no entry,211.0,217.0,227.0,234.0
373,no entry,48.0,237.0,63.0,252.0
374,no entry,396.0,269.0,419.0,292.0
374,stop,221.0,272.0,241.0,295.0
374,one-way traffic (left),212.0,296.0,248.0,303.0
374,bumps in the road,118.0,277.0,140.0,295.0
374,maximum speed 30km/h,122.0,295.0,137.0,310.0
375,no stopping,50.0,163.0,96.0,226.0
375,no stopping,437.0,265.0,449.0,277.0
376,parking place,140.0,221.0,169.0,250.0
376,pedestrian crossing,274.0,203.0,308.0,241.0
376,one-way traffic (left),269.0,241.0,305.0,259.0
377,pedestrian crossing,406.0,195.0,429.0,218.0
377,stop,342.0,184.0,356.0,198.0
378,stop,388.0,212.0,413.0,235.0
379,turn left,301.0,124.0,343.0,220.0
38,no entry,148.0,60.0,178.0,122.0
38,turn right,31.0,112.0,50.0,145.0
380,no entry,287.0,163.0,306.0,203.0
381,no parking,103.0,221.0,121.0,240.0
381,no parking,171.0,184.0,187.0,202.0
382,no parking,386.0,44.0,475.0,131.0
382,no parking,37.0,220.0,52.0,238.0
382,parking place,36.0,240.0,43.0,248.0
382,no parking,313.0,235.0,317.0,239.0
383,drive straight,399.0,115.0,430.0,178.0
384,no parking,213.0,191.0,243.0,227.0
384,parking place,212.0,233.0,224.0,247.0
385,stop,413.0,131.0,464.0,183.0
385,no stopping,302.0,218.0,320.0,237.0
385,no stopping,50.0,198.0,84.0,232.0
386,no stopping,183.0,120.0,229.0,261.0
386,no parking,320.0,396.0,351.0,429.0
387,no stopping,349.0,184.0,375.0,210.0
388,no stopping,427.0,172.0,457.0,202.0
388,no entry,91.0,186.0,119.0,213.0
388,turn right,90.0,215.0,117.0,243.0
389,turn right,257.0,239.0,306.0,292.0
389,no entry,257.0,181.0,309.0,235.0
39,no entry,40.0,85.0,61.0,119.0
39,parking place,120.0,98.0,150.0,131.0
390,stop,305.0,212.0,344.0,249.0
390,turn left,494.0,174.0,512.0,202.0
391,drive straight,50.0,237.0,79.0,273.0
391,stop,377.0,193.0,397.0,213.0
391,drive straight or turn right,377.0,213.0,396.0,232.0
391,drive straight,301.0,215.0,308.0,223.0
392,drive straight,186.0,272.0,194.0,280.0
392,stop,403.0,217.0,441.0,256.0
392,drive straight or turn right,403.0,257.0,439.0,296.0
393,drive straight,126.0,200.0,169.0,246.0
393,drive straight,357.0,203.0,378.0,223.0
393,give way,356.0,180.0,381.0,203.0
393,no overtaking by heavy goods vehicles,328.0,178.0,344.0,194.0
394,stop,170.0,316.0,227.0,372.0
394,turn left,172.0,372.0,228.0,428.0
395,stop,297.0,186.0,369.0,261.0
396,parking place,379.0,161.0,400.0,185.0
396,bumps in the road,187.0,189.0,199.0,201.0
397,bumps in the road,75.0,134.0,101.0,193.0
397,maximum speed 30km/h,75.0,212.0,98.0,258.0
398,keep left,389.0,157.0,434.0,209.0
398,stop,229.0,66.0,244.0,83.0
399,stop,363.0,126.0,386.0,149.0
4,no entry,111.0,90.0,149.0,129.0
40,parking place,22.0,86.0,52.0,120.0
40,parking place,140.0,90.0,159.0,109.0
40,parking place,100.0,108.0,105.0,113.0
40,no parking,101.0,95.0,113.0,107.0
400,stop,404.0,119.0,479.0,215.0
401,no parking,260.0,69.0,324.0,138.0
402,stop,337.0,167.0,356.0,209.0
402,no parking,183.0,191.0,196.0,212.0
402,restricted vehicular access,165.0,185.0,170.0,194.0
403,pedestrian crossing,17.0,165.0,55.0,202.0
403,no parking,440.0,151.0,457.0,168.0
403,no entry,302.0,187.0,309.0,196.0
404,no entry,115.0,214.0,142.0,241.0
404,no entry,367.0,188.0,392.0,223.0
404,no parking,12.0,213.0,19.0,222.0
405,no entry,243.0,147.0,251.0,182.0
405,no entry,93.0,173.0,112.0,196.0
406,bumps in the road,281.0,176.0,295.0,187.0
406,maximum speed 30km/h,282.0,191.0,293.0,201.0
406,drive straight,245.0,188.0,252.0,194.0
407,stop,279.0,204.0,309.0,234.0
407,no parking,351.0,238.0,358.0,247.0
407,no entry,28.0,218.0,40.0,231.0
408,bumps in the road,119.0,69.0,184.0,131.0
408,maximum speed 30km/h,129.0,152.0,174.0,200.0
409,drive straight,385.0,118.0,408.0,141.0
41,no entry,75.0,98.0,114.0,153.0
410,maximum speed 30km/h,349.0,180.0,373.0,206.0
410,restricted vehicular access,292.0,127.0,308.0,157.0
410,no parking,314.0,123.0,332.0,154.0
411,pedestrian crossing,410.0,194.0,439.0,222.0
411,give way,344.0,201.0,364.0,221.0
411,no entry,203.0,231.0,219.0,247.0
411,keep right,203.0,247.0,219.0,262.0
411,keep right,254.0,226.0,263.0,235.0
412,keep right,71.0,311.0,133.0,374.0
412,keep right,364.0,204.0,383.0,225.0
412,no entry,70.0,244.0,133.0,311.0
412,restricted vehicular access,435.0,176.0,442.0,183.0
413,give way,93.0,33.0,236.0,165.0
414,keep right,404.0,187.0,430.0,234.0
414,keep right,81.0,171.0,93.0,183.0
415,keep right,60.0,225.0,90.0,255.0
415,keep right,97.0,180.0,114.0,198.0
415,keep right,48.0,184.0,59.0,195.0
415,no entry,58.0,190.0,87.0,221.0
415,give way,423.0,142.0,482.0,195.0
416,restricted vehicular access,348.0,160.0,368.0,181.0
417,keep right,74.0,277.0,104.0,305.0
417,keep right,78.0,230.0,92.0,244.0
417,give way,294.0,183.0,320.0,207.0
417,roundabout,297.0,208.0,316.0,227.0
417,pedestrian crossing,41.0,211.0,48.0,218.0
418,stop,194.0,181.0,210.0,199.0
418,stop,302.0,180.0,320.0,217.0
418,no parking,451.0,237.0,465.0,266.0
419,stop,399.0,101.0,458.0,163.0
419,no entry,260.0,197.0,276.0,218.0
419,keep right,359.0,180.0,375.0,195.0
42,no entry,30.0,82.0,69.0,127.0
42,parking place,150.0,97.0,179.0,145.0
420,keep right,181.0,176.0,200.0,194.0
420,no entry,27.0,223.0,49.0,275.0
420,give way,433.0,82.0,487.0,132.0
420,roundabout,436.0,132.0,477.0,171.0
421,no overtaking,351.0,150.0,381.0,181.0
421,maximum speed 50km/h,351.0,182.0,379.0,211.0
421,pedestrian crossing,314.0,181.0,339.0,206.0
422,drive straight,394.0,205.0,418.0,232.0
423,turn right,136.0,193.0,160.0,224.0
423,no parking,143.0,229.0,151.0,240.0
424,parking place,111.0,174.0,127.0,192.0
425,maximum speed 50km/h,368.0,236.0,400.0,279.0
425,parking place,208.0,245.0,213.0,259.0
425,stop,51.0,244.0,58.0,256.0
426,drive straight,446.0,210.0,481.0,248.0
426,pedestrian crossing,263.0,205.0,276.0,217.0
427,turn right,319.0,161.0,368.0,211.0
427,stop,320.0,109.0,370.0,160.0
428,pedestrian crossing,270.0,78.0,298.0,120.0
429,no stopping,145.0,185.0,180.0,221.0
429,no large goods,438.0,166.0,482.0,219.0
43,parking place,91.0,72.0,130.0,145.0
430,drive straight,434.0,184.0,457.0,209.0
430,drive straight,127.0,178.0,136.0,188.0
430,pedestrian crossing,88.0,199.0,101.0,212.0
430,pedestrian crossing,45.0,204.0,53.0,212.0
431,no parking,385.0,126.0,405.0,163.0
432,no parking,151.0,180.0,180.0,210.0
433,pedestrian crossing,405.0,160.0,427.0,182.0
434,stop,426.0,170.0,454.0,198.0
434,turn right,425.0,197.0,453.0,224.0
435,turn right,108.0,219.0,223.0,370.0
435,stop,107.0,65.0,228.0,220.0
436,pedestrian crossing,390.0,142.0,450.0,214.0
437,pedestrian crossing,326.0,172.0,354.0,205.0
438,roundabout ahead,197.0,104.0,254.0,156.0
439,pedestrian crossing,350.0,329.0,387.0,369.0
44,no entry,66.0,74.0,109.0,126.0
440,no entry,43.0,77.0,107.0,190.0
440,no entry,418.0,98.0,464.0,192.0
441,no entry,133.0,232.0,140.0,250.0
441,no entry,184.0,234.0,192.0,252.0
441,keep right,300.0,229.0,313.0,256.0
441,keep left,419.0,228.0,438.0,261.0
442,pedestrian crossing,411.0,176.0,453.0,218.0
442,keep right,140.0,211.0,150.0,220.0
442,give way,244.0,192.0,255.0,203.0
442,roundabout,246.0,202.0,253.0,210.0
443,roundabout,393.0,200.0,415.0,222.0
443,give way,390.0,174.0,420.0,200.0
443,keep right,56.0,233.0,94.0,272.0
443,keep right,290.0,210.0,300.0,221.0
444,roundabout,262.0,200.0,302.0,242.0
444,give way,254.0,148.0,312.0,201.0
444,keep right,29.0,216.0,43.0,230.0
444,other danger,47.0,198.0,58.0,207.0
445,maximum speed 50km/h,384.0,248.0,429.0,299.0
445,pedestrian crossing,213.0,251.0,239.0,277.0
445,no parking,353.0,308.0,357.0,318.0
446,no parking,325.0,108.0,330.0,116.0
446,maximum speed 50km/h,399.0,65.0,421.0,97.0
446,pedestrian crossing,218.0,64.0,238.0,84.0
447,keep right,329.0,250.0,440.0,367.0
447,other danger,343.0,114.0,368.0,137.0
447,maximum speed 50km/h,217.0,113.0,232.0,128.0
447,no overtaking,217.0,127.0,232.0,142.0
447,pedestrian crossing,115.0,127.0,125.0,138.0
448,give way,200.0,68.0,269.0,130.0
448,roundabout,211.0,118.0,261.0,168.0
449,keep right,97.0,184.0,151.0,238.0
449,no entry,174.0,120.0,184.0,134.0
45,turn left,50.0,93.0,112.0,161.0
450,other danger,69.0,130.0,201.0,262.0
450,maximum speed 50km/h,221.0,158.0,289.0,226.0
450,no overtaking,223.0,228.0,289.0,296.0
450,pedestrian crossing,283.0,233.0,328.0,282.0
450,junction with a minor side-road from right,360.0,242.0,391.0,270.0
451,pedestrian crossing,242.0,127.0,286.0,171.0
452,maximum speed 20km/h,375.0,277.0,439.0,351.0
452,turn left,56.0,155.0,91.0,188.0
453,keep right,95.0,282.0,114.0,302.0
453,turn right,244.0,247.0,253.0,257.0
453,road works,393.0,302.0,447.0,353.0
453,other danger,284.0,212.0,295.0,222.0
453,no entry,1.0,214.0,6.0,231.0
454,no entry,51.0,211.0,73.0,240.0
454,no entry,308.0,219.0,322.0,244.0
454,no entry,335.0,244.0,343.0,253.0
454,keep right,462.0,335.0,495.0,370.0
455,turn right,94.0,199.0,153.0,260.0
456,no entry,158.0,112.0,214.0,168.0
457,drive straight,296.0,206.0,322.0,234.0
457,drive straight,101.0,228.0,110.0,237.0
457,stop,101.0,219.0,110.0,228.0
458,stop,395.0,94.0,443.0,142.0
458,drive straight,395.0,141.0,442.0,188.0
458,pedestrian crossing,221.0,147.0,247.0,171.0
458,maximum speed 50km/h,250.0,150.0,272.0,174.0
459,stop,396.0,94.0,413.0,113.0
459,no stopping,327.0,93.0,339.0,106.0
46,no stopping,80.0,74.0,130.0,130.0
460,no stopping,237.0,88.0,285.0,156.0
460,no parking,160.0,179.0,166.0,189.0
461,pedestrian crossing,267.0,140.0,290.0,163.0
462,pedestrian crossing,79.0,101.0,152.0,197.0
463,pedestrian crossing,317.0,50.0,346.0,93.0
464,no parking,408.0,122.0,434.0,149.0
464,no parking,198.0,155.0,212.0,169.0
464,parking place,198.0,171.0,203.0,176.0
464,bumps in the road,53.0,127.0,82.0,156.0
464,maximum speed 30km/h,57.0,165.0,78.0,189.0
465,no parking,390.0,226.0,414.0,255.0
465,parking place,389.0,257.0,399.0,269.0
465,bumps in the road,60.0,197.0,98.0,235.0
465,maximum speed 30km/h,65.0,247.0,94.0,277.0
466,maximum speed 30km/h,92.0,204.0,126.0,238.0
466,bumps in the road,86.0,149.0,131.0,191.0
466,no parking,423.0,177.0,454.0,212.0
466,parking place,422.0,215.0,434.0,229.0
466,turn left,31.0,180.0,44.0,208.0
467,turn left,313.0,68.0,380.0,142.0
468,no parking,85.0,194.0,99.0,210.0
468,no parking,438.0,159.0,471.0,198.0
469,drive straight or turn left,324.0,128.0,378.0,184.0
469,parking place,263.0,169.0,307.0,215.0
469,pedestrian crossing,61.0,195.0,78.0,212.0
469,no parking,24.0,182.0,36.0,193.0
47,no entry,98.0,60.0,154.0,133.0
470,no parking,303.0,205.0,323.0,228.0
470,pedestrian crossing,385.0,232.0,417.0,267.0
470,parking place,174.0,211.0,200.0,239.0
470,parking place,2.0,223.0,20.0,240.0
471,parking place,443.0,225.0,460.0,242.0
471,no parking,38.0,187.0,72.0,220.0
471,no parking,193.0,221.0,200.0,228.0
472,no entry,66.0,154.0,98.0,288.0
473,no entry,91.0,271.0,109.0,288.0
473,stop,400.0,252.0,451.0,302.0
474,no parking,72.0,204.0,89.0,250.0
474,pedestrian crossing,296.0,267.0,317.0,308.0
475,parking place,407.0,213.0,455.0,271.0
475,parking place,53.0,248.0,79.0,276.0
476,parking place,77.0,227.0,89.0,238.0
476,no parking,77.0,194.0,107.0,224.0
477,no parking,42.0,185.0,67.0,210.0
477,parking place,41.0,212.0,51.0,222.0
477,no parking,476.0,250.0,491.0,269.0
477,two-way traffic,447.0,248.0,463.0,262.0
478,turn right,166.0,189.0,203.0,239.0
478,no parking,345.0,233.0,350.0,244.0
479,no parking,305.0,173.0,376.0,255.0
479,maximum speed 30km/h,127.0,236.0,164.0,275.0
479,bumps in the road,118.0,169.0,172.0,218.0
48,no stopping,79.0,80.0,127.0,134.0
480,turn left,149.0,258.0,180.0,324.0
480,no entry,135.0,192.0,194.0,258.0
481,no stopping,80.0,122.0,152.0,198.0
481,maximum speed 30km/h,337.0,173.0,351.0,188.0
482,no parking,245.0,183.0,329.0,270.0
482,no entry,248.0,269.0,333.0,355.0
482,no entry,135.0,314.0,142.0,321.0
482,turn left,135.0,320.0,142.0,328.0
483,no entry,280.0,29.0,320.0,139.0
484,no parking,369.0,166.0,403.0,201.0
484,bumps in the road,206.0,161.0,249.0,200.0
484,maximum speed 30km/h,212.0,213.0,242.0,245.0
484,parking place,290.0,185.0,314.0,217.0
484,parking place,108.0,198.0,124.0,213.0
484,bumps in the road,90.0,187.0,110.0,205.0
484,maximum speed 30km/h,93.0,210.0,108.0,224.0
485,pedestrian crossing,371.0,237.0,422.0,287.0
485,no stopping,321.0,209.0,350.0,239.0
485,parking place,313.0,235.0,321.0,250.0
486,parking place,321.0,218.0,364.0,273.0
486,pedestrian crossing,302.0,226.0,374.0,310.0
486,bumps in the road,165.0,195.0,212.0,239.0
486,maximum speed 30km/h,173.0,251.0,204.0,286.0
487,no parking,391.0,190.0,438.0,238.0
488,no parking,147.0,230.0,191.0,276.0
488,parking place,176.0,159.0,229.0,268.0
488,bumps in the road,195.0,156.0,299.0,252.0
488,maximum speed 30km/h,214.0,295.0,284.0,373.0
488,no entry,273.0,288.0,336.0,367.0
489,stop,460.0,199.0,512.0,288.0
489,maximum speed 30km/h,41.0,248.0,54.0,281.0
489,bumps in the road,12.0,227.0,39.0,268.0
49,no entry,56.0,99.0,88.0,147.0
490,bumps in the road,55.0,191.0,133.0,292.0
490,maximum speed 30km/h,126.0,235.0,204.0,328.0
490,stop,385.0,142.0,433.0,279.0
490,parking place,323.0,257.0,346.0,284.0
491,stop,427.0,188.0,456.0,218.0
491,maximum speed 30km/h,411.0,204.0,424.0,231.0
491,bumps in the road,403.0,192.0,415.0,221.0
491,bumps in the road,134.0,192.0,144.0,213.0
491,maximum speed 30km/h,135.0,219.0,144.0,234.0
491,no entry,141.0,219.0,154.0,233.0
491,parking place,106.0,192.0,121.0,215.0
491,no parking,87.0,206.0,93.0,216.0
491,disability,476.0,189.0,498.0,222.0
492,no stopping,269.0,96.0,327.0,160.0
493,no parking,61.0,118.0,86.0,166.0
493,no parking,451.0,46.0,464.0,80.0
494,no parking,230.0,232.0,261.0,271.0
495,maximum speed 30km/h,310.0,208.0,340.0,241.0
495,crossroads,303.0,152.0,347.0,193.0
496,no entry,381.0,150.0,422.0,207.0
496,no parking,82.0,162.0,93.0,175.0
497,no entry,262.0,146.0,320.0,205.0
498,turn left,277.0,118.0,320.0,163.0
499,crossroads,216.0,141.0,248.0,171.0
499,maximum speed 30km/h,220.0,181.0,244.0,206.0
499,roundabout ahead,361.0,112.0,446.0,189.0
5,no entry,97.0,57.0,144.0,134.0
50,drive straight,77.0,116.0,112.0,152.0
50,stop,74.0,80.0,111.0,120.0
500,no entry,166.0,85.0,225.0,148.0
501,no entry,62.0,23.0,118.0,123.0
502,roundabout ahead,363.0,169.0,440.0,247.0
502,pedestrian crossing,145.0,226.0,159.0,242.0
502,give way,94.0,222.0,106.0,232.0
502,roundabout,96.0,232.0,104.0,240.0
502,keep right,25.0,239.0,32.0,247.0
503,pedestrian crossing,415.0,233.0,441.0,262.0
503,give way,312.0,231.0,326.0,244.0
503,roundabout,315.0,244.0,324.0,253.0
503,keep right,235.0,253.0,243.0,262.0
503,roundabout,209.0,249.0,215.0,256.0
503,pass either side,244.0,251.0,249.0,257.0
503,pedestrian crossing,86.0,274.0,104.0,291.0
504,give way,395.0,199.0,449.0,246.0
504,roundabout,403.0,247.0,441.0,284.0
504,roundabout,106.0,255.0,121.0,270.0
504,keep right,113.0,277.0,136.0,307.0
504,pass either side,201.0,257.0,209.0,265.0
504,no entry,134.0,251.0,142.0,261.0
505,no entry,347.0,249.0,357.0,265.0
505,roundabout,89.0,275.0,129.0,315.0
505,pass either side,458.0,259.0,474.0,276.0
506,no entry,195.0,225.0,230.0,271.0
506,pass either side,252.0,220.0,277.0,263.0
507,pass either side,227.0,233.0,280.0,292.0
507,no entry,127.0,239.0,189.0,301.0
507,maximum speed 30km/h,159.0,160.0,171.0,175.0
508,give way,364.0,163.0,395.0,193.0
508,keep right,83.0,216.0,109.0,241.0
508,roundabout,189.0,206.0,203.0,220.0
508,roundabout,367.0,193.0,391.0,217.0
508,roundabout,73.0,203.0,81.0,217.0
509,roundabout,397.0,215.0,453.0,324.0
509,give way,394.0,64.0,467.0,215.0
509,maximum speed 30km/h,402.0,204.0,413.0,223.0
509,pedestrian crossing,462.0,220.0,471.0,229.0
51,no stopping,53.0,49.0,100.0,131.0
510,roundabout,435.0,260.0,487.0,312.0
510,roundabout,83.0,245.0,92.0,288.0
510,no entry,27.0,226.0,50.0,249.0
511,roundabout,110.0,279.0,210.0,386.0
512,pass either side,352.0,240.0,386.0,276.0
512,no entry,151.0,213.0,166.0,243.0
513,no entry,38.0,242.0,47.0,252.0
513,no entry,331.0,234.0,340.0,244.0
513,roundabout,203.0,239.0,215.0,251.0
513,roundabout,389.0,226.0,405.0,242.0
513,pass either side,345.0,235.0,354.0,244.0
513,give way,386.0,204.0,408.0,225.0
513,keep right,332.0,311.0,408.0,392.0
513,pedestrian crossing,74.0,234.0,81.0,241.0
514,pedestrian crossing,83.0,243.0,95.0,255.0
514,keep right,55.0,289.0,93.0,327.0
514,roundabout,225.0,253.0,244.0,272.0
514,roundabout,436.0,238.0,455.0,261.0
514,no entry,9.0,256.0,24.0,272.0
514,maximum speed 30km/h,93.0,210.0,105.0,224.0
514,no entry,467.0,247.0,479.0,263.0
514,pass either side,486.0,247.0,500.0,264.0
514,give way,431.0,210.0,458.0,236.0
515,stop,229.0,160.0,268.0,200.0
516,roundabout ahead,321.0,114.0,369.0,159.0
516,give way,172.0,154.0,182.0,163.0
517,give way,298.0,128.0,360.0,188.0
518,roundabout,213.0,202.0,247.0,350.0
519,roundabout,249.0,187.0,309.0,248.0
519,give way,238.0,105.0,327.0,189.0
52,no parking,74.0,75.0,133.0,145.0
520,give way,439.0,151.0,512.0,219.0
520,roundabout,440.0,218.0,494.0,270.0
520,roundabout,66.0,242.0,86.0,261.0
521,roundabout,117.0,205.0,135.0,222.0
521,give way,380.0,129.0,425.0,170.0
522,roundabout,257.0,175.0,331.0,322.0
523,drive straight,327.0,187.0,379.0,240.0
523,other danger,334.0,110.0,358.0,133.0
523,maximum speed 30km/h,356.0,111.0,377.0,134.0
524,turn right,239.0,190.0,290.0,259.0
525,other danger,239.0,174.0,302.0,231.0
526,bumps in the road,411.0,167.0,463.0,214.0
527,roundabout ahead,280.0,141.0,357.0,219.0
527,bend to right,284.0,59.0,358.0,138.0
528,roundabout,376.0,232.0,407.0,264.0
528,roundabout,193.0,242.0,198.0,249.0
528,give way,374.0,191.0,416.0,232.0
528,give way,191.0,232.0,200.0,242.0
528,pass either side,287.0,260.0,296.0,270.0
528,turn right,134.0,266.0,145.0,279.0
528,keep right,102.0,254.0,117.0,269.0
528,no entry,65.0,253.0,83.0,270.0
529,turn right,180.0,287.0,201.0,313.0
529,keep right,186.0,267.0,217.0,305.0
529,no entry,107.0,270.0,146.0,312.0
53,no entry,76.0,100.0,98.0,126.0
530,roundabout,84.0,223.0,101.0,243.0
530,give way,81.0,197.0,104.0,223.0
530,pass either side,381.0,286.0,417.0,322.0
531,no entry,69.0,266.0,108.0,318.0
531,keep right,165.0,268.0,210.0,324.0
531,turn right,433.0,305.0,475.0,346.0
532,roundabout,375.0,212.0,409.0,256.0
532,no entry,370.0,155.0,417.0,212.0
533,turn right,195.0,156.0,323.0,309.0
534,pass either side,204.0,119.0,274.0,216.0
535,keep right,55.0,328.0,64.0,357.0
535,roundabout,372.0,268.0,409.0,306.0
535,give way,370.0,230.0,412.0,277.0
535,no through road,208.0,234.0,222.0,249.0
536,roundabout,211.0,225.0,243.0,309.0
536,give way,207.0,117.0,249.0,222.0
537,pass either side,228.0,202.0,278.0,253.0
538,keep right,98.0,256.0,131.0,290.0
538,roundabout,359.0,187.0,410.0,245.0
538,give way,346.0,114.0,417.0,188.0
539,turn right,48.0,284.0,93.0,329.0
54,no parking,64.0,61.0,109.0,108.0
540,turn left,200.0,144.0,240.0,203.0
540,pass either side,216.0,248.0,295.0,335.0
540,no large goods,263.0,136.0,329.0,218.0
541,keep right,42.0,289.0,75.0,324.0
541,give way,430.0,232.0,467.0,266.0
541,roundabout,433.0,265.0,460.0,292.0
542,stop,288.0,183.0,322.0,218.0
542,other danger,81.0,226.0,98.0,241.0
543,stop,369.0,167.0,417.0,214.0
544,other danger,239.0,161.0,329.0,270.0
545,give way,295.0,145.0,335.0,183.0
546,stop,183.0,148.0,236.0,235.0
547,no entry,37.0,235.0,88.0,286.0
547,stop,361.0,147.0,392.0,178.0
548,turn left,158.0,203.0,179.0,243.0
548,keep left,260.0,181.0,281.0,215.0
549,give way,312.0,150.0,360.0,195.0
55,parking place,44.0,43.0,75.0,136.0
550,keep right,300.0,229.0,332.0,263.0
550,pedestrian crossing,311.0,189.0,323.0,206.0
550,pedestrian crossing,105.0,214.0,115.0,224.0
550,pedestrian crossing,81.0,216.0,90.0,225.0
551,keep right,68.0,249.0,97.0,279.0
551,stop,435.0,177.0,466.0,207.0
552,pedestrian crossing,398.0,124.0,448.0,178.0
552,pedestrian crossing,168.0,160.0,189.0,181.0
552,pedestrian crossing,302.0,122.0,308.0,130.0
552,pedestrian crossing,167.0,117.0,173.0,124.0
553,pedestrian crossing,427.0,124.0,452.0,151.0
553,pedestrian crossing,180.0,155.0,189.0,164.0
554,pedestrian crossing,433.0,112.0,469.0,159.0
554,pedestrian crossing,255.0,137.0,276.0,161.0
554,stop,132.0,150.0,145.0,163.0
555,stop,30.0,223.0,185.0,394.0
555,stop,417.0,90.0,456.0,241.0
556,stop,129.0,266.0,151.0,287.0
556,pedestrian crossing,238.0,245.0,275.0,283.0
556,pedestrian crossing,299.0,247.0,307.0,255.0
556,pedestrian crossing,301.0,288.0,314.0,304.0
556,pedestrian crossing,415.0,287.0,426.0,297.0
556,keep right,191.0,247.0,196.0,254.0
556,stop,270.0,231.0,277.0,239.0
557,stop,251.0,231.0,267.0,247.0
557,keep right,46.0,269.0,63.0,286.0
557,pedestrian crossing,441.0,185.0,486.0,237.0
558,pedestrian crossing,220.0,193.0,230.0,204.0
558,pedestrian crossing,374.0,190.0,386.0,201.0
558,keep right,249.0,211.0,256.0,218.0
558,keep right,324.0,216.0,329.0,222.0
558,no entry,244.0,203.0,252.0,211.0
558,no entry,321.0,205.0,327.0,212.0
559,no entry,70.0,220.0,81.0,231.0
559,keep right,75.0,240.0,86.0,250.0
559,pedestrian crossing,332.0,174.0,383.0,229.0
559,roundabout,181.0,224.0,189.0,234.0
559,give way,180.0,211.0,192.0,224.0
559,give way,192.0,218.0,202.0,228.0
56,parking place,69.0,77.0,120.0,133.0
560,pedestrian crossing,117.0,193.0,141.0,238.0
560,keep right,455.0,232.0,470.0,246.0
560,no entry,446.0,216.0,460.0,230.0
560,no entry,357.0,218.0,362.0,230.0
560,keep right,350.0,233.0,356.0,244.0
561,keep right,388.0,260.0,446.0,316.0
561,no entry,356.0,194.0,411.0,251.0
561,no entry,107.0,195.0,118.0,235.0
561,keep right,83.0,243.0,92.0,283.0
562,give way,388.0,220.0,426.0,254.0
562,give way,368.0,239.0,382.0,255.0
562,roundabout,392.0,256.0,417.0,281.0
562,no entry,93.0,246.0,123.0,277.0
562,keep right,103.0,305.0,134.0,336.0
563,roundabout,343.0,213.0,390.0,273.0
563,give way,342.0,132.0,398.0,212.0
564,give way,202.0,208.0,228.0,232.0
564,roundabout,212.0,233.0,221.0,253.0
564,keep right,165.0,281.0,186.0,315.0
564,no entry,153.0,226.0,176.0,261.0
565,roundabout,323.0,211.0,389.0,282.0
565,pass either side,209.0,266.0,220.0,299.0
565,give way,336.0,110.0,352.0,207.0
565,parking place,429.0,190.0,433.0,198.0
565,keep right,87.0,274.0,98.0,309.0
565,no large goods,73.0,200.0,84.0,214.0
566,keep right,41.0,286.0,112.0,361.0
566,no entry,26.0,166.0,99.0,240.0
566,roundabout,453.0,169.0,481.0,214.0
566,give way,434.0,114.0,496.0,170.0
567,pass either side,387.0,302.0,435.0,352.0
567,stop,29.0,210.0,55.0,238.0
568,pedestrian crossing,82.0,235.0,108.0,260.0
568,pedestrian crossing,445.0,240.0,469.0,264.0
569,pass either side,186.0,136.0,243.0,259.0
57,parking place,87.0,100.0,120.0,134.0
570,no entry,113.0,183.0,157.0,233.0
571,stop,435.0,182.0,465.0,210.0
571,pass either side,214.0,224.0,233.0,243.0
571,roundabout,204.0,196.0,219.0,212.0
571,roundabout,283.0,197.0,289.0,205.0
571,give way,282.0,187.0,291.0,197.0
571,give way,200.0,176.0,221.0,196.0
571,keep right,67.0,232.0,81.0,246.0
571,roundabout,139.0,212.0,145.0,219.0
572,pass either side,92.0,261.0,143.0,365.0
572,keep right,135.0,184.0,159.0,216.0
572,roundabout,379.0,103.0,426.0,162.0
572,roundabout,507.0,138.0,512.0,153.0
572,give way,374.0,19.0,444.0,100.0
573,give way,351.0,178.0,379.0,203.0
573,roundabout,354.0,204.0,373.0,224.0
573,roundabout,30.0,232.0,46.0,247.0
573,pass either side,164.0,215.0,171.0,222.0
573,pass either side,59.0,219.0,66.0,227.0
574,roundabout,34.0,284.0,74.0,330.0
574,roundabout,441.0,290.0,489.0,338.0
574,pass either side,95.0,247.0,117.0,273.0
575,pedestrian crossing ahead,389.0,125.0,457.0,187.0
576,no entry,318.0,49.0,354.0,108.0
577,stop,137.0,116.0,191.0,182.0
577,no parking,371.0,184.0,390.0,224.0
578,no parking,196.0,140.0,219.0,182.0
578,one-way traffic (left),182.0,183.0,235.0,200.0
579,one-way traffic (left),295.0,154.0,376.0,211.0
579,parking place,80.0,205.0,112.0,239.0
579,other danger,383.0,71.0,452.0,132.0
579,maximum speed 20km/h,401.0,141.0,443.0,184.0
579,no motorcycles,375.0,228.0,417.0,269.0
579,no bicycles,424.0,229.0,465.0,270.0
58,no parking,80.0,74.0,109.0,111.0
580,no parking,19.0,311.0,44.0,344.0
580,no entry,413.0,119.0,441.0,149.0
581,no entry,156.0,138.0,191.0,174.0
582,no entry,136.0,221.0,151.0,244.0
582,no parking,444.0,242.0,454.0,252.0
583,maximum speed 30km/h,297.0,219.0,387.0,314.0
583,bumps in the road,276.0,55.0,401.0,175.0
584,no entry,108.0,79.0,188.0,171.0
585,no entry,349.0,131.0,478.0,276.0
586,no entry,138.0,181.0,172.0,284.0
586,turn left,169.0,241.0,275.0,350.0
586,stop,174.0,132.0,275.0,241.0
587,stop,203.0,114.0,275.0,188.0
588,no parking,114.0,168.0,130.0,189.0
589,turn right,377.0,129.0,392.0,145.0
589,no entry,135.0,127.0,147.0,139.0
589,no entry,57.0,128.0,65.0,136.0
59,no entry,97.0,88.0,126.0,119.0
590,no entry,9.0,175.0,20.0,198.0
590,drive straight,391.0,163.0,423.0,194.0
591,stop,396.0,195.0,434.0,234.0
591,turn left,396.0,235.0,431.0,273.0
592,stop,182.0,192.0,260.0,272.0
592,turn left,186.0,272.0,259.0,351.0
593,turn right,396.0,140.0,449.0,217.0
593,no entry,403.0,59.0,443.0,138.0
594,no entry,367.0,167.0,400.0,201.0
595,drive straight,170.0,214.0,214.0,276.0
596,stop,312.0,164.0,405.0,257.0
597,roundabout ahead,359.0,181.0,421.0,237.0
598,give way,373.0,209.0,401.0,234.0
598,roundabout,193.0,275.0,205.0,287.0
599,roundabout,114.0,201.0,168.0,303.0
6,pedestrian crossing,83.0,72.0,129.0,119.0
60,no entry,89.0,106.0,142.0,161.0
600,no parking,447.0,162.0,474.0,189.0
600,parking place,448.0,190.0,458.0,200.0
600,other danger,157.0,214.0,168.0,225.0
600,maximum speed 40km/h,107.0,199.0,121.0,214.0
600,parking place,79.0,215.0,88.0,224.0
601,no entry,171.0,128.0,202.0,171.0
602,parking place,365.0,80.0,439.0,154.0
602,drive straight or turn left,58.0,143.0,89.0,175.0
602,no parking,67.0,114.0,78.0,130.0
603,no parking,392.0,176.0,426.0,213.0
603,parking place,390.0,217.0,404.0,231.0
603,no stopping,133.0,200.0,168.0,237.0
604,turn right,147.0,200.0,202.0,286.0
604,no entry,147.0,111.0,199.0,198.0
605,drive straight or turn right,189.0,208.0,259.0,290.0
605,stop,185.0,123.0,252.0,208.0
606,no entry,236.0,75.0,322.0,166.0
607,no entry,74.0,127.0,125.0,186.0
608,no entry,266.0,192.0,296.0,223.0
608,turn right,267.0,223.0,297.0,253.0
609,turn left,252.0,164.0,316.0,229.0
61,parking place,74.0,82.0,118.0,132.0
610,drive straight or turn right,286.0,122.0,352.0,206.0
611,no entry,319.0,186.0,360.0,244.0
612,drive straight or turn left,323.0,205.0,370.0,253.0
612,drive straight or turn right,422.0,123.0,439.0,149.0
612,stop,316.0,156.0,366.0,206.0
612,stop,126.0,114.0,136.0,123.0
612,turn left,126.0,122.0,136.0,131.0
613,stop,222.0,93.0,271.0,143.0
613,turn left,223.0,143.0,271.0,192.0
614,drive straight or turn left,331.0,129.0,380.0,178.0
614,parking place,168.0,164.0,194.0,190.0
615,no parking,122.0,249.0,132.0,266.0
615,no parking,281.0,183.0,296.0,206.0
615,no parking,458.0,117.0,474.0,138.0
616,no parking,423.0,176.0,456.0,210.0
616,parking place,422.0,213.0,436.0,227.0
617,no entry,382.0,157.0,401.0,195.0
618,no entry,442.0,196.0,453.0,234.0
618,stop,363.0,194.0,402.0,234.0
618,parking place,274.0,218.0,283.0,232.0
619,no stopping,161.0,195.0,223.0,259.0
619,one-way traffic (right),385.0,349.0,508.0,383.0
619,one-way traffic (right),423.0,453.0,512.0,492.0
62,other danger,90.0,96.0,131.0,133.0
620,no parking,212.0,165.0,263.0,218.0
620,parking place,213.0,224.0,233.0,244.0
621,no entry,245.0,152.0,297.0,262.0
622,no entry,350.0,197.0,376.0,223.0
622,no entry,407.0,199.0,421.0,227.0
622,no entry,180.0,209.0,192.0,221.0
623,stop,249.0,146.0,306.0,234.0
623,turn left,228.0,235.0,307.0,322.0
623,no entry,360.0,233.0,380.0,254.0
624,stop,229.0,76.0,340.0,195.0
624,turn right,233.0,198.0,336.0,315.0
625,drive straight or turn right,350.0,144.0,388.0,188.0
626,no entry,364.0,154.0,451.0,253.0
627,no entry,152.0,88.0,212.0,155.0
628,turn right,345.0,153.0,380.0,201.0
629,no entry,142.0,162.0,211.0,237.0
63,no stopping,84.0,95.0,127.0,149.0
630,no parking,302.0,203.0,327.0,249.0
630,parking place,302.0,254.0,313.0,272.0
631,parking place,161.0,209.0,180.0,245.0
631,no parking,160.0,106.0,207.0,202.0
632,stop,221.0,253.0,277.0,311.0
632,turn right,219.0,313.0,275.0,369.0
633,pedestrian crossing,174.0,261.0,218.0,314.0
634,turn right,359.0,257.0,477.0,421.0
634,stop,354.0,82.0,476.0,249.0
634,no entry,314.0,213.0,332.0,235.0
634,no entry,221.0,214.0,236.0,231.0
635,no entry,104.0,162.0,115.0,172.0
635,no entry,295.0,161.0,303.0,169.0
635,left turn only ahead,390.0,154.0,417.0,184.0
636,no entry,60.0,201.0,90.0,230.0
636,no entry,409.0,212.0,423.0,228.0
637,right or left turn only ahead,319.0,123.0,372.0,186.0
638,no entry,207.0,159.0,231.0,210.0
639,keep right,354.0,316.0,408.0,383.0
639,stop,138.0,161.0,166.0,191.0
64,no parking,77.0,64.0,103.0,98.0
64,parking place,79.0,104.0,90.0,117.0
640,pedestrian crossing,309.0,77.0,358.0,128.0
641,no parking,213.0,162.0,260.0,223.0
642,no entry,203.0,164.0,251.0,244.0
642,one-way traffic (left),186.0,117.0,270.0,155.0
642,pedestrian crossing,487.0,176.0,512.0,271.0
643,pedestrian crossing,177.0,119.0,244.0,190.0
644,stop,296.0,178.0,360.0,244.0
644,maximum speed 50km/h,434.0,164.0,455.0,190.0
645,pedestrian crossing,165.0,166.0,200.0,202.0
646,stop,398.0,181.0,467.0,255.0
646,no entry,66.0,186.0,83.0,202.0
647,pedestrian crossing,54.0,167.0,78.0,191.0
648,give way,202.0,146.0,351.0,283.0
649,give way,300.0,200.0,321.0,219.0
65,parking place,59.0,28.0,134.0,110.0
650,give way,100.0,157.0,123.0,182.0
650,no entry,208.0,198.0,231.0,225.0
650,turn right,430.0,243.0,457.0,275.0
651,no entry,42.0,194.0,68.0,221.0
651,turn right,339.0,228.0,371.0,261.0
652,keep right,19.0,201.0,61.0,246.0
652,stop,460.0,135.0,483.0,162.0
652,turn left,457.0,163.0,483.0,190.0
653,turn right,375.0,215.0,458.0,308.0
653,give way,391.0,93.0,452.0,213.0
654,stop,280.0,157.0,321.0,240.0
655,no large goods,188.0,316.0,228.0,366.0
655,other danger,226.0,300.0,278.0,364.0
655,turn left,301.0,168.0,319.0,192.0
656,right or left turn only ahead,358.0,147.0,403.0,194.0
656,no entry,157.0,205.0,172.0,221.0
657,no entry,343.0,164.0,385.0,208.0
657,one-way traffic (right),429.0,201.0,508.0,225.0
658,bumps in the road,280.0,107.0,351.0,173.0
658,maximum speed 30km/h,290.0,172.0,341.0,225.0
659,restricted vehicular access,290.0,237.0,348.0,297.0
66,turn right,71.0,33.0,133.0,110.0
660,stop,274.0,69.0,354.0,204.0
661,pedestrian crossing,332.0,76.0,357.0,102.0
661,double bend first to right,380.0,73.0,447.0,132.0
661,steep hill upwards,270.0,91.0,292.0,112.0
662,pedestrian crossing,430.0,122.0,468.0,163.0
662,pedestrian crossing,98.0,134.0,114.0,150.0
663,pedestrian crossing,283.0,167.0,323.0,241.0
664,pedestrian crossing,356.0,223.0,390.0,265.0
664,stop,92.0,234.0,113.0,255.0
664,no large goods,61.0,248.0,72.0,260.0
665,roundabout,260.0,69.0,308.0,120.0
665,no parking,53.0,117.0,57.0,129.0
666,stop,414.0,124.0,461.0,177.0
667,no entry,337.0,104.0,384.0,162.0
668,no entry,266.0,92.0,368.0,213.0
669,no entry,128.0,138.0,233.0,245.0
67,no parking,74.0,92.0,114.0,131.0
67,no vehicles over height 4m,115.0,90.0,155.0,132.0
670,no entry,104.0,163.0,118.0,178.0
670,no stopping,321.0,86.0,363.0,150.0
671,no stopping,204.0,119.0,273.0,219.0
672,stop,257.0,155.0,306.0,206.0
673,no stopping,312.0,146.0,368.0,225.0
674,no stopping,40.0,221.0,77.0,263.0
674,parking place,453.0,191.0,488.0,247.0
675,no entry,374.0,141.0,424.0,202.0
676,other danger,297.0,112.0,353.0,195.0
677,stop,230.0,209.0,273.0,264.0
678,no bicycles,373.0,160.0,419.0,208.0
678,other danger,142.0,185.0,171.0,211.0
678,uneven road,103.0,188.0,129.0,211.0
678,maximum speed 30km/h,108.0,209.0,127.0,228.0
679,maximum speed 30km/h,153.0,230.0,188.0,266.0
679,other danger,307.0,164.0,375.0,225.0
679,uneven road,143.0,185.0,193.0,232.0
68,restricted vehicular access,90.0,54.0,137.0,105.0
68,no pedestrians,89.0,106.0,134.0,154.0
680,roundabout ahead,333.0,199.0,407.0,269.0
680,bumps in the road,67.0,221.0,99.0,249.0
681,give way,241.0,212.0,298.0,264.0
682,keep right,73.0,232.0,99.0,258.0
682,stop,90.0,186.0,116.0,210.0
682,stop,395.0,145.0,434.0,185.0
682,roundabout,89.0,217.0,98.0,226.0
683,keep right,279.0,319.0,378.0,423.0
683,stop,330.0,142.0,421.0,233.0
683,roundabout,189.0,242.0,211.0,266.0
684,stop,91.0,240.0,179.0,337.0
684,roundabout,466.0,301.0,474.0,310.0
685,roundabout,233.0,206.0,259.0,236.0
686,roundabout,263.0,175.0,323.0,233.0
687,pass either side,83.0,123.0,118.0,158.0
688,pass either side,434.0,188.0,453.0,209.0
688,roundabout,298.0,179.0,315.0,198.0
688,roundabout,38.0,248.0,72.0,310.0
689,roundabout,142.0,145.0,161.0,185.0
689,pass either side,300.0,218.0,365.0,288.0
69,pedestrian crossing,61.0,44.0,133.0,135.0
690,turn right,315.0,267.0,410.0,366.0
690,roundabout,176.0,107.0,194.0,125.0
690,give way,171.0,84.0,198.0,106.0
690,pass either side,72.0,129.0,82.0,141.0
691,give way,407.0,94.0,512.0,198.0
691,roundabout,426.0,201.0,510.0,284.0
691,pass either side,157.0,223.0,168.0,235.0
691,drive straight,256.0,203.0,265.0,213.0
692,roundabout ahead,238.0,132.0,308.0,219.0
693,other danger,221.0,26.0,414.0,201.0
694,junction with a minor side-road from right,321.0,199.0,402.0,277.0
695,maximum speed 30km/h,299.0,277.0,362.0,341.0
695,maximum speed 20km/h,131.0,166.0,156.0,190.0
695,road works,74.0,152.0,98.0,177.0
697,maximum speed 50km/h,371.0,181.0,429.0,245.0
698,maximum speed 20km/h,233.0,183.0,286.0,241.0
699,turn left,289.0,133.0,343.0,269.0
7,no stopping,100.0,79.0,132.0,119.0
70,pedestrian crossing,75.0,24.0,122.0,156.0
700,bumps in the road,251.0,131.0,353.0,232.0
700,no entry,8.0,269.0,19.0,282.0
701,maximum speed 30km/h,271.0,170.0,360.0,260.0
701,bumps in the road,255.0,59.0,376.0,169.0
702,turn right,131.0,171.0,187.0,238.0
702,no entry,129.0,100.0,183.0,171.0
703,maximum speed 50km/h,186.0,224.0,239.0,278.0
703,pedestrian crossing ahead,177.0,138.0,249.0,205.0
704,junction with a minor side-road from left,247.0,106.0,333.0,188.0
704,children,246.0,189.0,333.0,269.0
705,stop,227.0,194.0,278.0,247.0
706,give way,225.0,211.0,305.0,283.0
707,pedestrian crossing ahead,279.0,120.0,361.0,200.0
708,bend to left,395.0,135.0,437.0,174.0
709,no parking,329.0,180.0,347.0,198.0
71,parking place,63.0,60.0,118.0,146.0
710,no parking,217.0,254.0,256.0,319.0
711,no parking,388.0,232.0,417.0,262.0
712,give way,432.0,161.0,492.0,220.0
712,roundabout,26.0,273.0,52.0,300.0
712,no stopping,88.0,221.0,101.0,234.0
713,pedestrian crossing ahead,382.0,96.0,481.0,237.0
713,parking place,16.0,189.0,52.0,223.0
714,roundabout,229.0,79.0,308.0,158.0
715,no stopping,367.0,118.0,427.0,203.0
715,no stopping,59.0,261.0,67.0,270.0
715,no parking,3.0,255.0,8.0,261.0
716,no stopping,117.0,180.0,168.0,237.0
716,no through road,413.0,169.0,450.0,233.0
717,no parking,311.0,99.0,367.0,156.0
717,one-way traffic (left),326.0,180.0,352.0,206.0
718,no entry,285.0,220.0,330.0,273.0
719,stop,279.0,120.0,381.0,226.0
72,turn left,77.0,75.0,133.0,133.0
720,give way,338.0,169.0,400.0,225.0
720,roundabout,75.0,249.0,97.0,270.0
720,parking place,156.0,220.0,164.0,229.0
720,pedestrian crossing ahead,160.0,218.0,173.0,231.0
721,roundabout,232.0,92.0,292.0,214.0
722,roundabout,81.0,140.0,126.0,252.0
723,parking place,310.0,160.0,373.0,226.0
724,parking place,279.0,50.0,354.0,137.0
724,parking place,80.0,115.0,94.0,130.0
724,no parking,81.0,79.0,111.0,109.0
725,roundabout ahead,206.0,122.0,250.0,291.0
726,parking place,447.0,137.0,468.0,188.0
726,parking place,52.0,154.0,72.0,175.0
727,no entry,231.0,158.0,262.0,209.0
728,stop,332.0,149.0,387.0,206.0
728,no stopping,260.0,201.0,270.0,211.0
728,parking place,230.0,209.0,236.0,219.0
728,parking place,115.0,154.0,127.0,179.0
729,stop,283.0,98.0,366.0,190.0
729,no entry,300.0,238.0,338.0,277.0
73,turn left,86.0,103.0,120.0,171.0
73,no entry,72.0,33.0,130.0,101.0
730,no stopping,310.0,79.0,366.0,191.0
731,roundabout,106.0,228.0,125.0,247.0
731,roundabout,83.0,233.0,93.0,250.0
731,keep right,111.0,262.0,138.0,288.0
731,roundabout,318.0,224.0,347.0,254.0
731,roundabout,418.0,217.0,431.0,234.0
731,give way,313.0,188.0,352.0,224.0
731,give way,417.0,196.0,436.0,217.0
731,maximum speed 30km/h,78.0,192.0,89.0,203.0
731,two-way traffic,75.0,178.0,91.0,192.0
732,roundabout,253.0,252.0,315.0,318.0
732,roundabout,204.0,259.0,244.0,315.0
732,two-way traffic,319.0,110.0,355.0,143.0
732,maximum speed 30km/h,324.0,142.0,349.0,166.0
733,roundabout,126.0,205.0,154.0,255.0
733,give way,123.0,143.0,158.0,204.0
734,two-way traffic,307.0,167.0,369.0,221.0
734,maximum speed 30km/h,316.0,221.0,360.0,264.0
735,roundabout,401.0,149.0,426.0,188.0
735,roundabout,226.0,151.0,237.0,169.0
735,give way,394.0,98.0,437.0,149.0
735,keep right,69.0,258.0,121.0,316.0
736,other danger,247.0,152.0,326.0,233.0
737,no entry,152.0,179.0,193.0,222.0
737,keep right,313.0,179.0,338.0,219.0
738,stop,302.0,168.0,334.0,201.0
738,turn left,302.0,201.0,333.0,233.0
739,pass either side,56.0,188.0,96.0,230.0
74,turn right,60.0,67.0,130.0,164.0
740,keep right,338.0,210.0,411.0,320.0
741,maximum speed 30km/h,242.0,72.0,337.0,182.0
741,segregated pedestrian and cycle path,242.0,187.0,340.0,298.0
742,pedestrian crossing,293.0,135.0,334.0,176.0
743,pedestrian crossing,191.0,161.0,211.0,180.0
743,maximum speed 30km/h,379.0,128.0,425.0,175.0
743,bumps in the road,164.0,163.0,181.0,179.0
744,turn left,112.0,101.0,151.0,147.0
744,no parking,406.0,156.0,422.0,173.0
745,no entry,343.0,118.0,409.0,193.0
746,no parking,254.0,130.0,284.0,166.0
747,maximum speed 30km/h,127.0,207.0,164.0,245.0
747,bumps in the road,119.0,145.0,169.0,191.0
747,pedestrian crossing ahead,350.0,134.0,412.0,208.0
748,maximum speed 40km/h,258.0,263.0,327.0,332.0
748,bumps in the road,239.0,145.0,335.0,232.0
749,pedestrian crossing,369.0,136.0,420.0,197.0
749,cycle lane,418.0,139.0,463.0,196.0
749,no entry,88.0,195.0,100.0,207.0
749,turn right,88.0,207.0,100.0,218.0
75,no parking,66.0,93.0,101.0,129.0
750,no entry,237.0,146.0,313.0,228.0
750,turn right,236.0,229.0,310.0,310.0
751,stop,346.0,164.0,385.0,203.0
752,no stopping,86.0,233.0,120.0,272.0
752,stop,241.0,212.0,279.0,286.0
752,no parking,462.0,206.0,484.0,226.0
752,parking place,462.0,228.0,470.0,235.0
753,no entry,226.0,193.0,264.0,231.0
753,turn left,228.0,235.0,264.0,272.0
754,parking place,269.0,155.0,349.0,268.0
754,one-way traffic (right),225.0,266.0,383.0,316.0
755,no parking,338.0,181.0,363.0,229.0
756,pedestrian crossing ahead,222.0,205.0,273.0,252.0
757,turn right,194.0,199.0,249.0,257.0
757,stop,196.0,130.0,249.0,191.0
758,segregated pedestrian and cycle path,409.0,255.0,447.0,299.0
758,pedestrian crossing,408.0,210.0,452.0,255.0
758,maximum speed 10 km/h,390.0,218.0,426.0,259.0
758,restricted vehicular access,153.0,199.0,173.0,226.0
759,two-way traffic,58.0,137.0,118.0,191.0
76,no parking,49.0,90.0,67.0,109.0
76,turn right,146.0,110.0,159.0,125.0
760,give way,366.0,250.0,462.0,335.0
761,roundabout,260.0,236.0,325.0,340.0
762,roundabout,196.0,255.0,219.0,280.0
762,roundabout,416.0,259.0,431.0,284.0
762,maximum speed 40km/h,107.0,195.0,118.0,205.0
763,no parking,283.0,106.0,324.0,147.0
764,drive straight,217.0,181.0,262.0,281.0
765,no entry,211.0,182.0,282.0,267.0
766,stop,321.0,123.0,395.0,267.0
768,maximum speed 30km/h,298.0,213.0,330.0,245.0
768,no large goods,299.0,182.0,329.0,213.0
768,no parking,299.0,149.0,328.0,182.0
769,stop,213.0,199.0,291.0,278.0
77,no parking,60.0,66.0,84.0,104.0
770,double bend first to right,264.0,18.0,480.0,229.0
771,give way,211.0,161.0,311.0,272.0
772,bumps in the road,281.0,130.0,327.0,184.0
773,turn right,127.0,209.0,150.0,231.0
773,no entry,128.0,187.0,151.0,210.0
773,no entry,383.0,202.0,400.0,218.0
773,keep right,418.0,243.0,435.0,259.0
774,keep right,255.0,299.0,298.0,397.0
774,no entry,259.0,82.0,303.0,157.0
775,stop,126.0,127.0,191.0,193.0
775,keep left,324.0,282.0,407.0,365.0
776,maximum speed 30km/h,201.0,135.0,275.0,218.0
777,no entry,202.0,204.0,247.0,323.0
778,keep right,54.0,178.0,102.0,231.0
778,no entry,394.0,179.0,430.0,217.0
778,keep left,391.0,218.0,428.0,256.0
779,keep right,80.0,145.0,166.0,237.0
78,no entry,37.0,81.0,56.0,102.0
78,no entry,140.0,77.0,171.0,110.0
780,keep left,291.0,262.0,340.0,311.0
780,no entry,296.0,211.0,345.0,262.0
780,turn left,265.0,118.0,299.0,154.0
780,stop,263.0,82.0,298.0,118.0
781,no parking,128.0,224.0,163.0,261.0
781,no entry,366.0,120.0,406.0,190.0
782,no parking,308.0,102.0,351.0,150.0
783,drive straight or turn right,262.0,189.0,300.0,283.0
784,no entry,149.0,155.0,188.0,203.0
784,no entry,407.0,209.0,426.0,232.0
785,stop,366.0,190.0,400.0,228.0
785,no large goods,147.0,220.0,163.0,236.0
786,no entry,59.0,186.0,78.0,214.0
786,no parking,164.0,193.0,176.0,205.0
786,no parking,420.0,199.0,442.0,220.0
787,no parking,397.0,152.0,450.0,231.0
787,no entry,27.0,216.0,68.0,268.0
788,no entry,205.0,156.0,253.0,230.0
789,stop,424.0,99.0,468.0,143.0
789,turn left,47.0,156.0,67.0,178.0
789,no parking,52.0,132.0,62.0,155.0
79,no entry,76.0,91.0,140.0,178.0
790,no entry,402.0,140.0,430.0,167.0
790,no entry,267.0,166.0,275.0,175.0
791,turn right,52.0,101.0,142.0,191.0
791,stop,52.0,12.0,141.0,102.0
792,maximum speed 30km/h,122.0,231.0,151.0,260.0
792,bumps in the road,116.0,180.0,155.0,215.0
793,no entry,28.0,180.0,57.0,208.0
793,no parking,438.0,150.0,466.0,190.0
794,stop,290.0,127.0,338.0,175.0
794,turn left,290.0,177.0,339.0,226.0
794,one-way traffic (left),163.0,177.0,203.0,191.0
795,roundabout ahead,222.0,127.0,282.0,188.0
796,give way,311.0,143.0,372.0,203.0
797,no parking,243.0,128.0,303.0,191.0
798,keep right,88.0,260.0,129.0,302.0
798,give way,389.0,210.0,412.0,231.0
798,pass either side,350.0,222.0,359.0,231.0
798,roundabout,163.0,232.0,173.0,244.0
799,give way,384.0,198.0,439.0,252.0
799,maximum speed 40km/h,309.0,163.0,320.0,177.0
799,no overtaking,309.0,177.0,320.0,191.0
799,no entry,296.0,174.0,307.0,189.0
799,pass either side,171.0,221.0,183.0,233.0
8,parking place,102.0,87.0,136.0,127.0
80,turn right,76.0,87.0,115.0,128.0
800,roundabout,160.0,201.0,226.0,269.0
801,no entry,105.0,151.0,169.0,224.0
801,no overtaking,132.0,167.0,195.0,235.0
801,maximum speed 40km/h,134.0,99.0,194.0,166.0
801,children,331.0,126.0,387.0,183.0
801,no parking,478.0,148.0,508.0,184.0
802,pass either side,217.0,263.0,302.0,376.0
803,pass either side,132.0,189.0,141.0,200.0
803,roundabout,81.0,241.0,121.0,281.0
803,maximum speed 30km/h,313.0,158.0,320.0,169.0
803,pedestrian crossing ahead,311.0,142.0,321.0,155.0
803,bumps in the road,222.0,163.0,236.0,176.0
804,pass either side,126.0,140.0,140.0,156.0
804,roundabout,43.0,317.0,130.0,426.0
804,maximum speed 30km/h,377.0,101.0,392.0,119.0
804,pedestrian crossing ahead,374.0,73.0,395.0,95.0
804,bumps in the road,279.0,107.0,297.0,124.0
804,pedestrian crossing,233.0,127.0,241.0,137.0
805,maximum speed 30km/h,422.0,167.0,466.0,240.0
805,pedestrian crossing ahead,404.0,54.0,474.0,142.0
805,pedestrian crossing,100.0,235.0,113.0,249.0
805,bumps in the road,134.0,201.0,176.0,238.0
806,pass either side,123.0,243.0,154.0,274.0
806,pedestrian crossing,464.0,216.0,479.0,232.0
807,pass either side,19.0,296.0,55.0,404.0
807,roundabout,408.0,130.0,472.0,198.0
807,one-way traffic,325.0,136.0,364.0,185.0
807,give way,392.0,45.0,484.0,130.0
808,pedestrian crossing,370.0,117.0,486.0,241.0
809,roundabout,79.0,245.0,206.0,376.0
809,give way,34.0,75.0,193.0,246.0
81,no stopping,37.0,102.0,51.0,117.0
81,no stopping,146.0,93.0,178.0,132.0
810,no entry,205.0,227.0,269.0,289.0
810,no entry,241.0,65.0,254.0,104.0
810,maximum speed 40km/h,145.0,18.0,160.0,59.0
811,maximum speed 50km/h,363.0,124.0,398.0,186.0
811,pedestrian crossing,352.0,50.0,406.0,121.0
811,pedestrian crossing,38.0,157.0,45.0,164.0
812,pedestrian crossing,401.0,170.0,431.0,208.0
813,pedestrian crossing,255.0,133.0,302.0,200.0
814,pedestrian crossing,77.0,188.0,113.0,231.0
815,junction with a minor side-road from right,201.0,136.0,275.0,206.0
816,pedestrian crossing,342.0,170.0,390.0,236.0
817,pedestrian crossing,241.0,103.0,303.0,172.0
818,pass either side,226.0,192.0,272.0,240.0
818,no entry,109.0,144.0,116.0,169.0
818,turn right,58.0,82.0,68.0,99.0
818,give way,55.0,99.0,70.0,119.0
819,keep left,273.0,184.0,396.0,288.0
82,no stopping,96.0,91.0,147.0,149.0
820,no entry,222.0,122.0,308.0,235.0
821,give way,206.0,224.0,270.0,280.0
822,give way,450.0,162.0,480.0,189.0
822,turn right,454.0,140.0,477.0,162.0
822,turn left,78.0,161.0,100.0,182.0
822,stop,79.0,183.0,101.0,205.0
822,pass either side,163.0,227.0,193.0,257.0
823,stop,84.0,221.0,172.0,380.0
823,turn left,89.0,62.0,165.0,221.0
824,no entry,395.0,244.0,447.0,313.0
825,pedestrian crossing,246.0,152.0,292.0,212.0
825,no parking,79.0,137.0,101.0,157.0
825,parking place,79.0,161.0,88.0,170.0
826,maximum speed 50km/h,287.0,99.0,343.0,195.0
827,pedestrian crossing,242.0,148.0,318.0,228.0
828,no entry,350.0,260.0,379.0,318.0
828,give way,239.0,135.0,277.0,183.0
828,turn right,244.0,99.0,272.0,138.0
829,turn right,314.0,39.0,348.0,78.0
829,give way,308.0,78.0,353.0,123.0
829,pass either side,199.0,329.0,272.0,447.0
83,no parking,23.0,101.0,49.0,130.0
83,no parking,159.0,123.0,172.0,142.0
830,turn left,293.0,124.0,351.0,189.0
830,stop,292.0,189.0,350.0,252.0
831,keep right,267.0,219.0,274.0,227.0
831,no entry,267.0,211.0,274.0,219.0
831,turn left,340.0,196.0,347.0,204.0
831,stop,340.0,204.0,347.0,211.0
831,give way,246.0,162.0,317.0,226.0
832,stop,318.0,153.0,351.0,187.0
832,pass either side,415.0,220.0,458.0,263.0
832,turn left,318.0,118.0,351.0,153.0
832,no entry,26.0,200.0,76.0,253.0
832,keep right,28.0,253.0,79.0,305.0
833,pass either side,241.0,366.0,317.0,487.0
833,give way,355.0,116.0,402.0,161.0
833,turn right,363.0,79.0,397.0,117.0
834,no overtaking,385.0,205.0,451.0,281.0
834,maximum speed 50km/h,391.0,126.0,453.0,204.0
835,give way,298.0,95.0,347.0,141.0
836,no parking,360.0,97.0,403.0,153.0
837,no parking,290.0,142.0,327.0,187.0
838,keep right,36.0,181.0,52.0,196.0
838,maximum speed 50km/h,457.0,79.0,505.0,134.0
838,no overtaking,451.0,135.0,504.0,186.0
838,roundabout,180.0,166.0,187.0,174.0
839,keep right,220.0,180.0,301.0,268.0
84,no parking,113.0,115.0,148.0,154.0
840,roundabout,181.0,155.0,270.0,247.0
841,roundabout,388.0,168.0,479.0,265.0
842,pass either side,240.0,131.0,372.0,281.0
843,right or left turn only ahead,57.0,238.0,81.0,262.0
843,give way,409.0,116.0,447.0,164.0
843,roundabout ahead,371.0,161.0,387.0,178.0
844,no overtaking,291.0,221.0,346.0,277.0
844,maximum speed 50km/h,292.0,165.0,345.0,221.0
845,maximum speed 50km/h,206.0,140.0,285.0,247.0
845,no overtaking,202.0,248.0,285.0,355.0
846,no entry,278.0,204.0,335.0,266.0
847,pass either side,200.0,201.0,256.0,270.0
848,maximum speed 20km/h,312.0,233.0,396.0,319.0
848,give way,290.0,122.0,413.0,230.0
848,maximum speed 10 km/h,156.0,155.0,196.0,194.0
848,roundabout,10.0,147.0,29.0,164.0
849,stop,180.0,84.0,201.0,209.0
849,turn right,179.0,210.0,203.0,332.0
85,give way,96.0,73.0,136.0,117.0
85,roundabout,97.0,117.0,125.0,150.0
850,keep right,200.0,174.0,282.0,257.0
851,roundabout,151.0,119.0,207.0,183.0
852,maximum speed 50km/h,364.0,150.0,391.0,180.0
853,keep right,43.0,228.0,86.0,270.0
853,give way,385.0,159.0,418.0,191.0
854,maximum speed 50km/h,254.0,105.0,331.0,182.0
855,turn right,241.0,102.0,334.0,201.0
856,right turn only ahead,3.0,176.0,45.0,217.0
856,other danger,389.0,70.0,512.0,181.0
856,maximum speed 30km/h,405.0,210.0,498.0,304.0
857,stop,272.0,144.0,317.0,201.0
858,stop,304.0,188.0,346.0,234.0
859,maximum speed 20km/h,349.0,107.0,387.0,150.0
859,no overtaking,353.0,62.0,392.0,107.0
86,no stopping,85.0,105.0,115.0,136.0
860,maximum speed 30km/h,404.0,115.0,420.0,134.0
860,bumps in the road,403.0,134.0,419.0,149.0
860,restricted vehicular access,66.0,128.0,79.0,141.0
861,bumps in the road,348.0,129.0,418.0,191.0
861,maximum speed 30km/h,345.0,50.0,421.0,128.0
862,pass either side,79.0,323.0,124.0,372.0
863,steep hill downwards,390.0,71.0,479.0,152.0
864,no overtaking,382.0,211.0,426.0,255.0
864,maximum speed 30km/h,384.0,165.0,428.0,211.0
864,pedestrian crossing ahead,86.0,192.0,112.0,215.0
864,double bend first to left,37.0,201.0,57.0,219.0
865,no entry,39.0,284.0,72.0,316.0
865,keep right,77.0,285.0,109.0,318.0
865,stop,467.0,221.0,501.0,253.0
866,stop,53.0,129.0,129.0,272.0
867,stop,269.0,123.0,322.0,182.0
868,stop,267.0,129.0,322.0,210.0
869,double bend first to right,336.0,71.0,428.0,150.0
87,no entry,73.0,74.0,138.0,146.0
870,stop,217.0,98.0,304.0,186.0
871,maximum speed 30km/h,269.0,213.0,318.0,267.0
871,bumps in the road,260.0,121.0,331.0,187.0
872,pedestrian crossing ahead,227.0,67.0,355.0,198.0
873,no parking,266.0,93.0,303.0,131.0
874,turn left,283.0,242.0,321.0,285.0
874,turn left,238.0,216.0,252.0,237.0
874,road works,259.0,305.0,316.0,341.0
874,road works,267.0,214.0,288.0,241.0
875,road works,375.0,202.0,512.0,341.0
875,turn left,170.0,152.0,263.0,274.0
876,stop,269.0,159.0,306.0,197.0
876,crossroads,307.0,130.0,331.0,168.0
876,pedestrian crossing,211.0,92.0,223.0,128.0
877,no parking,401.0,113.0,450.0,167.0
878,pedestrian crossing,359.0,75.0,409.0,125.0
878,bend to left,273.0,197.0,296.0,227.0
878,crossroads,269.0,168.0,295.0,197.0
878,stop,412.0,181.0,426.0,232.0
879,no parking,356.0,133.0,388.0,166.0
879,turn right,101.0,181.0,115.0,194.0
88,no entry,82.0,92.0,138.0,155.0
880,roundabout,273.0,196.0,324.0,249.0
880,give way,263.0,130.0,334.0,197.0
880,road narrows on left,261.0,231.0,336.0,297.0
881,keep right,311.0,94.0,361.0,144.0
882,keep right,80.0,196.0,107.0,223.0
882,keep left,438.0,184.0,466.0,213.0
883,keep right,90.0,186.0,106.0,218.0
884,keep right,249.0,91.0,278.0,121.0
885,no entry,148.0,132.0,182.0,167.0
885,no parking,286.0,198.0,296.0,208.0
886,keep right,25.0,161.0,54.0,192.0
886,roundabout,322.0,120.0,350.0,182.0
886,give way,293.0,35.0,379.0,114.0
887,no parking,90.0,96.0,202.0,218.0
888,no parking,446.0,63.0,465.0,92.0
889,no parking,16.0,254.0,45.0,285.0
889,no parking,175.0,249.0,210.0,287.0
889,no parking,465.0,85.0,499.0,120.0
889,parking place,463.0,125.0,477.0,139.0
89,give way,66.0,76.0,116.0,122.0
890,turn left,19.0,178.0,36.0,195.0
890,no entry,461.0,174.0,481.0,206.0
891,no entry,35.0,209.0,72.0,246.0
891,no entry,424.0,149.0,484.0,213.0
892,turn right,58.0,218.0,148.0,313.0
892,stop,56.0,119.0,144.0,219.0
893,no parking,123.0,142.0,139.0,167.0
893,no parking,367.0,128.0,373.0,141.0
894,no entry,237.0,106.0,279.0,151.0
895,stop,375.0,126.0,477.0,232.0
895,turn right,375.0,233.0,465.0,334.0
895,one-way traffic (right),116.0,26.0,198.0,47.0
895,no parking,146.0,52.0,163.0,77.0
896,no parking,175.0,116.0,254.0,248.0
897,no entry,203.0,272.0,312.0,381.0
897,parking place,240.0,92.0,278.0,131.0
898,no parking,340.0,139.0,394.0,196.0
898,no entry,40.0,205.0,46.0,212.0
899,stop,65.0,216.0,135.0,283.0
899,drive straight or turn right,62.0,146.0,133.0,215.0
899,one-way traffic (right),1.0,222.0,12.0,234.0
9,no parking,58.0,79.0,85.0,111.0
90,restricted vehicular access,40.0,100.0,68.0,144.0
90,restricted vehicular access,92.0,129.0,111.0,150.0
90,parking place,156.0,135.0,165.0,143.0
900,no entry,155.0,103.0,232.0,220.0
901,stop,286.0,166.0,338.0,221.0
902,no parking,382.0,12.0,404.0,37.0
903,no parking,268.0,241.0,409.0,382.0
904,no parking,82.0,245.0,100.0,267.0
904,maximum speed 40km/h,382.0,230.0,437.0,353.0
904,bumps in the road,380.0,26.0,446.0,182.0
905,bumps in the road,420.0,68.0,491.0,131.0
905,maximum speed 40km/h,429.0,153.0,478.0,204.0
906,stop,461.0,46.0,469.0,77.0
907,stop,148.0,154.0,223.0,320.0
908,no parking,214.0,159.0,296.0,255.0
909,stop,206.0,114.0,244.0,198.0
91,no stopping,73.0,68.0,142.0,159.0
910,maximum speed 40km/h,152.0,239.0,218.0,348.0
910,bumps in the road,138.0,49.0,236.0,196.0
911,stop,237.0,113.0,271.0,194.0
912,stop,366.0,153.0,395.0,183.0
913,stop,166.0,134.0,280.0,279.0
914,maximum speed 30km/h,251.0,205.0,305.0,258.0
914,bumps in the road,241.0,140.0,314.0,204.0
915,no large goods,355.0,192.0,414.0,258.0
915,no parking,371.0,267.0,400.0,300.0
916,no entry,388.0,135.0,448.0,209.0
917,no entry,235.0,137.0,266.0,178.0
918,keep right,25.0,88.0,140.0,237.0
919,stop,339.0,157.0,416.0,236.0
92,restricted vehicular access,86.0,74.0,128.0,130.0
920,stop,93.0,157.0,103.0,173.0
920,maximum speed 30km/h,271.0,196.0,325.0,250.0
920,bumps in the road,261.0,104.0,335.0,173.0
921,two-way traffic,236.0,69.0,389.0,200.0
921,maximum speed 30km/h,265.0,201.0,368.0,312.0
922,roundabout,199.0,228.0,283.0,311.0
922,roundabout,54.0,227.0,94.0,267.0
922,give way,58.0,172.0,75.0,225.0
922,give way,182.0,123.0,297.0,228.0
923,roundabout,75.0,150.0,96.0,173.0
923,roundabout,384.0,147.0,447.0,214.0
923,give way,76.0,119.0,89.0,146.0
923,give way,371.0,63.0,460.0,148.0
924,give way,161.0,287.0,168.0,299.0
924,give way,259.0,105.0,408.0,268.0
924,roundabout,272.0,268.0,384.0,400.0
924,roundabout,160.0,300.0,168.0,310.0
925,keep right,42.0,173.0,94.0,223.0
926,roundabout,384.0,158.0,400.0,178.0
926,give way,379.0,133.0,406.0,158.0
926,keep right,108.0,199.0,124.0,225.0
927,roundabout,334.0,174.0,375.0,219.0
927,give way,329.0,118.0,386.0,175.0
928,no entry,382.0,120.0,433.0,172.0
929,stop,216.0,90.0,349.0,233.0
93,no stopping,97.0,59.0,128.0,95.0
93,parking place,96.0,118.0,133.0,156.0
930,maximum speed 30km/h,108.0,225.0,124.0,241.0
930,maximum speed 20km/h,66.0,213.0,76.0,222.0
930,road works,413.0,311.0,474.0,380.0
930,maximum speed 10 km/h,43.0,208.0,50.0,214.0
930,other,33.0,204.0,42.0,212.0
931,maximum speed 30km/h,410.0,320.0,455.0,373.0
931,maximum speed 20km/h,133.0,226.0,150.0,242.0
931,maximum speed 10 km/h,78.0,210.0,88.0,219.0
931,other,60.0,203.0,70.0,211.0
932,maximum speed 20km/h,388.0,119.0,428.0,164.0
932,maximum speed 10 km/h,171.0,37.0,187.0,53.0
932,other,134.0,20.0,147.0,33.0
933,keep left,203.0,164.0,242.0,228.0
934,keep left,367.0,39.0,384.0,58.0
935,maximum speed 10 km/h,464.0,168.0,503.0,206.0
935,maximum speed 20km/h,446.0,187.0,490.0,229.0
935,road narrows on right,152.0,136.0,187.0,168.0
935,turn left,20.0,123.0,40.0,141.0
936,roundabout,294.0,137.0,343.0,206.0
936,give way,272.0,45.0,368.0,135.0
937,no parking,284.0,123.0,319.0,166.0
937,one-way traffic (right),386.0,144.0,506.0,195.0
938,bumps in the road,282.0,106.0,352.0,169.0
938,maximum speed 30km/h,291.0,170.0,340.0,220.0
939,keep right,302.0,279.0,372.0,394.0
94,no stopping,100.0,100.0,136.0,138.0
940,turn left,67.0,202.0,82.0,217.0
940,road works,194.0,278.0,266.0,346.0
940,road narrows on right,148.0,214.0,178.0,240.0
940,no parking,383.0,63.0,458.0,140.0
941,roundabout,351.0,132.0,396.0,190.0
941,give way,350.0,52.0,406.0,132.0
942,give way,391.0,127.0,424.0,158.0
942,roundabout,393.0,158.0,416.0,182.0
942,keep right,53.0,209.0,86.0,240.0
943,roundabout,231.0,238.0,299.0,372.0
943,give way,223.0,57.0,323.0,238.0
944,roundabout,236.0,168.0,264.0,198.0
945,give way,400.0,165.0,428.0,189.0
945,roundabout,409.0,188.0,415.0,208.0
945,turn right,56.0,226.0,81.0,251.0
946,roundabout,235.0,250.0,325.0,344.0
946,give way,248.0,121.0,321.0,250.0
947,stop,312.0,82.0,373.0,151.0
948,stop,260.0,107.0,310.0,185.0
949,stop,321.0,162.0,363.0,206.0
949,no entry,171.0,196.0,184.0,210.0
949,no entry,1.0,208.0,6.0,223.0
95,no stopping,99.0,93.0,124.0,121.0
95,parking place,98.0,134.0,123.0,161.0
950,no entry,119.0,222.0,136.0,241.0
950,no entry,431.0,197.0,459.0,225.0
951,stop,227.0,165.0,265.0,205.0
952,stop,281.0,182.0,309.0,211.0
952,stop,175.0,184.0,184.0,195.0
952,no parking,375.0,240.0,382.0,252.0
953,turn left,369.0,153.0,406.0,211.0
953,stop,59.0,182.0,73.0,198.0
954,no entry,73.0,137.0,105.0,307.0
955,no entry,356.0,173.0,385.0,243.0
956,turn left,57.0,126.0,113.0,194.0
957,stop,371.0,182.0,439.0,248.0
957,no entry,125.0,190.0,145.0,210.0
958,no entry,178.0,171.0,202.0,223.0
959,no parking,287.0,194.0,318.0,226.0
959,one-way traffic (left),265.0,153.0,334.0,182.0
96,no parking,81.0,61.0,126.0,111.0
960,other danger,219.0,37.0,336.0,145.0
961,stop,164.0,67.0,196.0,145.0
962,no parking,275.0,175.0,300.0,205.0
963,no stopping,229.0,110.0,296.0,188.0
964,no entry,49.0,147.0,78.0,181.0
964,no entry,452.0,98.0,498.0,144.0
965,no parking,158.0,339.0,217.0,398.0
966,no parking,122.0,232.0,187.0,297.0
966,one-way traffic (right),44.0,95.0,239.0,168.0
967,one-way traffic (right),334.0,207.0,365.0,219.0
967,stop,265.0,202.0,309.0,246.0
967,drive straight or turn right,266.0,246.0,310.0,290.0
967,no parking,65.0,227.0,71.0,235.0
968,no parking,204.0,153.0,236.0,201.0
968,parking place,201.0,208.0,216.0,228.0
969,no entry,209.0,135.0,336.0,337.0
97,no parking,94.0,70.0,128.0,152.0
970,no entry,113.0,64.0,177.0,130.0
971,no parking,147.0,188.0,181.0,221.0
972,no parking,205.0,210.0,271.0,277.0
973,turn left,293.0,83.0,427.0,271.0
974,turn left,397.0,317.0,464.0,406.0
975,no parking,111.0,93.0,131.0,114.0
975,parking place,113.0,117.0,121.0,127.0
975,no parking,339.0,125.0,345.0,133.0
976,no parking,167.0,136.0,238.0,222.0
977,no entry,271.0,158.0,304.0,197.0
978,no entry,411.0,128.0,476.0,208.0
979,parking place,356.0,123.0,411.0,179.0
98,no entry,108.0,72.0,133.0,146.0
980,no entry,442.0,211.0,463.0,243.0
980,stop,267.0,228.0,279.0,247.0
980,turn right,67.0,231.0,73.0,250.0
981,turn right,131.0,193.0,156.0,219.0
981,turn right,405.0,195.0,422.0,212.0
981,stop,422.0,184.0,443.0,206.0
981,no parking,33.0,136.0,55.0,159.0
981,parking place,32.0,162.0,42.0,172.0
982,stop,335.0,148.0,382.0,196.0
982,turn right,228.0,179.0,254.0,206.0
983,turn right,35.0,267.0,174.0,422.0
984,no parking,461.0,155.0,479.0,179.0
984,drive straight or turn right,92.0,178.0,106.0,193.0
984,keep right,73.0,208.0,79.0,218.0
985,drive straight or turn right,404.0,222.0,443.0,263.0
985,keep right,328.0,282.0,340.0,301.0
985,no entry,119.0,220.0,134.0,240.0
986,keep right,259.0,179.0,306.0,241.0
987,no entry,362.0,76.0,406.0,257.0
988,no entry,278.0,141.0,386.0,253.0
989,one-way traffic (right),351.0,184.0,392.0,197.0
989,two-way traffic,351.0,148.0,392.0,183.0
99,no stopping,78.0,76.0,139.0,141.0
990,no entry,260.0,184.0,329.0,260.0
991,parking place,427.0,198.0,455.0,236.0
991,parking place,84.0,239.0,93.0,247.0
991,parking place,44.0,231.0,53.0,239.0
992,parking place,382.0,97.0,418.0,135.0
992,parking place,101.0,84.0,129.0,113.0
993,no entry,358.0,214.0,407.0,271.0
994,no parking,252.0,174.0,285.0,243.0
995,no entry,232.0,121.0,251.0,143.0
995,stop,354.0,97.0,375.0,119.0
996,parking place,460.0,194.0,512.0,247.0
996,parking place,45.0,253.0,55.0,263.0
997,no entry,338.0,150.0,487.0,303.0
997,no entry,28.0,162.0,60.0,192.0
998,no entry,315.0,124.0,380.0,193.0
998,no parking,134.0,179.0,153.0,217.0
999,no entry,327.0,158.0,359.0,193.0
999,no entry,68.0,199.0,75.0,207.0
